#{"t_start": 1774925551.683605, "env_id": null}
r,l,t
-0.003968,38,0.180725
-0.720283,165,0.315088
-0.385185,44,0.350866
3.65549,448,0.94979
3.304444,184,1.267607
2.062694,219,1.543693
4.414193,368,2.009147
2.535,582,2.512563
1.9875,68,3.251192
-0.164488,36,3.281682
-0.311149,38,3.312136
0.592449,562,3.926399
1.201166,254,4.198158
4.275943,235,4.443202
0.253678,172,4.589717
2.326957,144,4.731433
4.470309,120,4.899422
3.614,273,5.157436
1.10335,420,6.503645
1.715,91,6.591285
3.34875,234,6.987317
1.673636,63,7.045034
-0.120425,319,7.364914
1.807068,382,7.779158
-0.259197,26,7.804597
-0.840765,162,7.930914
-0.441011,175,8.06606
3.227576,160,8.248132
-0.296658,76,8.308142
5.863886,566,9.752892
4.590312,718,10.473088
3.5,160,10.668765
-0.591739,78,10.730276
1.946667,76,10.859202
-0.254188,124,10.977803
6.667201,425,12.02247
-0.471747,213,12.212306
2.768871,350,12.624969
-0.111234,80,12.698964
2.376818,151,12.889588
3.453261,75,12.968393
0.800275,253,13.404586
-0.39204,114,13.49749
2.125625,75,13.637247
-0.71461,96,13.703768
4.418485,100,13.820755
-0.016426,95,13.945302
-0.494664,141,14.097248
2.51,115,14.23506
2.510952,71,14.312919
3.357188,149,15.003362
2.197143,124,15.098705
3.3675,78,15.163804
1.004429,347,15.555399
0.239342,52,15.616017
5.431347,216,15.933179
-0.706739,166,16.096898
0.038494,62,16.165922
1.759699,441,16.574957
9.25,648,17.816197
4.829556,665,18.627837
6.311765,574,19.195115
2.439091,75,19.259232
2.964129,439,19.627058
0.219186,64,19.686234
-0.012,1,19.688451
10.715447,1068,21.662105
-0.235695,167,21.799502
-0.043275,137,22.054915
-0.409692,60,22.147699
2.566979,87,22.248457
10.784828,1436,24.573923
5.567826,438,25.061311
2.144375,69,25.122929
0.713148,234,25.309405
2.70913,97,25.415453
1.669162,355,25.771261
2.693148,512,26.823411
1.616667,33,26.851747
1.325713,446,27.300209
0.965606,321,27.584986
5.953771,833,29.477212
3.740219,128,29.621566
0.296893,189,29.761146
2.026667,76,29.83068
3.534688,189,30.057789
2.441875,89,30.190984
2.608947,84,30.264882
-0.053415,38,30.297407
3.276875,130,30.516201
3.227188,149,30.68349
1.191575,166,30.867906
2.028248,103,30.954162
1.698333,82,31.016966
2.162307,361,31.353978
4.075159,717,32.679931
0.35289,69,32.751999
17.325174,1095,34.426271
7.679827,401,35.362212
-0.139116,78,35.440678
-0.19501,357,35.780046
0.598823,245,36.002407
2.11,80,36.080143
2.978571,177,36.272819
2.592179,1070,37.206302
3.45927,157,37.892686
2.251765,64,37.962316
1.026558,144,38.085626
-0.299447,46,38.135346
3.990097,169,38.362581
4.010292,210,38.633534
0.171756,69,38.683708
2.726522,89,38.767187
2.155748,139,38.884316
0.498989,217,39.062904
0.227241,157,39.210057
5.332322,987,41.005936
3.759375,122,41.15372
2.549091,128,41.278804
2.226667,112,41.375124
1.723636,52,41.418593
4.280436,371,41.830077
2.862054,86,41.921045
3.945882,508,42.366193
4.472845,248,42.597981
8.986167,617,43.996883
2.858095,89,44.080637
0.259347,65,44.141166
2.32375,98,44.233565
7.948291,376,44.630338
4.427179,127,44.801882
2.160118,94,44.886024
0.249621,534,45.372817
1.985714,60,45.428099
4.84,112,46.128581
0.448284,92,46.209257
2.100807,202,46.401052
1.892144,223,46.601852
-0.094389,17,46.619805
-0.1078,60,46.667784
1.288163,184,46.824624
-0.178376,41,46.863392
3.03546,290,47.159215
3.234098,102,47.266459
-0.866025,242,47.473124
1.854694,216,47.668135
3.569118,157,47.845243
1.019418,278,48.724223
1.72358,337,49.070549
2.225882,236,49.306678
3.699887,328,49.606276
2.822,89,49.700255
2.494444,92,49.782294
3.028571,240,50.0303
0.906276,227,50.242544
11.987909,1402,52.123092
1.740421,181,52.304985
3.768333,138,52.488384
4.378519,422,52.940196
0.898282,269,53.66895
3.967436,486,54.225152
2.71,153,54.360064
0.139964,122,54.464926
1.649203,105,54.556581
-0.487015,100,54.632218
3.173484,488,55.181905
-7.088402,2000,57.011936
0.777131,198,57.275736
-0.235873,56,57.318272
2.126154,92,57.391288
4.756641,571,58.627653
0.259336,222,58.8467
0.714161,192,59.054171
8.729922,684,59.702754
3.565791,325,60.060042
1.178886,226,60.333813
5.707732,959,62.038188
2.202444,423,62.510173
2.35097,392,62.938575
-0.116628,34,62.971284
1.339231,203,63.152952
1.732533,132,63.339856
2.261667,93,64.066277
5.347022,449,64.585267
1.89,93,64.681576
1.921429,78,64.759885
2.207623,68,64.825973
0.03294,92,64.904861
2.711818,162,65.075801
2.674167,122,65.203252
2.552941,67,65.271024
3.165789,51,65.320622
1.263125,351,65.636414
3.820603,460,66.732266
3.544483,96,66.861967
1.677142,292,67.307929
3.801481,118,67.507055
1.737526,154,67.713487
1.635833,97,67.860236
3.525313,163,68.088824
4.625191,254,68.555942
1.091051,211,68.753023
0.137297,322,69.019763
0.621207,123,69.137864
3.072049,92,69.242646
2.529412,75,69.308539
0.709401,306,70.23746
0.729496,222,70.508817
11.868914,546,71.193765
0.528342,41,71.238577
1.754286,80,71.315783
4.772597,143,71.547445
-0.437663,129,71.651861
5.391555,169,71.791962
1.1,418,72.119399
3.295474,489,73.509246
4.664517,94,73.657409
-0.186,13,73.683455
2.106364,36,73.737352
1.831667,50,73.841805
3.265294,209,74.089158
2.340008,704,75.025928
1.611009,191,75.309073
1.638873,74,75.405318
3.788462,279,76.520577
2.96,168,76.703504
3.52,132,76.844453
2.063333,65,76.932377
2.3825,87,77.040415
4.245404,777,78.225707
1.60805,325,78.678335
0.389999,316,79.071237
0.704611,53,79.118372
1.295,229,79.864203
0.049227,48,79.910847
2.61626,302,80.32433
4.538163,314,80.982587
2.441875,73,81.047996
0.067305,111,81.323145
6.600345,614,82.300622
2.739412,109,82.481389
0.21164,112,82.636364
2.708054,148,82.915544
-0.358235,13,82.936222
2.87875,170,84.094286
2.874762,82,84.25801
2.106875,81,84.341929
3.0,120,84.47459
1.566667,152,84.629249
3.288,91,84.767769
2.626364,94,84.874953
0.262319,35,84.910455
2.535294,73,84.980934
3.692581,110,85.123839
-0.079667,36,85.154785
3.010107,208,85.413704
0.003966,79,85.491818
3.903291,172,85.733035
2.689565,106,85.859037
3.184813,198,86.10332
3.298846,89,86.258019
0.655488,74,86.345646
3.608333,109,86.538978
-0.312107,89,87.234729
2.304047,103,87.337282
2.066667,64,87.425521
0.950468,543,88.253023
2.95087,409,88.78362
2.691739,105,88.953543
4.523333,110,89.099215
4.655129,437,90.037991
1.148382,167,90.237555
2.97858,140,91.149648
2.194375,53,91.198087
2.555,402,91.584796
0.505108,132,91.782079
2.161053,106,91.893704
0.249964,147,92.057094
3.385,294,92.391041
0.114253,73,92.454598
4.504918,167,92.677275
8.565107,973,94.423344
4.342564,193,94.737982
-3.908602,2000,96.644011
-0.556114,326,97.119555
-0.036393,74,97.167726
3.905,272,97.435124
1.371893,172,97.617122
0.348989,106,97.700636
-5.03598,2000,99.597162
1.726667,104,99.716327
0.907706,252,99.975354
2.854091,95,100.06293
2.216595,203,100.837718
2.4575,89,100.923716
2.056875,97,101.014489
2.1175,273,101.330561
3.525517,107,101.463185
3.92931,99,101.574038
3.574876,276,101.905186
1.42,92,101.981856
0.995455,210,102.160981
6.588342,386,102.645104
2.943873,356,103.051631
1.118076,70,103.637717
1.798333,58,103.684671
0.997692,687,104.300609
4.154141,438,104.774235
1.257366,44,104.814328
2.1275,356,105.113659
2.785,82,105.194318
2.412054,176,105.420487
1.077487,103,105.535613
0.119621,51,106.19154
1.96,96,106.264496
1.982143,61,106.312512
-0.133198,40,106.354847
0.267812,152,106.487243
3.944643,171,106.700407
2.141086,390,107.150504
1.89125,150,107.287344
-0.161804,9,107.298111
4.03,90,107.402676
2.48,600,108.016722
2.576998,209,108.20506
0.667514,223,109.049372
2.635882,66,109.108236
-0.167804,7,109.11778
1.80086,88,109.214621
2.389913,315,109.537347
2.339444,65,109.605036
3.332813,395,110.030462
2.53619,94,110.125425
2.170625,99,110.214632
3.983088,305,110.645672
1.021036,236,110.854091
2.086667,58,110.916209
4.341053,220,111.593156
4.202222,69,111.658041
0.008723,71,111.72238
1.032034,197,111.999787
0.688477,119,112.207818
0.556675,132,112.321013
-0.512551,122,112.413536
3.972456,480,113.046485
2.142941,101,113.131855
1.858151,63,113.182983
0.348713,93,113.276115
2.188125,55,113.331632
3.922966,633,114.596186
1.083939,34,114.622415
2.728696,88,114.709612
0.817364,114,114.833721
0.6536,202,115.050049
1.759984,282,115.308122
-0.182136,70,115.37055
1.581187,364,115.801017
0.993028,309,116.103267
4.307436,158,116.321066
3.044939,230,116.614829
2.610476,193,117.354378
1.069295,297,117.612202
2.047273,49,117.658568
3.451481,118,117.844239
1.707006,231,118.27263
4.504545,96,118.426299
0.253284,90,118.540404
0.178088,151,118.809388
1.012323,102,118.936074
0.87535,387,119.273804
3.353571,110,119.393693
0.804882,282,120.139224
3.488148,325,120.428671
3.208621,111,120.5821
4.35,102,120.767562
1.903439,429,121.25369
-0.026843,165,121.471955
0.734369,198,121.692385
2.502857,108,121.799815
2.465,165,121.981719
2.259091,207,122.158506
0.587667,345,123.165853
2.013333,80,123.234344
3.006667,284,123.632973
1.792857,114,123.736084
0.646858,85,123.80162
0.34796,42,123.836854
-0.093976,83,123.911491
4.521212,85,124.028488
4.395714,129,124.175539
-0.104593,44,124.215519
2.674,203,124.457064
3.359815,347,124.887366
0.668596,49,124.936042
-0.033732,30,124.960084
2.245,222,125.186819
2.501429,75,125.27199
2.263529,60,125.330424
2.263571,69,125.965061
3.080714,134,126.117609
2.398261,240,126.361646
-0.198649,19,126.382826
0.069949,166,126.515282
3.201871,490,127.137793
0.515365,112,127.242067
2.649091,84,127.333935
1.8925,188,127.512547
2.5625,210,127.737751
3.160331,147,127.909998
3.661429,153,128.093112
3.4225,376,129.046322
0.794194,157,129.219974
3.27963,146,129.378663
1.745303,86,129.543291
0.160372,33,129.598012
2.443559,371,129.997909
4.554865,137,130.168207
2.70125,177,130.332081
1.5373,226,130.533883
3.271357,270,130.853637
2.14125,70,130.915308
2.964642,150,131.680825
-0.085983,217,131.870361
3.939655,93,131.97692
-0.084545,3,131.981973
1.554303,253,132.18273
2.14,90,132.270938
-0.073101,66,132.33845
1.295129,288,132.580913
3.734063,183,132.79919
0.786158,82,132.886133
2.1725,60,132.954176
2.583637,465,133.359763
3.710938,153,134.088918
3.165789,51,134.136227
3.155263,55,134.188456
2.48,80,134.26366
3.800028,200,134.505761
1.660833,91,134.576896
3.403636,60,134.645298
4.155405,144,134.81833
3.771875,114,134.934317
2.446087,218,135.154432
0.933945,401,135.631484
3.036667,266,135.996551
1.744393,327,136.331017
2.79375,99,136.960087
3.288333,115,137.085863
0.289717,42,137.121569
-0.00383,355,137.433597
2.260625,131,137.535161
2.992054,101,137.664512
0.244102,114,137.790033
-0.00206,26,137.81135
-0.019228,20,137.83088
0.846244,132,137.973263
3.088803,161,138.163097
2.237692,50,138.207077
0.957007,215,138.435188
1.56,256,138.749159
3.7875,104,138.881247
3.611667,107,139.021972
1.877692,63,139.656475
2.119231,125,139.780735
3.50927,99,139.905138
0.30926,188,140.119904
0.225588,87,140.229002
3.206,92,140.32849
-0.372139,145,140.441327
4.168919,134,140.641604
2.464095,209,140.885176
0.312767,131,141.007759
0.189325,89,141.129127
3.959633,648,141.934255
0.657311,176,143.119269
1.922662,74,143.192834
2.610606,213,143.459317
3.874583,65,143.531437
5.903616,558,144.033821
2.313973,170,144.199769
-0.490193,197,144.36536
2.872381,83,144.44521
1.614498,181,144.615899
2.564762,250,144.867588
3.745313,131,145.034603
-0.00049,25,145.066349
3.433704,106,145.884412
1.8775,39,145.920776
1.3,116,146.027464
-0.197313,15,146.040301
2.256471,144,146.166155
3.8175,136,146.361009
1.730941,501,146.840969
3.581786,111,146.968912
5.077219,226,147.242877
-0.453239,140,147.366524
0.819699,145,147.524933
1.385,99,147.667439
3.167809,73,147.77578
2.14125,70,147.908499
1.853077,150,148.704897
-0.126892,77,148.754547
2.940625,230,149.051151
3.22069,104,149.17298
0.278613,62,149.274565
2.928333,325,149.652987
2.69807,111,149.772471
2.898,91,149.877879
3.415,144,150.068486
3.457188,117,150.249993
2.229887,218,150.507232
0.099724,97,150.610578
2.365887,135,150.85418
2.824167,118,150.993754
0.835766,149,151.1696
5.43375,189,152.026542
-0.023512,60,152.089632
2.5175,65,152.14732
2.045721,259,152.45056
2.595714,69,152.532307
2.2975,121,152.653461
0.406855,234,152.845625
2.644503,106,152.988502
1.919412,177,153.188216
2.702609,100,153.29087
3.275,123,153.443285
0.186186,33,153.474033
2.7925,75,153.633283
2.835862,420,154.148079
2.868,106,154.780588
2.576667,77,154.849036
-0.073197,13,154.861783
4.52,120,155.021618
1.854444,236,155.238067
2.02375,82,155.313252
4.83875,113,155.467766
3.744722,155,155.653006
1.6673,207,155.84214
1.870791,171,156.002955
2.0225,263,156.257616
4.290541,155,156.499079
2.14125,70,156.564104
1.79,60,156.626602
1.594444,37,156.656551
2.867194,655,157.7738
2.087778,152,157.899238
2.267456,343,158.192188
1.626667,60,158.264961
2.180789,182,158.438392
3.262196,180,158.656697
3.967857,74,158.745612
1.705075,449,159.152666
2.708678,298,160.204013
1.637857,247,160.443269
3.818048,189,160.703036
2.335,49,160.764384
3.472188,357,161.179193
3.641667,89,161.28887
1.954211,291,161.563533
2.266471,59,161.616821
1.867222,235,161.799305
2.213522,484,162.875501
3.302692,87,162.980697
-8.006525,2000,164.59162
0.365028,88,164.663467
2.553125,63,164.715593
2.675789,89,164.796162
3.322,109,164.89955
3.447813,123,165.031409
1.405,95,165.107578
2.361042,191,165.326078
2.131426,222,165.531969
-0.02956,69,165.59274
-0.24,32,165.623965
2.086667,58,165.77109
1.59,90,165.868817
2.426316,66,165.934135
4.02,144,166.146116
1.446667,200,166.299229
2.003571,55,166.347551
2.076667,61,166.406021
1.703571,139,166.546691
2.025,49,166.595946
3.465,112,167.192879
2.655909,81,167.267567
1.943213,214,167.444624
2.454119,205,167.681062
2.543913,173,167.842609
1.564545,87,167.928373
0.477072,127,168.100117
4.11,136,168.295402
4.11625,92,168.414963
3.799259,76,168.511716
2.684063,343,169.021111
2.089932,206,169.230032
4.332727,150,169.4004
4.04625,187,170.276296
0.004587,21,170.305307
2.663636,214,170.497201
1.94137,381,170.899807
1.741818,48,170.944264
0.716931,50,171.01158
2.38,120,171.142365
2.853043,178,171.304691
1.098125,455,171.70462
0.359975,34,171.737322
1.922037,171,171.901926
0.79111,383,173.042365
1.663077,150,173.160537
3.866364,108,173.284008
3.792188,101,173.423356
0.493339,77,173.492491
3.35531,192,173.747667
2.58087,156,173.935966
2.562,259,174.189734
3.554828,90,174.288855
1.984118,155,174.409498
1.818529,87,174.510356
1.883889,229,174.746382
0.849365,100,174.843037
-0.100968,24,174.868639
2.836,122,175.039041
2.214054,175,175.906127
2.300556,79,175.986917
2.013125,111,176.107837
2.26996,406,176.545275
3.914737,156,176.776342
2.908621,285,177.106435
2.131875,73,177.186135
2.548095,89,177.277009
2.01,81,177.355838
2.116667,266,177.621961
1.86,126,177.731931
0.773699,210,177.951568
1.102739,165,178.557117
2.512381,104,178.683343
3.104225,280,179.031518
3.570938,345,179.425782
-0.016301,40,179.455745
0.69046,130,179.604962
1.046684,100,179.716711
3.691875,114,179.846868
2.04,72,179.91326
-1.232107,509,180.328985
1.036674,155,180.502695
2.906,87,180.590345
1.408462,185,181.294755
0.714642,63,181.342922
3.932759,97,181.439677
3.937931,94,181.544797
2.973972,398,181.993693
-3.378066,2000,184.041434
-4.088066,2000,185.995665
2.934643,171,186.161636
4.81,136,186.3496
3.1125,75,186.420665
4.413847,142,186.614246
2.088668,238,186.823592
4.854595,448,187.369963
1.728571,366,188.28685
4.469697,119,188.414816
2.563478,164,188.585048
2.640353,211,188.835987
2.156875,65,188.894091
4.234336,263,189.244107
2.945238,86,189.324315
3.692581,110,189.454917
3.905833,50,189.584669
2.543333,91,189.669655
2.382,309,189.960825
3.889655,209,190.183877
1.971429,64,190.245665
3.764063,215,191.057106
3.181034,127,191.199409
2.08,60,191.258532
0.184414,130,191.411569
3.926667,104,191.560752
2.079091,75,191.618841
3.208621,111,191.7483
1.983889,193,191.94297
2.112144,279,192.272877
3.397241,135,192.425483
2.2775,161,192.620928
2.269565,520,193.716982
1.061893,52,193.760555
-0.226667,16,193.772416
1.710714,137,193.927235
5.77,384,194.464512
4.472162,139,194.651168
0.729432,134,194.834776
3.604412,133,195.014046
2.140476,256,195.264347
2.005791,229,195.521636
2.237059,69,195.59519
-0.160796,60,195.64838
2.602857,66,195.731901
2.81619,73,195.808925
4.568378,127,196.000031
2.235789,165,196.836661
2.432353,108,196.935017
1.173636,173,197.088128
2.212521,231,197.33569
2.19,152,197.470566
2.824462,211,197.748467
2.090482,214,197.9671
-1.654964,317,198.235854
1.511111,52,198.291506
2.965107,293,198.687685
2.783333,104,198.803253
1.595,41,198.84659
3.475714,227,199.772189
1.645455,78,199.841447
2.202727,276,200.124489
1.49125,278,200.385299
3.33279,97,200.485488
-0.895792,267,200.751823
0.691617,115,200.840857
3.594118,140,200.992383
2.891429,75,201.057853
3.7875,104,201.195647
2.336667,66,201.267374
3.843636,123,201.420837
0.164496,51,201.475513
1.615,53,201.529929
3.348148,109,201.639746
2.4925,139,201.777511
0.12796,66,202.331913
1.2775,183,202.484756
3.017391,422,202.988257
3.507879,140,203.16527
3.665,471,203.736188
1.619091,75,203.795433
1.007135,264,204.10112
4.124844,209,204.51844
-0.11961,25,204.55476
3.360625,166,204.785244
4.174915,362,206.107064
2.666,207,206.301851
2.643889,67,206.368477
4.386154,159,206.607382
3.583824,147,206.808316
1.710714,137,206.954156
-0.088832,59,207.096867
3.424444,111,207.261118
2.387029,161,207.43295
2.557619,85,207.524232
4.8325,118,207.800067
2.586087,149,208.06926
2.264762,208,208.345421
2.275556,88,208.461725
3.02099,255,210.479037
1.182127,151,210.683549
3.932759,97,210.943167
-0.13,17,210.971902
1.56673,333,211.409775
2.254464,87,211.521337
-0.371918,108,211.628373
3.032,179,211.845162
1.49,132,211.979539
3.755262,608,212.808711
2.842,119,213.785076
2.754737,59,213.880893
0.759846,42,213.969561
2.706957,98,214.135617
2.066667,64,214.248719
-0.019501,33,214.345134
0.444065,80,214.430804
2.052381,293,214.69446
2.06,66,214.784936
-0.089628,15,214.808509
3.244167,70,214.890329
2.013125,111,215.013709
2.333889,67,215.088045
3.687143,135,215.258421
3.125,70,215.349117
2.642273,87,215.450841
0.734589,199,215.738817
2.836,122,215.865985
1.691887,352,216.243139
2.103333,53,216.295201
3.292616,280,217.281274
1.84125,166,217.454355
2.7975,77,217.542426
2.12875,74,217.615679
3.447304,215,217.839351
3.35375,196,218.073437
3.622059,121,218.235331
1.3725,316,218.509041
3.804063,247,218.890804
1.8,144,219.018429
1.738026,221,219.251664
8.820748,1414,221.72826
2.738462,292,222.018737
0.851496,303,222.307854
2.912,84,222.98723
4.348529,103,223.126794
1.66685,99,223.222951
1.419756,243,223.490103
3.086071,131,223.63713
2.101818,37,223.670735
3.38,153,223.821913
3.967201,164,224.046931
1.674974,346,224.412803
3.741328,240,224.814016
3.034348,90,224.917344
3.032727,447,226.033327
3.823939,136,226.182592
0.286675,90,226.268184
0.929758,262,226.505031
-0.124367,30,226.528871
2.635455,90,226.685526
0.632807,96,226.781374
-0.038181,91,226.870313
2.544142,98,226.96938
-0.21204,57,227.04704
2.434186,407,227.527065
2.96037,151,227.70387
1.323846,207,227.867576
3.179583,101,227.96399
2.038054,298,228.953225
1.399415,177,229.124617
2.5,72,229.198275
0.771893,110,229.30309
3.7925,152,229.478865
1.423636,118,229.566903
2.621818,96,229.677934
2.338931,746,230.673036
1.644167,95,230.781702
2.922632,113,230.902861
2.698261,355,231.69791
2.267143,68,231.778565
1.795791,105,231.878171
3.493462,253,232.174724
1.346558,132,232.298198
1.371429,232,232.597844
0.842158,54,232.670174
1.625789,279,232.922986
3.612857,187,233.153687
2.665517,426,233.634518
3.619118,123,233.792444
4.175075,428,234.811752
2.05,69,234.882333
2.3825,92,234.983436
3.173103,381,235.440068
-0.108515,34,235.487258
3.56427,151,235.687977
4.320735,737,236.562382
2.615909,169,236.765823
2.171429,243,237.527156
2.863214,211,237.750388
4.031667,89,237.842449
1.533077,150,237.955874
2.083636,41,237.98975
3.476875,98,238.101145
0.476979,149,238.209407
2.084118,121,238.311334
2.275294,56,238.362981
1.451429,344,238.686058
2.72,92,238.78307
1.971429,64,238.844395
0.257136,161,239.045195
2.754783,76,239.124104
0.625945,178,239.30307
1.481415,203,240.116733
2.947196,89,240.217556
3.056071,103,240.330916
1.229534,199,240.636904
2.67,168,240.834962
3.548125,462,241.375335
1.561111,43,241.436071
2.531481,415,241.896546
3.01,252,242.183023
3.86125,108,242.323076
1.685,39,242.360386
1.400163,180,243.102486
1.657623,68,243.168585
2.04,72,243.242564
2.898,91,243.35549
3.962069,80,243.460255
1.495455,100,243.615268
4.669535,138,243.847641
5.082857,82,243.952653
1.908484,438,244.440858
3.45875,116,244.581137
0.635651,268,244.840513
-0.293901,226,245.041159
2.770741,248,245.861924
2.89381,74,245.947013
3.900054,387,246.395493
2.656856,257,246.695067
1.806875,177,246.844268
1.644393,111,246.94784
0.3864,49,246.994894
0.178666,271,247.304161
0.162275,46,247.347776
0.860495,323,247.712126
1.7225,204,247.909025
2.992857,66,247.984315
2.216471,76,248.573674
3.405945,436,249.09988
5.57978,388,249.721859
3.460634,193,249.944939
2.421053,68,250.00663
2.208163,392,250.445761
0.953603,82,250.528706
0.538984,232,250.762837
2.165,261,251.567789
1.928571,76,251.631501
2.057739,247,251.867423
3.335152,254,252.168358
1.933826,212,252.395465
2.008182,73,252.460511
0.074404,48,252.519128
3.046552,105,252.644896
3.468125,110,252.78431
2.888846,141,252.980008
3.866364,108,253.10441
2.157895,168,253.252642
1.14,146,253.401017
2.213333,128,253.662487
1.823603,349,254.5429
-4.35947,2000,256.540862
2.03317,244,256.750978
3.628925,279,257.017921
3.599393,313,257.336453
1.178453,253,257.578917
1.646667,190,257.749452
2.552857,87,257.857758
4.1225,88,257.973804
3.078621,140,258.137803
2.771765,183,258.318236
2.45125,70,258.385107
1.572727,83,258.453056
2.138182,29,259.128602
0.470511,138,259.304
0.506725,60,259.387575
2.051765,132,259.507097
1.6975,340,259.788638
2.124286,108,259.908846
0.64577,102,259.992427
-0.037507,58,260.055606
5.170938,692,260.837183
2.79599,408,261.809582
3.433125,126,261.941342
2.096667,55,261.988191
0.111012,60,262.045745
1.9085,361,262.435143
3.172963,101,262.557289
2.588571,72,262.66423
2.546818,129,262.797207
2.801795,157,262.970756
2.272353,57,263.046608
-0.112192,21,263.066668
3.210833,86,263.160595
0.368297,103,263.248993
0.484029,71,263.313197
3.06996,319,263.708393
1.416923,266,263.945111
4.193243,116,264.601454
3.184211,44,264.641922
4.375,172,264.876561
3.47427,151,265.048795
1.805,350,265.419698
3.268333,535,266.068228
1.964286,66,266.127607
1.843291,214,266.317375
3.613333,106,266.456959
2.615,99,266.558227
2.14,102,266.659425
2.069375,93,266.749366
2.722174,91,267.419628
3.465,112,267.57063
1.275741,197,267.878366
1.176702,186,268.12572
22.594642,1390,270.251802
2.57375,339,271.116357
3.375152,221,271.472139
4.461622,206,271.751889
2.95057,104,271.872994
2.835,62,271.956189
3.466081,198,272.249519
-0.455468,337,272.509293
2.392976,281,272.997553
2.581429,75,273.087514
1.155,145,273.202603
3.458125,174,273.423099
1.204694,57,274.043503
0.9866,169,274.183774
1.697933,394,274.824135
0.912813,145,275.022015
2.340791,143,275.217131
1.200651,106,275.320417
2.727143,144,275.462165
0.736996,135,275.647613
3.773438,113,275.811521
2.15,212,276.026275
2.750435,78,276.11278
2.308824,150,276.280055
2.050625,99,276.372625
2.764643,311,277.269341
1.060833,235,277.449436
4.250124,665,278.302533
2.276957,259,278.578612
2.36,168,278.805048
4.449189,156,279.043525
1.787857,93,279.137057
1.469567,184,279.337073
4.098797,541,281.358735
0.3147,80,281.453439
2.576667,77,281.546742
2.095,153,281.691438
2.448125,71,281.757152
2.218288,240,281.986606
1.194437,197,282.2017
2.3375,137,282.334049
2.842632,56,282.386223
3.281176,516,283.017955
2.014286,52,283.07075
1.131893,38,283.104712
3.789063,103,283.775316
1.775605,521,284.444659
2.423684,67,284.547214
4.700233,146,284.772223
0.612943,62,284.837265
2.281905,268,285.087669
-0.509866,100,285.175001
1.65,189,285.345819
2.89,95,285.444784
0.594499,67,285.531484
1.325596,125,285.635264
4.669535,138,285.892211
7.736971,759,287.184391
3.699497,203,287.450097
1.686667,178,287.610447
2.678048,869,288.807649
-0.22456,83,288.882524
3.100313,179,289.824796
0.257309,62,289.876549
3.68983,487,290.435827
0.240631,176,290.60735
2.374091,205,290.818515
3.07963,254,291.085388
2.335,49,291.135407
1.917142,162,291.29495
2.71,76,291.376122
1.259167,149,291.514123
-0.139777,57,291.688755
0.759242,191,291.955382
-0.145594,74,292.030746
3.12129,582,293.307677
2.073333,62,293.366343
0.122376,71,293.467521
1.506105,181,293.676297
2.822813,331,294.080038
-0.118637,129,294.192004
-0.951116,185,294.334909
3.705556,348,294.715187
3.303333,106,294.857782
1.601373,86,294.943113
2.257647,62,295.626676
3.627941,117,295.778883
1.469167,137,295.905264
3.278333,121,296.06856
0.210311,59,296.131093
3.804444,112,296.280039
3.385185,89,296.405559
1.165608,28,296.438561
1.785,184,296.613591
2.91,85,296.707364
3.861818,111,296.865422
3.83303,130,297.044072
5.094286,74,297.143134
1.044681,281,297.495906
3.311379,121,297.638154
2.03,75,297.702391
1.573273,214,297.906212
3.22069,104,298.591543
3.441563,127,298.76699
2.282941,186,298.954847
1.066667,132,299.046295
0.801232,98,299.159347
0.294798,79,299.259724
2.686,197,299.482987
2.256373,78,299.559795
-0.035925,37,299.588088
2.579048,76,299.672231
2.455217,361,300.065068
2.475,82,300.150418
2.247368,134,300.276478
2.431579,64,300.365606
3.823088,263,300.713238
3.027301,182,301.544258
2.373125,95,301.629108
1.695,35,301.663417
2.637391,130,301.812478
3.160875,622,302.509647
1.756875,193,302.701139
3.160815,373,303.21673
2.22,108,303.328058
1.9175,369,303.786675
4.189189,119,304.481724
1.436998,177,304.646388
1.138889,119,304.755232
2.479375,61,304.824906
3.055625,187,305.017588
2.902,89,305.126864
2.728696,88,305.228045
2.457391,176,305.423115
2.0975,84,305.503578
3.950909,105,305.656397
-0.422594,66,305.709573
1.810791,307,306.006022
2.62,138,306.159961
3.215517,107,306.290224
3.462273,175,306.488159
3.460909,171,307.320391
3.483333,308,307.64115
3.239655,93,307.758696
2.532,274,308.098724
4.50625,131,308.293353
3.951786,83,308.409416
2.475,88,308.504668
0.330484,55,308.564321
1.998095,320,308.882385
3.51,306,309.256536
1.285,119,309.368838
2.185,56,309.446912
1.463895,328,310.448742
2.574091,117,310.565114
2.086262,106,310.675159
2.748261,79,310.775132
3.067368,58,310.851296
2.56,84,310.963398
1.51125,246,311.212471
3.0,66,311.283445
1.523964,238,311.689064
2.808333,92,311.789417
3.720909,204,312.026621
2.256054,154,312.21262
1.473333,136,312.335636
2.402632,75,312.41253
4.866123,349,313.378223
-0.037952,49,313.442956
1.68,40,313.492033
1.110714,305,313.7765
0.643455,140,313.945704
2.924138,276,314.250915
2.27,160,314.435208
2.473125,63,314.495733
2.056667,67,314.558967
1.87375,178,314.711063
1.575,61,314.765128
4.481818,111,314.91331
3.616176,125,315.085095
1.241496,162,315.229082
2.773332,144,315.455158
2.588571,72,316.167034
2.257647,62,316.223761
3.191543,232,316.527263
2.181429,92,316.622742
1.894375,149,316.760726
1.294355,45,316.807904
2.974063,407,317.342796
2.912,84,317.438288
2.42,104,317.555669
2.803163,191,317.787985
2.283981,447,318.367529
1.714142,98,318.466757
2.741739,82,318.642754
3.066392,209,319.443807
4.191111,75,319.522372
2.347778,62,319.581565
3.632353,114,319.759541
1.610833,103,319.864183
1.916429,57,319.92044
2.354444,290,320.208217
4.181724,260,320.514962
1.901999,362,320.968716
3.784444,84,321.059475
2.624091,95,321.154493
3.161339,382,322.225446
1.34,122,322.357104
3.72,93,322.476125
0.356579,80,322.551791
3.942368,135,322.744884
0.041501,42,322.784845
2.688333,51,322.833574
3.278,96,322.974262
3.205789,241,323.202942
3.510938,281,323.52218
3.307188,213,323.802033
1.963125,127,323.91415
2.34,144,324.044781
1.138889,119,324.142233
0.609488,137,324.270077
2.79381,116,324.39511
2.898333,349,325.484702
2.651364,83,325.583313
2.350769,70,325.647897
-0.10163,31,325.685037
3.438571,309,326.087774
1.105556,125,326.209223
2.053333,68,326.293003
2.036667,174,326.463824
1.168163,208,326.673506
3.310385,83,326.781132
2.106875,81,326.861594
2.415789,70,326.936669
-0.446093,87,327.015309
1.996667,85,327.10955
1.29,180,327.255035
2.304783,283,328.407517
2.53381,95,328.507031
2.658784,133,328.686188
2.29375,146,328.833273
2.163158,166,329.231485
3.118048,189,329.485027
2.08,60,329.585481
2.858,111,329.741283
3.8425,120,329.900943
0.727405,222,330.147304
1.613125,239,330.355054
3.171053,49,330.402732
3.97375,301,331.593314
3.285,117,331.728758
3.447166,278,332.109212
3.567188,245,332.419585
4.87375,141,332.667836
4.573291,204,333.025909
3.688571,134,333.247493
2.450054,392,333.757561
3.980769,171,334.014163
0.580034,148,334.195361
0.209145,47,334.253211
1.981217,227,335.025885
4.660233,146,335.300661
2.916,82,335.394675
3.84359,278,335.824073
3.194005,351,336.300683
1.582143,173,336.455159
3.794722,119,336.629626
2.099154,167,336.875455
2.51375,50,336.929478
4.434872,121,337.108951
5.148435,357,337.460521
1.848879,138,338.144422
3.463438,113,338.281807
4.358684,115,338.443322
1.660833,91,338.556494
1.7275,75,338.678042
-0.176667,7,338.697284
0.968235,167,338.89955
2.390952,155,339.090491
3.162069,138,339.291464
-0.112321,51,339.351255
2.790526,72,339.441088
3.654211,354,340.118094
1.4,96,340.207761
1.22,132,340.329048
1.691285,258,340.650301
0.173553,153,340.871719
2.45,92,341.491116
3.408182,58,341.562237
2.588163,476,342.145733
0.709348,115,342.306371
3.6023,395,342.9033
3.539917,307,343.371674
2.48875,58,343.44255
1.468964,325,343.864561
2.169841,151,344.031831
3.43166,243,344.853877
2.440476,277,345.179332
1.996429,57,345.237735
3.410323,285,345.602727
1.297152,180,345.769324
2.665,156,345.946333
3.273333,124,346.125202
1.819791,166,346.294678
2.405909,191,346.500565
3.075,90,346.604587
1.756667,157,346.759968
3.337143,380,347.821336
3.951786,83,347.915687
3.002381,62,347.978455
4.038803,98,348.1029
3.708387,94,348.215488
3.001667,287,348.630066
3.562368,363,349.164013
2.619545,97,349.293107
3.014138,218,349.564157
1.75,192,349.752215
1.066667,132,349.87424
1.75,126,350.016683
2.242941,67,350.092469
1.489167,113,350.803854
2.619545,97,350.931371
3.962069,80,351.163279
1.031559,134,351.296427
2.113333,50,351.346705
5.605313,483,351.93854
2.961538,98,352.069981
2.17875,58,352.167996
-0.429692,84,352.253411
0.99,176,352.428444
4.73375,197,352.785476
0.261386,48,352.835046
3.918684,153,353.040746
2.872857,340,353.433854
1.967304,307,354.388062
2.579048,76,354.474532
2.838,121,354.616445
4.808649,186,354.901126
2.465,86,355.005051
3.515313,227,355.305698
2.594545,108,355.442874
3.703871,103,355.571499
2.562381,83,355.693458
1.998333,159,355.933681
3.825455,135,356.169159
3.096667,230,356.485196
2.297778,80,356.593062
-0.102896,20,356.622381
0.483707,39,356.668192
3.53,330,357.63966
3.55069,133,357.814068
2.5075,69,357.905886
2.321905,184,358.101102
3.779688,109,358.246742
1.99,87,358.358722
0.177547,60,358.444555
2.365238,233,358.700745
1.925294,175,358.870425
3.878462,243,359.255436
3.8725,66,359.332073
4.222593,58,359.420714
1.760928,288,359.825972
1.340596,118,359.937359
1.856875,161,360.68646
3.664737,346,361.247528
2.090476,277,361.546613
2.43,100,361.680648
2.139474,175,361.8613
3.622903,147,362.054661
5.301379,469,362.597445
0.99483,260,362.84355
4.33,208,363.877689
1.598333,106,364.002176
2.185,117,364.157653
-0.012454,164,364.345418
2.1775,201,364.560221
2.633043,132,364.701482
3.276786,237,364.983927
2.057895,206,365.20434
3.83625,347,365.743963
2.567895,130,365.878336
4.562,339,366.26703
0.244807,78,366.856308
2.414762,145,367.016274
0.744518,109,367.145927
3.775,112,367.299241
3.194,98,367.419855
0.378342,83,367.504643
2.170761,225,367.736365
2.905263,150,367.892185
2.992105,117,368.016198
2.063333,65,368.092807
0.436932,80,368.220527
2.576667,77,368.310971
0.627298,152,368.461046
3.276667,286,368.848211
0.172142,72,368.910405
2.692,114,369.156012
1.939286,73,369.264985
1.606386,236,370.35372
0.302948,158,370.544303
3.285,117,370.703118
2.460435,285,370.982025
3.344375,330,371.423579
3.996667,110,371.569077
1.934973,145,371.769665
3.229643,269,372.098281
1.242855,132,372.248882
0.342809,134,372.382671
2.61,242,373.299992
2.665699,196,373.580627
3.175806,232,373.847912
3.105556,240,374.140533
2.1475,68,374.221732
4.119444,346,374.711877
2.579787,229,374.987141
2.649091,84,375.087383
4.48125,151,375.324149
1.693775,194,375.548995
2.855,375,376.594552
1.585,248,376.841878
2.35,132,377.002717
2.0,56,377.072671
3.384375,362,377.557358
2.582727,78,377.659496
-1.600051,470,378.017879
1.7,36,378.059844
1.788125,183,378.246026
2.545714,90,378.341259
0.664966,183,378.51429
2.752,164,379.357486
0.497424,68,379.417782
1.460748,131,379.542501
-0.000469,77,379.622515
2.327857,51,379.675934
3.023333,117,379.819169
2.441686,351,380.300341
0.027849,49,380.348537
1.625,161,380.505172
3.008065,336,380.933596
3.877895,184,381.217222
1.555,114,381.412239
1.009233,181,381.612535
3.116167,211,382.422433
2.755926,256,382.717483
2.617273,98,382.831968
2.834,123,382.99085
2.066667,64,383.067875
0.071753,38,383.1182
1.138619,209,383.403364
4.42,180,383.644254
3.632813,203,383.919994
3.42,198,384.164505
1.325651,56,384.222933
4.420769,132,384.420772
0.142655,54,384.510053
2.268421,126,384.660509
2.792632,75,384.752737
0.995933,101,384.882074
1.908353,161,385.569502
2.178081,162,385.745316
3.227576,325,386.210931
2.734,173,386.406574
3.171053,49,386.462227
4.117813,91,386.594189
1.806667,142,386.755742
-8.301192,2000,388.951543
3.936471,220,389.398468
0.86028,53,389.462967
3.050345,110,389.635627
2.17875,58,389.697641
2.862857,150,389.877395
0.736697,44,389.924831
3.72,112,390.12015
2.364706,131,390.257162
2.4325,99,390.366877
4.191429,258,391.487673
2.690999,176,391.755417
3.220791,406,392.376209
3.31,102,392.507224
2.290952,197,392.721426
0.577229,77,392.824972
2.143887,241,393.102877
3.203448,114,393.278459
3.629722,353,393.872708
3.202,94,393.994443
2.98124,219,394.79642
1.967857,65,394.856681
1.697623,132,394.988722
3.1575,91,395.127781
1.831667,50,395.186301
3.76,144,395.400569
1.88,216,395.628611
4.634651,168,395.945623
3.694194,109,396.087468
2.515652,186,396.306303
2.093684,162,396.475124
2.3,189,396.681003
3.33,70,396.7728
2.56,84,396.872475
3.374545,228,397.184927
2.007143,54,397.814718
2.7125,79,397.902348
3.348519,368,398.35363
2.4575,68,398.426881
1.28086,304,398.746548
2.678636,71,398.843307
2.122049,497,399.380496
3.222414,103,399.515368
2.330909,224,399.853307
3.461875,114,400.035474
2.894,93,400.155449
1.27456,234,401.042324
3.491034,127,401.202732
2.969231,94,401.339115
-0.176684,59,401.402309
1.739286,129,401.530987
4.053939,301,401.930312
2.579048,76,402.037405
2.339474,99,402.150774
2.868,106,402.27774
0.301617,181,402.426527
2.652727,78,402.509503
2.614706,46,402.556544
3.934693,429,402.967383
2.359524,164,403.16408
2.548095,89,403.918869
3.625,99,404.047085
2.279671,132,404.218316
0.789848,118,404.355875
0.553878,166,404.567538
3.958621,82,404.684415
0.758886,158,404.886706
1.769167,65,404.956271
3.812854,284,405.246215
1.711265,249,405.512352
1.821429,106,405.612159
2.457619,127,405.757285
2.100123,64,405.823045
1.010631,132,405.983678
2.53381,95,406.095373
1.185195,299,406.975688
1.281415,275,407.240585
2.435,98,407.354376
3.274517,143,407.569063
1.901765,183,407.752241
4.5125,126,407.975332
1.466695,91,408.098899
1.71,34,408.135373
2.655909,81,408.233423
3.747407,104,408.378374
3.184211,44,408.435817
0.811699,51,408.509605
2.72,92,408.688352
1.928571,76,408.775052
0.056004,54,408.82812
2.390476,151,409.005453
2.364444,200,409.229855
1.099524,301,410.181578
2.3725,123,410.445016
2.596875,49,410.504272
3.293333,112,410.656211
4.226296,56,410.726599
2.057619,295,411.04298
0.633656,103,411.172881
1.72875,202,411.402877
0.33546,47,411.448676
2.053333,168,411.604498
1.596429,169,411.746705
0.360193,46,411.792085
2.702544,314,412.242469
1.261111,97,412.334849
2.505,70,412.994092
2.559855,250,413.268118
2.630909,92,413.394157
2.81,135,413.544941
2.344737,97,413.653052
3.570588,156,413.860338
2.035882,134,413.99773
2.455,90,414.097709
1.956582,86,414.215769
2.4975,73,414.317411
3.305,105,414.454568
2.970313,115,414.610238
1.600769,135,414.769075
2.285,158,414.93366
2.562381,83,415.036753
1.959791,81,415.129968
4.518108,105,415.289702
3.84875,116,416.028704
-0.024687,80,416.099376
2.73087,87,416.198912
1.876667,121,416.322598
2.943871,475,416.97463
1.573333,112,417.094497
1.996429,57,417.158105
3.32125,236,417.471759
2.019476,173,417.705055
2.021765,115,417.83414
2.500435,193,418.049433
4.384848,175,418.301503
2.302857,192,418.523151
1.877619,337,419.453167
1.066785,121,419.592778
2.515,66,419.672744
2.683158,52,419.757005
1.611111,34,419.795132
1.637174,152,420.016719
2.485455,156,420.19789
3.357407,104,420.343123
2.093333,56,420.425419
1.791818,37,420.509679
1.342415,121,420.656125
1.883077,59,420.742572
3.343793,253,421.061453
2.096667,55,421.126646
3.063793,195,421.405116
3.906842,162,421.663066
3.703548,97,422.424771
2.813684,67,422.503505
2.441905,100,422.620644
2.345714,174,422.815793
1.653333,188,423.028325
1.206998,161,423.182259
2.333889,67,423.249038
2.824,128,423.402302
3.118214,113,423.63208
1.750909,46,423.703853
2.335,49,423.772443
2.543333,91,423.886909
2.923462,132,424.069418
1.885,152,424.220687
3.481667,317,424.620779
2.291538,36,424.658566
2.965909,81,424.750994
1.873333,40,424.794246
1.95375,130,425.596839
3.934483,96,425.720552
2.22625,142,425.861963
3.31,216,426.147158
1.79317,244,426.399493
1.866154,66,426.4686
3.286667,116,426.638202
2.324091,227,426.868263
4.7325,254,427.240184
2.50913,189,427.424467
3.511724,115,427.566021
2.622727,232,427.798398
1.634118,274,428.659216
1.757143,124,428.773984
1.156879,230,429.0365
0.913418,324,429.38604
2.531429,96,429.493567
3.719394,205,430.1266
3.374286,328,430.53959
2.379412,126,430.693368
2.270054,227,430.948101
3.18,48,431.00333
2.754737,59,431.090315
3.930588,122,431.274739
2.269048,202,432.038598
1.410789,371,432.454943
2.495,74,432.539675
1.789286,115,432.677653
0.706497,40,432.756309
2.38,126,432.907282
1.869412,194,433.093082
2.15375,66,433.18228
2.674783,260,433.452734
2.754737,59,433.520238
1.44155,334,433.918591
1.916597,171,434.12366
3.456364,174,434.917784
2.580909,114,435.030573
2.313291,86,435.122213
2.678636,71,435.207999
1.396364,124,435.332099
3.941053,136,435.536767
0.825145,115,435.661027
1.719512,254,435.953359
1.84,132,436.103572
0.448261,161,436.314918
1.8775,39,436.358798
1.576069,270,436.711619
4.168889,87,436.871735
2.443333,133,437.035831
2.994828,235,437.933421
2.46875,90,438.029918
2.689811,397,438.648465
3.951667,89,438.769822
4.437143,100,438.918315
3.587568,431,439.528353
2.75,208,439.78943
3.373088,172,440.042688
2.828917,421,440.693232
3.48375,100,440.856193
0.005904,23,441.680441
2.245882,66,441.74204
0.395191,129,441.853199
2.59913,143,442.023126
2.178561,249,442.368519
4.675349,133,442.589444
3.319118,327,443.047797
1.035772,269,443.348806
2.162054,241,443.620074
3.184074,230,443.913064
3.8475,466,445.174612
2.350588,248,445.389097
1.671429,148,445.539614
0.805588,224,445.828721
1.385,99,445.95939
2.029048,307,446.268608
3.811347,376,446.791756
3.69875,585,448.383596
1.760833,67,448.445072
-0.091301,64,448.497565
3.960345,81,448.650958
2.5175,65,448.715139
3.8,288,449.048516
2.039577,154,449.383297
2.202857,86,449.460522
3.411935,284,449.862081
3.105625,342,450.310813
0.535108,33,450.361467
3.367273,213,450.677028
2.419524,143,450.838545
3.8625,326,452.008981
2.119913,200,452.225361
3.424545,195,452.500351
2.87518,289,452.896605
1.037623,292,453.183404
0.49063,102,453.289305
1.628571,160,453.452873
2.155,23,453.493638
3.608333,109,453.721533
2.8525,55,453.795269
1.727857,219,454.004937
3.762121,124,454.178764
4.48973,126,454.954531
4.012258,104,455.100539
2.308421,107,455.21259
3.561724,86,455.325401
4.754286,144,455.541052
3.937105,139,455.755627
0.914854,53,455.814686
2.043291,98,455.947722
2.839583,77,456.033711
1.267329,327,456.441655
3.615556,213,456.766496
2.155218,213,457.01402
1.582694,303,457.362448
1.889286,87,457.956651
4.82125,127,458.170186
0.72825,156,458.333146
1.337704,92,458.436984
3.144063,311,458.86189
2.017857,51,458.91575
1.791818,37,458.954879
1.92,52,459.009917
1.764286,122,459.123425
0.070475,118,459.262838
-0.17,6,459.271509
2.604098,218,459.651934
0.764139,66,459.742212
2.836538,163,459.944428
3.236207,95,460.082525
5.325172,316,460.480892
1.472487,229,461.303453
0.947026,215,461.572575
1.489231,164,461.728098
2.784737,78,461.864269
3.475938,105,462.002014
2.752643,199,462.270249
1.76,44,462.318353
1.863125,159,462.482664
1.627778,31,462.513738
1.524408,248,462.751767
1.513636,96,462.850101
3.210909,336,463.312514
2.605129,275,464.229993
3.203438,273,464.558575
2.548095,89,464.668323
3.080526,53,464.731548
3.939744,203,465.043911
2.665,77,465.132056
6.205791,498,465.894244
-8.704635,2000,467.790672
0.847645,63,467.840814
1.44,88,467.912109
2.316726,285,468.36626
2.884116,222,468.680418
3.052,249,469.495507
3.867879,107,469.628404
2.54,108,469.753878
1.89125,150,469.91769
1.925556,214,470.150235
3.621667,101,470.294104
1.655791,225,470.525279
2.12875,74,470.649485
2.083636,41,470.694873
3.607353,131,470.87038
2.018824,252,471.133616
-0.464628,150,471.293025
1.800769,83,471.377842
3.72,93,471.503741
2.3525,131,471.667881
2.373684,86,471.761445
3.057813,155,472.518386
1.194444,109,472.607615
1.558462,146,472.726482
2.354783,260,473.028913
0.624756,108,473.162315
1.6525,93,473.251422
3.235926,202,473.480122
1.154817,53,473.529425
2.84375,226,473.77943
1.71,34,473.814455
1.936667,210,474.017731
2.11,51,474.079625
3.527923,151,474.326244
3.383529,392,475.469571
2.231998,372,475.895201
0.718076,104,476.022572
1.767076,126,476.197991
2.924762,61,476.281039
2.345714,174,476.482718
2.717917,97,476.643061
2.744211,63,476.75606
11.646871,813,477.886493
2.67,115,478.028806
1.477623,100,478.643385
3.231034,98,478.774935
1.68,38,478.813613
1.40363,123,478.996065
1.848333,46,479.054639
3.115672,321,479.536628
2.17875,58,479.598444
2.812414,335,480.004247
3.101667,227,480.326225
2.356842,62,480.399988
3.231034,98,480.550001
1.366953,214,480.81079
3.703088,277,481.207477
3.001818,140,481.99664
3.101034,127,482.159287
3.936207,95,482.285244
3.589063,231,482.604555
3.792188,101,482.750514
3.587143,108,482.898533
2.93963,119,483.048939
3.690625,166,483.281766
3.17125,300,483.685901
1.816998,145,483.84021
4.35,192,484.161505
3.25875,244,484.481213
2.452609,215,485.305922
2.604545,240,485.543162
2.160526,167,485.728287
1.295,117,485.839663
2.739565,83,485.939587
2.953846,102,486.097042
4.496486,121,486.291216
3.033103,207,486.563279
1.665791,221,486.786595
2.0,56,486.852543
1.298148,369,487.234893
1.753333,158,487.406131
4.03125,135,487.614761
1.675,41,487.655707
2.503636,148,488.371389
3.773438,113,488.521258
1.515,71,488.743341
3.958919,282,489.144914
0.05539,33,489.174222
3.274876,441,489.826914
2.081875,89,489.9323
3.673947,339,490.431368
2.36,216,490.670346
2.929524,59,490.737337
1.782759,267,491.611926
2.03,75,491.737212
2.474091,161,491.908573
2.4975,73,491.998236
2.793058,231,492.278409
3.611538,459,492.960973
3.125938,329,493.373811
3.206505,486,494.001159
-0.073616,163,494.142775
0.194764,71,494.772499
-0.20389,82,494.852727
2.552143,75,494.929412
3.129063,327,495.413822
2.032353,244,495.642084
0.325333,39,495.691177
2.974375,362,496.188089
3.632703,294,496.613593
2.385,118,496.751014
2.15,171,496.938206
0.893342,138,497.063802
2.080629,457,498.097575
0.326918,266,498.363202
4.5675,292,498.769016
2.260625,131,498.897405
2.038571,303,499.240557
2.449375,45,499.293
2.311905,184,499.4871
2.51375,50,499.543107
4.209386,327,499.955879
2.362727,210,500.796519
2.841111,210,501.060595
1.971818,382,501.484637
1.556667,116,501.589413
0.488575,69,501.693724
2.133636,30,501.727678
1.978571,62,501.795234
0.34796,42,501.842751
0.091848,19,501.864646
2.53375,291,502.188919
2.845263,55,502.25276
0.157309,35,502.290116
2.833462,306,502.684039
3.04,264,503.03689
1.97375,226,503.847712
-0.098801,83,503.927258
-0.029992,44,503.967487
1.021559,146,504.102029
3.626389,125,504.285407
2.65875,231,504.569976
3.174512,243,504.827712
1.514286,192,505.021611
2.608824,48,505.074101
4.347647,260,505.456023
2.251667,93,505.552191
2.086667,58,505.616976
1.586118,70,505.705179
1.124632,124,505.837683
2.241538,49,505.890682
1.993391,295,506.81597
2.750435,78,506.901404
3.084271,107,507.018821
2.76,57,507.077961
0.203901,59,507.131113
2.4175,73,507.216649
3.226667,104,507.360262
1.909444,263,507.744119
0.993126,200,508.184343
1.50086,196,508.403359
4.02625,203,508.777928
0.929498,301,509.046983
2.239123,339,510.167603
1.992941,152,510.319265
2.11,80,510.424711
1.146984,143,510.579679
1.859375,157,510.744593
0.690421,173,510.919441
1.385,99,511.014154
2.31,153,511.179041
1.535833,121,511.308316
0.234955,65,511.372167
3.864063,407,511.904349
3.687143,135,512.090374
1.729286,129,512.205288
6.204541,435,513.424129
0.481644,238,513.738441
1.883125,255,514.001867
0.179974,214,514.21327
2.752222,258,514.503141
3.670046,358,515.076926
-0.289726,46,515.134994
4.33,144,515.357931
2.303333,78,515.453016
2.836,82,515.548347
3.16124,186,516.345235
2.275294,56,516.400769
2.1975,52,516.451584
0.210719,56,516.50457
5.702597,231,516.874637
4.358684,115,517.055914
1.555556,44,517.103621
2.668182,146,517.284102
3.455625,118,517.447403
2.033333,74,517.523763
3.955,87,517.645117
-3.272576,2000,519.753022
0.351024,82,519.825418
3.405833,266,520.109198
2.908,86,520.212941
1.195312,151,520.394666
1.71,34,520.466841
0.059496,41,520.529308
1.235804,156,520.73002
3.146786,97,520.847847
4.342895,127,521.035863
0.26053,40,521.759745
3.088696,65,521.84307
1.323342,129,521.96381
1.16,176,522.160262
2.221579,140,522.307459
1.856667,44,522.353948
2.591765,81,522.44364
2.691739,105,522.569581
1.973333,92,522.669491
3.128966,105,522.809356
1.806054,339,523.212181
1.606998,161,523.373002
0.485651,180,523.526441
3.945,133,523.749187
2.505,70,523.828153
2.4025,111,523.948558
3.441347,360,525.061104
2.164286,246,525.355324
0.104199,69,525.446048
1.483591,255,525.777811
2.75,165,525.968913
1.864444,236,526.225831
-0.109462,24,526.250887
3.105556,500,526.932624
0.260842,94,527.036685
2.31,148,527.204484
1.950312,213,528.074301
3.828438,129,528.240641
2.681262,399,529.0208
2.567143,81,529.12722
1.180421,52,529.181637
3.240748,227,529.432391
2.685263,55,529.49639
3.683834,200,529.793236
2.89,95,529.917971
3.424091,51,529.975121
2.715,110,530.100176
1.497709,66,530.179041
2.569524,80,530.279109
2.655909,81,530.375175
3.026875,377,531.305929
1.805791,213,531.585487
3.668182,582,532.350909
3.641176,108,532.51914
3.136071,103,532.648582
1.850791,139,532.787912
4.335294,112,532.962132
0.13377,42,533.016544
3.621795,109,533.166854
2.752105,60,533.245669
2.740625,390,533.726823
2.242222,100,534.35731
2.672,284,534.649429
2.306124,168,534.83334
3.825455,135,535.034315
3.625294,112,535.191688
2.108884,82,535.284015
1.714286,136,535.469343
2.801899,699,536.315048
4.152727,117,536.463832
1.375,101,536.575173
0.300313,75,536.680433
3.393333,232,537.569753
2.273333,60,537.642811
3.382894,359,538.067445
2.688571,264,538.328928
2.836998,367,538.813587
2.43,100,538.920298
1.411111,70,538.994272
3.319474,80,539.077984
0.23845,52,539.149442
1.6,36,539.185259
2.0725,207,539.4191
3.10321,351,540.510706
2.571818,118,540.63454
1.728571,132,540.74035
1.239393,225,540.966852
3.128947,65,541.065811
2.5,72,541.159047
1.067329,64,541.228007
1.307301,239,541.542522
2.51,68,541.620705
2.515714,69,541.699613
1.870625,179,541.904722
2.172353,91,542.01055
3.727813,91,542.117189
-0.061277,44,542.15624
2.617647,45,542.203709
3.719677,87,542.325464
3.393664,191,542.56858
0.42789,46,542.643155
2.72,92,542.75623
2.660008,164,543.546261
4.414286,270,544.031088
2.824876,408,544.552897
5.082857,82,544.697888
2.832963,209,544.930812
3.548529,171,545.142898
2.062778,161,545.312238
3.315556,464,545.971475
1.778408,288,546.979486
1.670123,256,547.254204
3.475152,155,547.481558
-6.917989,2000,549.534522
1.644615,121,549.737069
2.044375,101,549.846419
1.939444,209,550.034436
2.032143,47,550.086055
3.679697,218,550.337733
3.224138,102,550.476059
3.218,86,550.574696
2.269511,216,550.879385
1.593077,137,551.00285
1.755,66,551.067722
1.639756,81,551.157603
2.779916,379,552.257836
0.030098,55,552.30623
2.009412,143,552.448908
3.349394,238,552.769758
3.963216,348,553.337629
1.923846,51,553.389584
2.216667,32,553.421027
-0.014964,65,553.474273
0.037828,61,553.52784
2.15,24,553.55255
3.005625,182,553.800259
-5.63461,2000,555.85394
1.17,99,555.937236
2.838678,82,556.044442
4.81125,135,556.245324
4.222593,58,556.315786
3.237931,94,556.450608
0.652727,314,557.338813
2.185,56,557.399073
4.91625,179,557.687262
3.054211,63,557.759206
3.146,202,558.000072
2.032143,47,558.045303
3.725278,169,558.278093
0.347048,56,558.344994
2.116667,49,558.40447
1.642143,201,558.671114
3.830629,619,559.38584
2.594118,53,559.446354
0.118676,56,559.519447
4.44641,112,559.694143
0.345475,52,559.778142
2.285,158,560.532635
1.501492,226,560.782167
2.526522,181,560.980501
3.947879,107,561.149506
3.533636,123,561.32349
2.671818,74,561.416831
2.548095,89,561.534115
1.45309,258,561.77799
3.715161,96,561.922237
3.001667,287,562.261364
3.616667,104,562.420539
2.219412,75,562.507951
1.099332,86,562.600799
3.511667,167,562.819032
2.667273,76,562.914349
2.881633,142,563.631807
2.88,100,563.7485
1.710714,137,563.902732
3.708788,212,564.185137
0.533533,153,564.400133
2.345123,104,564.511193
1.188889,110,564.614516
2.348,546,565.207681
1.95332,107,565.309272
3.620588,122,565.50722
1.37,102,565.611205
1.74047,487,566.668901
3.246,72,566.783391
1.4475,292,567.059713
1.966503,188,567.274507
2.302632,113,567.421788
3.469286,90,567.552598
2.148824,99,567.827786
2.617273,98,568.002639
1.685,39,568.050668
3.148571,96,568.159559
2.98,396,568.737334
4.172973,131,568.957326
3.169708,178,569.318941
2.781905,121,570.18631
0.165386,42,570.22892
2.598095,68,570.310236
3.403636,60,570.3779
2.319524,185,570.580154
3.492941,304,570.972262
2.27,90,571.111507
1.998824,150,571.28315
3.492759,126,571.468521
3.056071,103,571.607628
3.435152,188,571.878808
-0.061659,50,571.954677
3.966807,294,572.344495
2.083333,59,572.408098
3.98,152,572.563239
2.175625,59,572.650466
3.148571,96,573.377678
2.844,118,573.525939
3.7875,104,573.719267
3.91,48,573.774833
-0.15222,6,573.781453
3.107754,196,574.042976
6.897241,309,574.409672
3.387407,131,574.591885
2.757368,58,574.657847
0.108989,142,574.797474
1.750909,46,574.843404
1.27,122,574.9578
2.61875,42,575.009108
2.096162,210,575.304641
4.431026,124,575.482643
2.10125,182,575.640865
-0.106174,29,575.68253
3.166361,197,576.475939
1.796667,145,576.607739
-5.71461,2000,578.51719
1.426681,97,578.619055
1.68,40,578.654563
2.47,64,578.719442
2.674118,53,578.775099
2.478696,203,579.011921
3.303333,106,579.174488
2.265455,464,579.802822
2.435,98,579.905189
3.6275,200,580.161356
0.303425,50,580.215605
1.212906,92,580.312583
2.997619,64,580.39049
3.729688,141,580.575274
2.555238,86,580.661364
2.902593,220,581.516563
1.55,45,581.564734
4.682923,246,581.935177
2.443213,236,582.199365
2.3225,271,582.495782
0.01522,76,582.595233
0.041749,77,582.680337
0.541523,101,582.807381
1.656875,225,583.033574
1.394718,304,583.40156
-0.227139,46,583.445895
1.84,48,583.493924
2.540952,92,583.62165
3.95,87,583.74196
0.948163,262,584.635888
2.226667,224,584.889068
1.732036,78,584.976185
2.559141,256,585.289941
2.569524,80,585.378479
2.35,132,585.518339
3.806667,72,585.604369
1.493077,163,585.769516
1.517273,159,585.909252
5.067143,93,586.037315
0.573151,99,586.145434
0.064406,43,586.195862
1.145,273,586.452607
-0.008198,7,586.46219
0.746979,86,586.548628
2.7675,89,586.648739
2.179091,86,587.306371
0.565788,128,587.45644
2.274503,236,587.720882
1.546262,140,587.856024
1.809041,306,588.255432
3.672564,349,588.962151
2.5025,71,589.035482
2.92,63,589.108499
2.499412,58,589.169805
3.945,93,589.282165
2.739565,83,589.369371
2.431579,64,589.437195
2.254706,63,589.514929
1.585074,95,589.630642
2.159524,248,590.356901
3.748889,152,590.569338
2.702083,143,590.731926
2.52625,46,590.782507
2.655909,81,590.871003
4.339706,109,591.034414
3.554828,90,591.155204
3.840606,125,591.417005
2.644,213,591.669129
4.327105,139,591.879632
2.239412,143,592.018198
0.083884,35,592.049297
3.398148,82,592.152912
3.175862,130,592.329451
3.033361,178,592.563171
1.785833,61,592.637407
1.548889,74,592.710199
0.941559,98,592.803108
3.747301,116,592.980733
2.455909,169,593.802537
2.181875,57,593.870301
3.019048,55,593.948318
2.976,127,594.093204
2.158683,230,594.312778
3.12,112,594.447102
0.266932,40,594.485834
2.637727,89,594.591129
1.8475,164,594.784832
1.7,36,594.823166
0.901361,160,594.970832
4.37,198,595.268314
1.961395,294,595.607207
2.440588,146,595.762882
3.159286,90,595.8754
1.801122,290,596.874701
0.488261,259,597.269471
3.417941,253,597.629678
3.927895,146,597.859375
1.8475,164,598.028059
2.676522,112,598.156958
3.088333,235,598.44774
3.642941,100,598.576986
2.036667,174,598.736333
2.573529,60,598.805854
2.388095,152,598.992283
3.581563,287,599.949943
3.192647,413,600.425708
2.003571,55,600.488206
-0.14722,27,600.525642
1.678151,376,600.995954
4.599459,104,601.172624
2.519524,101,601.29463
2.954545,86,601.394301
2.493333,112,601.527333
3.325769,75,601.62612
2.733043,86,601.748335
1.72,168,601.908035
2.943182,91,602.010214
0.899957,170,602.247377
3.362727,78,602.339584
3.517857,102,603.06679
0.443261,41,603.101464
1.560833,115,603.205714
2.143333,259,603.460421
1.735385,100,603.644727
2.189508,287,604.0393
0.478939,131,604.148797
2.03,75,604.216144
3.132913,345,604.729747
1.678463,299,605.11038
4.240714,235,605.355979
1.609167,101,606.039198
0.01044,53,606.083767
1.925791,117,606.203189
1.091796,94,606.303588
3.617647,124,606.488918
4.172813,395,607.020753
1.925625,139,607.159532
2.994615,86,607.264071
2.92,80,607.372824
4.49375,141,607.599588
0.082944,87,607.67016
2.365,300,608.026539
-0.104989,74,608.090107
1.78,150,608.319443
2.85,56,608.377205
3.553333,110,608.521909
-0.665916,99,609.272
2.396,342,609.740609
3.980357,67,609.819666
3.249394,304,610.257513
1.092323,54,610.330448
2.594375,458,610.965382
2.668947,274,611.278374
1.68,156,611.441385
4.524242,83,611.56783
2.49625,110,611.687014
1.76,156,612.392885
1.581496,84,612.491113
-0.003461,66,612.549303
0.275449,38,612.588043
2.65625,165,612.779204
3.148571,96,612.923872
2.711373,172,613.142462
1.737273,49,613.206776
2.53619,94,613.318502
2.255,170,613.505335
1.787273,38,613.549345
1.789286,115,613.674129
3.141429,100,613.788349
3.636765,111,613.928691
2.2325,140,614.061066
2.14309,87,614.166151
-7.541277,2000,616.299628
2.086667,58,616.357464
3.622059,121,616.524081
3.884545,96,616.672516
4.113125,94,616.787832
1.322222,86,616.858003
2.47875,207,617.600024
2.602941,50,617.65931
2.761304,73,617.751914
5.074286,88,617.873696
1.405455,122,617.984188
3.095483,269,618.371325
0.262199,118,618.492334
1.673248,63,618.672043
2.529048,97,618.792116
4.111818,144,618.97878
0.171033,99,619.104351
2.567143,81,619.209127
2.084737,192,619.403608
3.885,60,619.475878
2.156875,65,619.544309
1.59,219,619.821743
1.937623,132,619.95942
1.658462,120,620.706089
3.238333,97,620.838038
4.389118,361,621.339673
2.89,348,621.778996
1.739286,129,621.902145
4.285499,457,622.650847
3.155263,55,622.716277
5.881675,447,623.243083
2.638333,69,623.323254
-0.150794,6,623.329285
2.226869,114,624.067472
3.421765,366,624.534231
0.258446,35,624.577686
-0.104564,78,624.66858
1.006893,343,624.973345
3.468462,81,625.074852
2.608125,398,625.549672
2.076667,253,625.80247
0.055703,44,625.864301
0.329807,66,625.930374
-0.01961,74,626.001567
-4.78704,2000,628.159341
3.175926,202,628.373358
2.544118,70,629.223428
1.436667,253,629.474268
3.128929,107,629.60853
0.755736,150,629.835669
2.541667,220,630.082833
3.568621,82,630.196996
3.100028,134,630.413878
2.926207,269,630.715586
3.065,249,631.028864
1.219133,183,631.275946
-0.166289,11,631.287732
1.85,98,631.382294
2.06,66,631.467392
2.902,89,631.58728
1.500608,369,632.745435
2.92,80,632.852211
1.87,65,632.939945
2.885938,425,633.48693
2.448125,71,633.633834
2.52996,261,633.975507
1.582595,215,634.296577
3.895417,55,634.364585
4.095938,105,634.511119
2.308678,154,634.7156
1.919375,141,634.851526
3.186667,272,635.727798
3.881842,181,636.002766
1.685833,85,636.099092
3.948065,522,636.72924
2.741739,82,636.856381
3.116429,114,637.003461
2.276154,40,637.045618
0.062361,36,637.090763
1.22483,191,637.282801
0.051222,93,637.390711
2.814,133,637.544346
1.501695,181,637.784948
2.205381,347,638.204894
3.639706,109,638.9789
2.708291,156,639.153651
2.502609,192,639.348485
-5.42704,2000,641.359066
1.939231,47,641.410196
1.495455,100,641.503447
2.198462,146,641.645613
2.795833,98,641.785702
2.58619,73,641.865963
1.81,141,642.001746
1.803333,143,642.165328
1.80375,178,642.338307
2.289478,306,642.63761
2.531429,96,642.759313
-3.822725,2000,644.932011
2.138125,71,644.997035
3.1675,53,645.052906
3.30963,173,645.235885
2.698,191,645.962094
3.410455,57,646.024682
2.251579,159,646.204007
0.036955,44,646.267707
1.954615,43,646.311664
2.150625,67,646.38018
1.544444,46,646.424077
0.863453,232,646.640259
2.2,152,646.814217
2.648925,192,647.037567
2.804,138,647.247618
2.434211,63,647.346807
3.636667,92,647.461578
3.186875,290,647.957819
2.696087,103,648.091616
3.567857,74,648.198862
2.904,88,648.303244
3.388065,150,649.128576
3.885862,217,649.374674
2.421905,142,649.527136
1.322222,86,649.620825
2.1625,203,649.822313
4.029811,333,650.247062
2.821538,176,650.470721
3.035769,309,650.865698
2.18,200,651.069074
1.84,48,651.121092
2.206111,167,651.309011
2.350747,234,652.2267
2.135,218,652.485645
2.874,103,652.619788
2.545714,90,652.726293
3.316154,80,652.840428
3.795313,99,652.989106
0.841855,106,653.112558
-0.293333,32,653.141656
0.244011,67,653.224932
3.242083,71,653.325411
2.52,184,653.533401
3.668387,125,653.69803
0.766893,111,653.930995
1.954615,43,653.979182
0.401563,114,654.146097
3.662857,256,654.458496
3.457778,93,654.591068
3.324444,165,655.293277
3.334271,215,655.598156
0.192891,88,655.70427
1.42,92,655.786682
2.017857,51,655.845527
3.258,151,656.049857
0.810708,124,656.167159
3.593438,337,656.603096
2.355,258,656.892174
4.026923,135,657.100552
3.761389,143,657.32195
2.728696,88,657.422823
3.624839,152,657.617352
1.563333,299,658.553832
5.417597,347,659.031366
3.705484,102,659.193539
1.99375,114,659.311827
0.38977,201,659.520079
1.984762,376,659.901785
2.76875,111,660.040629
2.521818,140,660.205103
2.434177,349,660.640413
2.019375,109,660.749467
1.791818,37,660.787567
0.14522,43,661.430621
0.489694,109,661.528227
2.505,70,661.609903
3.546207,95,661.730238
3.246,72,661.833386
2.185,56,661.903513
2.624348,136,662.06131
2.590952,71,662.144158
2.861893,342,662.570171
2.407895,73,662.658717
2.548095,89,662.755904
2.206957,328,663.153705
2.42619,199,663.392617
2.138213,269,663.806947
3.635909,59,663.882662
4.357368,116,664.6721
-0.17,7,664.688766
4.77125,300,665.063366
2.370714,39,665.111668
2.856893,171,665.350552
3.465,112,665.497087
1.638353,180,665.692035
3.291667,113,665.849243
1.570495,374,666.380893
1.562945,174,666.647949
2.251765,64,666.721165
3.870303,145,666.959217
3.203291,270,667.228486
3.503333,143,668.038987
3.87697,101,668.173652
2.586371,591,668.970713
2.267891,413,669.450462
0.420088,105,669.586071
1.354167,167,669.86094
2.85,56,669.928668
2.383182,201,670.170168
2.426494,203,670.402013
3.674242,347,671.373422
0.828028,182,671.525673
1.737273,49,671.570093
2.006875,113,671.677194
2.594118,53,671.746797
2.655,63,671.853621
1.399912,178,672.071662
2.1,54,672.131991
2.061399,599,673.043614
1.775,119,673.15558
1.568656,116,673.314397
-2.27695,680,674.467585
1.360008,166,674.647965
2.169375,61,674.719771
2.000625,115,674.844112
3.37037,97,674.960318
2.06,162,675.138651
1.036613,81,675.254
2.582353,57,675.317013
-0.162952,38,675.353173
1.933125,175,675.529173
3.618621,140,675.724727
4.079286,202,675.969447
2.758716,191,676.190293
3.615714,388,677.262794
1.425267,359,677.765257
1.061577,117,677.9034
4.019231,141,678.12909
3.395556,464,678.82393
2.856,112,678.97477
2.975862,246,679.294304
0.921847,88,679.415496
2.49,76,679.53079
2.864,108,679.672509
2.571905,79,679.765631
3.99125,287,680.82731
0.070193,151,680.978974
3.415,55,681.040171
3.443793,108,681.176563
3.35,462,681.664295
2.591765,81,681.759277
2.498095,110,681.891923
0.194527,33,681.929249
3.27037,151,682.104073
2.62,138,682.285664
1.885385,61,682.352556
0.17773,32,682.39253
2.388644,126,682.520307
1.29199,165,682.705385
3.802143,122,682.864168
3.695555,510,684.213115
1.625,51,684.263014
2.365,126,684.399102
2.032143,47,684.449238
4.268571,442,685.079075
1.789625,310,685.447906
0.400115,48,685.505045
1.591563,80,685.593668
2.4225,103,685.695969
1.735,200,685.866469
3.826347,692,687.705491
1.973603,107,687.978186
3.753125,126,688.16125
2.682778,53,688.219473
2.263529,60,688.299736
3.0,297,688.734395
2.34087,340,689.109487
3.393333,110,689.263202
2.08698,169,689.456527
2.031008,49,689.513502
2.83125,81,689.602698
3.939737,137,690.458401
1.928333,213,690.699279
2.431429,138,690.850787
1.665,43,690.904926
2.479932,168,691.130677
2.667826,116,691.281189
3.123571,110,691.419932
0.047483,68,691.513867
2.118947,179,691.723453
1.530032,343,692.124969
3.156364,372,692.662431
1.795714,158,692.827432
3.272813,235,693.714044
1.281527,245,693.944044
4.076757,402,694.518111
1.8,112,694.641434
2.567826,162,694.82888
2.271765,166,695.001547
2.097368,191,695.234455
1.54,68,695.297256
2.378696,249,695.55349
1.954615,43,695.600118
2.52625,46,695.650596
1.948824,167,695.832232
0.775036,130,696.557176
2.4775,81,696.644805
2.084118,121,696.781788
1.76,132,696.915625
0.188305,65,696.989917
2.5875,157,697.181659
3.931212,118,697.338779
2.152632,170,697.54768
-4.847463,2000,699.603908
2.119412,109,699.762984
1.804444,344,700.10878
1.69,38,700.149298
3.189474,42,700.197531
4.098378,127,700.397058
1.950769,44,700.44641
3.958333,85,700.575672
2.368095,194,700.800484
4.417975,294,701.769931
-0.393712,65,701.833423
3.53166,327,702.276584
2.663636,214,702.511062
3.143214,99,702.657378
1.941122,38,702.717935
2.14125,70,702.800991
2.178571,240,703.041218
4.466053,155,703.293158
2.04125,102,703.413882
2.575238,107,703.553326
2.58,168,703.784252
2.734286,328,704.198747
2.210526,148,705.006104
-0.050917,62,705.069536
1.798333,58,705.14603
0.100966,61,705.201782
2.05,336,705.493581
3.138788,377,705.993783
2.936287,575,706.792637
0.71174,114,706.950032
0.641985,99,707.086865
3.12,112,707.235481
1.9725,124,707.400608
3.881563,95,708.381983
1.355556,80,708.474019
2.984074,230,708.826594
3.859688,109,708.972869
3.097368,77,709.061624
2.19125,54,709.126585
-0.036093,48,709.17066
2.504375,53,709.224969
3.3,108,709.368574
1.407094,96,709.482219
2.152381,251,709.775546
1.960714,67,709.842691
3.293462,294,710.212594
6.486667,398,710.718033
2.72,92,710.845835
0.600911,60,711.511555
2.8,96,711.627134
2.617826,139,711.8036
3.902593,58,711.893216
1.042166,126,712.060335
-0.004689,27,712.093013
2.148054,308,712.463978
3.872424,104,712.61413
1.869167,41,712.663681
1.62,50,712.713045
3.688718,391,713.321493
6.272647,209,713.621401
1.692218,257,713.901039
2.726522,89,714.006178
2.315,231,714.804239
2.082105,193,715.007863
2.182304,144,715.177394
2.236667,102,715.297663
1.865,42,715.345599
0.7891,261,715.619847
2.598095,68,715.720719
0.317625,55,715.792507
14.364062,971,717.152917
2.056667,67,717.225865
1.993828,145,717.928836
3.858529,171,718.182761
2.116667,49,718.238377
3.399091,62,718.317499
2.366,357,718.732551
3.185313,291,719.13286
-0.174692,46,719.174758
2.89381,74,719.258208
0.985997,367,719.810748
2.912857,66,719.923644
0.540892,58,719.989827
1.598151,267,720.268171
-0.123732,17,720.285293
3.84129,210,721.188687
3.243103,91,721.310369
0.638028,191,721.501234
2.513132,245,721.801723
1.835385,74,721.877997
2.569524,80,721.971593
1.385833,157,722.135131
3.793333,120,722.316993
2.319524,185,722.524288
0.399717,63,722.593732
2.0,56,722.657424
4.228148,55,722.734275
0.422955,60,722.813739
4.675349,133,723.033228
4.8,144,723.243561
0.34795,64,723.304436
1.566667,214,723.510116
0.19629,166,724.418415
0.32577,230,724.655541
0.989627,206,724.910858
1.11,154,725.069868
4.676512,132,725.295548
3.136842,157,725.475546
1.048226,130,725.608638
0.306281,59,725.666896
3.474375,106,725.826972
3.783611,127,726.00266
-0.060489,36,726.041287
1.71,55,726.097538
2.656957,121,726.264106
2.155,23,726.288682
0.030055,124,726.408372
3.778056,131,726.732688
1.825625,171,727.522836
2.818,131,727.692
2.36,192,727.923392
0.238782,87,728.019754
2.242941,67,728.119868
1.71,171,728.278045
3.445588,241,728.625299
3.160526,53,728.6906
2.118421,183,728.860616
1.594444,37,728.898665
2.120625,99,729.00712
0.545017,61,729.110124
-0.083442,19,729.141251
1.461683,61,729.226869
2.707808,138,729.429188
0.865135,54,729.488813
1.24,238,729.795524
2.439474,61,729.870581
2.567059,171,730.657373
3.804444,112,730.84451
2.36625,254,731.094809
0.455761,36,731.156557
3.968974,305,731.636752
4.678837,130,731.8672
3.301471,339,732.306869
2.323125,111,732.422344
2.918,81,732.521603
2.200625,51,732.576498
3.88963,65,732.683446
2.269412,58,732.747539
3.713939,103,732.904556
2.27,164,733.083182
3.529412,184,733.864277
0.991893,82,733.935968
2.977308,95,734.057983
2.439565,221,734.274164
2.3225,143,734.454005
2.485,78,734.541695
0.409717,180,734.759358
3.152143,94,734.898846
2.11,136,735.064346
2.025625,107,735.17827
3.490303,145,735.40025
3.238,76,735.494825
3.557353,165,735.721151
-0.178732,28,735.759614
2.924762,61,735.829616
1.8775,39,735.868416
2.958077,105,736.002999
3.696563,111,736.178615
0.32961,181,736.987429
4.04,84,737.088247
0.441384,155,737.298986
1.804706,216,737.524661
2.378947,84,737.630812
0.597973,127,737.798885
3.296667,110,737.952582
1.316667,87,738.053882
3.238333,145,738.23593
2.574348,159,738.448061
-0.287424,70,738.516099
2.513333,70,738.668352
2.293333,196,738.867908
2.322778,71,738.966147
2.311667,75,739.072198
3.152143,94,739.191711
2.858421,50,739.263158
0.487199,59,739.3232
2.698261,102,739.44951
2.748407,118,740.241315
0.932876,160,740.444282
3.253462,282,740.834174
2.43,100,740.959938
1.409016,95,741.077346
2.20125,150,741.263969
0.301838,123,741.455223
2.335,49,741.506587
2.575714,279,741.775053
0.334151,328,742.184256
2.8375,61,742.255754
4.805,140,742.475518
2.276154,40,742.535117
3.968333,79,742.646412
2.352857,171,743.441994
2.567273,120,743.565169
1.538889,47,743.612014
3.695714,129,743.819957
3.414286,160,744.019443
3.750278,151,744.245572
3.109286,118,744.404885
1.75,126,744.554772
3.677895,336,744.999512
-0.125159,47,745.056508
3.8,232,745.350401
2.53619,94,745.46311
2.358889,58,745.544151
1.692857,142,745.683253
0.013984,214,745.876438
1.6975,63,746.548817
2.517619,64,746.625611
3.127586,158,746.815717
0.524568,71,746.883166
0.861361,196,747.164068
3.71,93,747.292404
3.580882,149,747.492265
0.934332,190,747.810777
0.130027,118,747.982089
3.97303,460,748.806971
2.503636,148,748.969531
3.595588,139,749.160982
1.091205,239,750.019638
4.522727,84,750.141052
1.6025,105,750.254044
2.76,160,750.437354
1.512393,93,750.515072
-3.865051,2000,752.924634
3.560294,163,753.168971
1.831875,169,753.33296
3.481852,80,753.428772
2.81037,232,753.798369
1.685606,150,753.975364
2.541667,220,754.246552
1.827826,146,754.43014
0.677072,83,754.506738
2.744694,352,755.069112
1.217539,172,755.916905
1.75375,194,756.128462
2.733043,86,756.235998
1.473636,107,756.339063
2.0075,237,756.595596
1.060606,63,756.667674
3.394444,84,756.770026
2.177225,344,757.231619
2.139016,284,757.557394
4.324474,141,757.78108
-0.151208,177,757.969014
2.405263,74,758.063469
1.96,192,758.835571
1.629587,210,759.03861
5.245,244,759.407335
4.41375,205,759.809757
2.19,123,759.938919
3.273333,124,760.118916
1.846667,130,760.295954
2.499091,150,760.456195
2.11,80,760.542716
2.495,56,760.613196
3.06963,92,760.746825
2.521905,100,760.86822
2.562381,83,760.966766
2.003571,55,761.024011
3.793636,156,761.26098
2.094375,85,761.547975
3.271667,125,762.315395
3.253333,136,762.50782
2.975,303,762.910697
1.9325,299,763.237117
3.745,213,763.512031
3.311667,101,763.6541
0.346431,76,763.755979
4.041667,83,763.875475
2.960345,255,764.20665
2.116316,180,764.38275
2.37087,248,764.629673
1.488889,56,764.683716
3.002381,62,764.774916
3.276667,122,765.537354
4.248235,348,765.96912
1.755385,113,766.093158
2.917619,64,766.173188
5.1525,230,766.535976
4.41625,139,766.785237
3.858387,404,767.324528
1.95375,130,767.46455
2.495,74,767.552118
2.725,121,767.690033
2.163125,63,767.765225
2.28,240,768.003004
2.733333,128,768.779327
1.935385,48,768.823992
2.455238,128,768.964171
3.207188,277,769.353527
2.39381,179,769.561875
1.954615,43,769.605404
3.898824,368,770.117614
3.642121,256,770.503386
3.244828,90,770.643758
2.4725,83,770.745789
2.859978,149,770.948627
0.457648,293,771.285547
0.339931,34,771.911439
2.458636,131,772.087644
0.38414,81,772.207388
2.438045,246,772.525117
1.788559,428,773.051868
2.16,64,773.124554
2.268462,42,773.17178
2.075625,91,773.291008
3.5975,203,773.538529
2.295,120,773.66384
2.340952,176,773.870242
1.75,159,774.03507
3.282,94,774.148857
1.37,102,774.260692
2.922,79,774.359078
0.187311,87,774.953234
1.436364,113,775.072575
2.917619,64,775.143126
2.557368,134,775.279685
-0.649395,145,775.469381
2.094737,192,775.658303
2.660435,193,775.889847
3.048947,65,775.96239
3.15,216,776.258864
0.89505,353,776.591203
1.31,170,776.729754
2.801009,268,777.069952
3.016667,56,777.138555
2.490952,113,777.850066
0.330726,187,778.035481
1.252705,122,778.1951
1.950769,44,778.242809
4.11375,133,778.452498
2.929524,59,778.523296
0.455917,215,778.746062
2.188235,191,778.923451
2.552857,87,779.050518
4.83375,117,779.217817
2.4325,99,779.327429
3.201724,115,779.459735
4.189259,76,779.547427
2.4875,77,779.632957
3.817778,66,779.715932
3.934103,145,779.982725
1.923846,51,780.038118
-0.103008,39,780.083385
0.204272,77,780.188689
0.118719,44,780.808144
1.510833,127,780.966246
2.073333,62,781.039708
2.498125,55,781.092921
3.301176,156,781.232166
11.27875,593,782.085545
0.12981,119,782.205611
1.684444,272,782.490706
-4.868323,2000,784.579697
2.368203,106,784.704656
1.354996,350,785.050984
0.034869,76,785.142114
5.023514,323,786.20039
5.016667,352,786.67168
3.618475,173,786.926873
1.631373,102,787.044031
2.3925,115,787.18867
2.375,120,787.302574
3.78,392,787.941077
1.806667,56,788.070753
2.822917,85,788.167597
1.019999,102,788.303196
0.83067,105,788.429504
2.523125,47,788.481178
3.186667,272,789.484302
3.009524,59,789.550713
3.186842,43,789.611578
3.718824,164,789.957808
2.054142,98,790.063935
2.592692,295,790.42622
2.2125,187,790.612897
3.684474,331,791.098505
2.02875,106,791.220403
1.835833,49,791.282402
1.869375,157,791.439758
1.610833,103,791.536366
3.117647,464,792.715041
1.725,200,792.92368
2.565988,157,793.105047
3.602727,282,793.48292
1.713333,170,793.638593
1.848333,46,793.701324
2.15,24,793.728879
2.929524,59,793.804378
3.963793,79,793.905101
4.500811,177,794.162599
0.43164,43,794.231632
2.912857,66,794.310416
4.7075,210,794.645662
3.347419,324,795.042117
3.965882,98,795.182839
3.848182,120,795.964554
2.685556,52,796.033638
1.118399,348,796.451526
3.234483,96,796.580169
1.983333,89,796.664452
2.665,77,796.747223
1.925625,139,796.87009
3.383636,222,797.149041
2.485455,156,797.332727
1.806667,142,797.470615
3.273871,165,797.712269
0.971441,50,797.765836
4.19375,381,798.328696
2.783291,350,799.390833
3.381875,210,799.672802
3.305,105,799.799244
-0.003739,82,799.885426
3.813235,535,800.596707
0.607636,93,800.684802
1.466667,60,800.745485
2.66,205,800.989312
1.96,128,801.120186
2.674118,53,801.180763
1.885,152,801.346955
1.92,108,801.460394
0.591031,76,802.048115
1.956875,129,802.167041
1.8125,172,802.353589
2.104444,146,802.533114
2.180952,239,802.843071
2.295385,35,802.88142
1.853333,240,803.1602
-0.209721,29,803.190428
6.193958,323,803.497373
1.885385,61,803.556359
3.026563,175,803.8242
3.238,76,803.916901
2.156875,65,803.988881
1.906875,145,804.165382
1.286918,166,804.335818
3.723226,91,805.042075
2.995556,132,805.238729
2.850357,263,805.599927
3.178,106,805.723669
1.452691,224,806.084171
2.902632,151,806.247702
1.696429,141,806.379727
1.329149,38,806.421539
1.921429,78,806.493864
3.658571,155,806.750355
0.314766,100,806.862808
3.439706,245,807.187211
5.335057,288,807.670014
2.4875,77,808.435073
2.002521,254,808.740022
2.331641,361,809.228851
4.603514,101,809.393179
2.515,66,809.467498
0.552328,250,809.70446
3.255625,246,810.033919
3.35,366,810.505496
1.682809,301,810.797716
4.415,140,811.673215
0.682994,84,811.757663
2.651364,83,811.857852
3.045556,105,812.008219
2.283846,38,812.055276
2.234118,70,812.131178
2.347778,62,812.211435
2.993333,292,812.594751
2.12875,74,812.681403
2.07,63,812.764199
2.671818,74,812.852038
2.374286,162,813.03554
2.224286,225,813.310829
2.750952,134,813.464165
2.5025,71,813.629694
1.81625,174,813.824072
7.393704,484,814.986727
2.48087,202,815.237886
2.72069,394,815.722804
1.642857,156,815.882623
3.472857,88,815.996947
4.111563,95,816.130601
1.493077,163,816.315031
1.875294,192,816.48851
3.512424,137,816.667744
3.445714,304,817.114597
2.096667,55,817.175002
-0.190139,85,817.816118
2.674,203,818.065086
1.5025,129,818.193849
2.720952,113,818.312927
2.487671,448,818.946913
1.446429,211,819.148467
3.087931,181,819.379575
0.906725,137,819.517157
4.197297,113,819.724803
2.37619,157,819.973869
1.956875,129,820.115095
1.655455,67,820.187567
2.014286,52,820.242789
2.884,98,820.932267
3.632857,173,821.154501
1.280748,163,821.296037
2.413158,71,821.377684
2.4775,81,821.475853
3.291667,113,821.639781
4.665758,148,821.84816
1.766667,154,822.015417
3.613333,106,822.15839
3.562857,222,822.493236
2.522681,281,822.828655
2.886667,180,823.08204
1.378571,230,823.314925
3.388889,87,823.432633
4.116977,338,824.519754
1.563077,228,824.755167
2.569524,80,824.847277
1.396364,124,824.970385
2.605882,49,825.026029
3.290588,292,825.445509
3.970882,319,825.840235
-0.055916,68,825.91437
3.142111,94,826.03476
3.146786,97,826.149221
4.042903,85,826.25996
2.475,82,826.358932
2.2075,100,826.482606
2.260588,61,826.557597
4.177027,128,827.360654
2.318421,107,827.482108
1.836285,171,827.687757
3.887576,94,827.815885
1.8975,148,827.967391
3.009091,62,828.037604
2.272353,57,828.094326
2.728947,65,828.162193
3.857941,219,828.472657
4.347397,501,829.304082
2.996538,85,829.419636
3.538904,340,829.810847
1.627778,31,829.847358
-0.132968,58,829.895396
2.347368,96,830.65439
3.105714,120,830.795234
0.120213,58,830.853415
2.593438,401,831.371175
4.486364,108,831.521876
3.173684,48,831.579328
2.485625,59,831.641906
3.067227,172,831.828145
3.103876,120,831.999395
5.076296,434,832.506072
1.28,120,832.612418
1.743333,52,832.687931
2.606957,144,832.861051
2.356111,59,832.927296
2.260588,61,832.996717
4.661395,145,833.871176
2.013636,129,833.992214
3.225862,101,834.131272
2.163529,94,834.252325
2.926923,116,834.401109
2.502609,192,834.624899
2.028571,48,834.676786
2.700435,101,834.798373
1.672759,245,835.06426
1.300726,67,835.115982
2.025556,178,835.281094
2.185,91,835.383001
2.120588,163,835.56133
3.64,297,835.93367
2.71381,221,836.782019
2.467143,123,836.930181
2.52,64,837.004328
3.615161,158,837.248909
0.747595,65,837.320581
2.715,88,837.415843
2.000556,187,837.596901
1.155556,116,837.71962
0.908901,187,837.924747
2.323333,186,838.116467
2.928571,93,838.238845
2.042727,50,838.291633
4.524242,83,838.409643
3.227586,100,838.535226
2.375263,264,838.807273
2.153889,103,838.923826
2.206665,482,840.143976
3.364516,115,840.30431
2.886,97,840.420463
2.504375,53,840.480568
2.094375,85,840.590613
3.923333,106,840.737775
1.750909,46,840.789108
3.294,288,841.100006
0.240713,90,841.176832
2.333889,67,841.255906
1.68,40,841.301762
-1.246934,224,841.496586
3.848276,146,841.685462
1.18,154,841.832817
2.922727,100,841.957965
2.2925,155,842.712413
2.551429,285,843.029377
3.006897,228,843.3235
3.31,102,843.468083
2.260769,44,843.516153
2.224375,197,843.791821
1.890625,147,843.927894
1.36,104,844.029009
2.283889,85,844.114686
2.117273,318,844.456996
2.837619,232,844.726721
1.769091,42,844.774838
3.549655,93,844.902298
1.786554,302,845.866545
2.433182,179,846.088949
2.73125,129,846.23987
3.917368,154,846.502577
3.152143,94,846.623971
3.595588,139,846.831664
3.339305,199,847.049954
3.440714,106,847.189435
1.969412,160,847.34984
3.97625,243,847.741293
3.795556,78,847.860358
2.991667,293,848.259566
1.566667,42,848.948943
0.623494,161,849.271645
1.662308,119,849.393312
6.024545,426,850.074921
2.184737,154,850.266383
2.052857,128,850.381251
2.711304,96,850.492645
-8.232681,2000,852.390329
3.258333,133,852.565134
50.04621,2000,855.410675
4.226296,56,855.475613
2.300556,79,855.554646
1.69,38,855.597052
2.725789,70,855.678066
2.013125,111,855.792803
2.1925,195,855.983703
3.480606,158,856.176066
2.05375,98,856.274914
1.845882,202,856.996299
2.31,189,857.224094
1.723333,76,857.302203
2.169375,61,857.369818
1.705,35,857.409724
3.273333,124,857.604507
3.016563,399,858.11619
2.952381,83,858.210146
3.224138,102,858.332747
3.226667,104,858.459928
1.6725,220,858.706959
0.546031,62,858.777428
1.510833,127,858.885225
3.533235,127,859.059192
2.026667,124,859.235063
3.396296,83,859.335974
1.190975,158,860.111457
2.390952,155,860.277613
2.017857,51,860.330308
2.674,203,860.581201
3.408889,114,860.717968
4.325,119,860.880611
4.98375,261,861.310936
4.3025,166,861.544693
2.151667,129,861.66144
2.192222,118,861.774662
3.716875,98,861.915306
2.267273,252,862.180385
1.34,168,862.356554
2.510455,145,863.106942
2.889393,293,863.403226
2.678636,71,863.492226
5.183103,265,863.827906
3.70875,449,864.459362
4.051667,77,864.568554
3.206667,164,864.800179
2.705791,85,864.888506
3.136207,153,865.116909
2.21,231,865.376347
2.337391,268,866.2217
0.158671,53,866.269846
2.12875,74,866.344043
3.073478,72,866.425973
1.633333,194,866.632852
-0.055266,59,866.7035
2.706,187,867.005134
1.79827,413,867.678468
3.263939,301,868.250846
2.879524,80,868.362747
2.661923,259,868.748338
2.328636,225,869.00741
0.934882,212,869.972488
1.705,35,870.007739
2.73,175,870.247863
2.743913,81,870.352992
2.738947,65,870.432919
2.746087,80,870.55459
3.306364,273,870.926507
0.063058,34,870.969015
3.4925,161,871.17249
2.426471,110,871.289354
3.9625,77,871.402612
6.589744,632,872.377927
2.035714,46,872.42903
-0.322466,71,872.506079
3.780833,129,873.363689
2.014286,52,873.432622
-0.110757,63,873.502358
2.2175,185,873.817788
2.889048,76,873.90404
2.632778,71,873.979
3.68129,117,874.168989
3.086207,182,874.434368
2.321605,164,874.58719
-0.299142,70,874.66254
2.569524,80,874.788391
2.271053,125,874.924944
1.74125,198,875.107738
2.943913,357,875.53907
-0.10764,17,875.556669
2.468,306,876.478218
3.261667,131,876.642942
2.19125,54,876.702133
4.335294,112,876.873228
-0.165078,64,876.971442
2.969615,99,877.105963
4.228148,55,877.183629
3.238342,318,877.625175
2.581154,301,877.964186
0.973707,123,878.083129
3.83875,353,878.629275
3.486765,213,878.934281
1.823846,77,879.023803
2.36,42,879.0902
3.285294,350,880.09949
1.769167,65,880.162108
1.295083,100,880.290565
3.194688,285,880.66572
4.815909,213,880.922331
-0.19849,39,880.957223
2.067222,163,881.129245
3.377778,93,881.241825
3.854242,116,881.429592
1.5775,111,881.544497
4.998873,362,881.882908
3.622632,378,883.046543
2.621667,75,883.143094
2.965,309,883.503858
3.585,270,883.908638
2.702222,100,884.022871
1.797143,110,884.152619
3.659263,403,884.771356
1.686377,352,885.221664
2.973448,201,885.497863
2.540952,92,886.205677
2.669545,75,886.293086
2.038125,103,886.404415
2.636,217,886.664228
2.187692,63,886.729347
3.383704,133,886.88656
3.036511,147,887.078895
3.79875,148,887.278475
3.238,76,887.369192
0.165762,38,887.427183
1.81006,227,887.669301
2.42,104,887.804199
2.16625,62,887.875773
2.003571,55,887.93155
2.093333,56,887.991052
3.323636,255,888.341913
2.850952,92,888.442401
3.324848,307,889.630281
1.225,131,889.757999
4.033125,94,889.893252
4.0375,130,890.095809
2.113333,50,890.15036
1.944375,133,890.289125
3.95,87,890.428545
0.050008,44,890.470837
2.097778,152,890.627387
4.344118,106,890.761921
4.596757,106,890.906216
3.060435,78,890.990419
2.1,232,891.242796
3.18,180,891.514874
2.446818,173,891.699926
1.460833,139,891.858953
1.443248,159,892.60228
1.764286,122,892.710604
1.982143,61,892.772928
1.653571,153,892.910037
2.961667,311,893.323625
3.18,252,893.640597
3.5775,232,893.960663
2.125,222,894.1919
1.359694,94,894.312035
2.931923,155,894.497191
1.9725,124,894.621275
2.546818,129,894.800164
3.457778,93,895.542909
0.812996,97,895.637888
1.260843,154,895.774295
2.626522,135,895.926397
2.063333,65,896.014532
2.427526,118,896.159969
2.96,312,896.560684
2.335455,222,896.827413
2.347368,96,896.936413
3.234,78,897.028352
3.870417,67,897.095588
4.367597,243,897.473083
2.764643,311,897.852647
1.881538,62,897.941719
3.2,116,898.680401
1.977143,152,898.817686
2.841429,96,898.909356
2.758636,203,899.129177
2.680909,70,899.245678
3.889375,90,899.374108
2.653636,82,899.46877
1.694167,83,899.550162
-7.995798,2000,901.464521
3.095172,171,901.651611
1.778571,118,901.760116
2.973333,304,902.14094
2.106667,52,902.201655
1.86425,349,902.675212
3.617647,124,902.866083
1.973333,92,902.959659
2.141887,207,903.869061
2.4975,73,903.951256
6.100588,360,904.42702
0.147687,42,904.488263
1.764545,43,904.549106
2.28955,310,904.951067
2.171579,159,905.128405
4.253953,289,905.663865
2.723571,334,906.070538
1.793846,103,906.166061
3.389697,218,907.084289
3.020937,239,907.4007
3.863333,110,907.577701
2.7925,79,907.67696
4.07625,411,908.302325
3.18,48,908.359241
2.979545,75,908.448178
3.480769,166,908.629945
2.747917,121,908.764722
2.909091,172,908.930785
1.453497,81,909.073409
-8.704635,2000,911.203458
2.019412,143,911.352774
2.033636,52,911.404981
1.885714,88,911.48783
2.261111,230,911.738375
1.417857,219,912.570843
2.386842,81,912.665327
2.3125,115,912.796332
1.555556,44,912.858879
2.162941,67,912.927794
2.312,384,913.398409
2.292857,192,913.598875
2.4775,81,913.700677
3.525687,221,914.040051
2.828,126,914.196063
2.324286,52,914.24772
2.93,324,914.629268
3.35,108,914.761707
1.575,59,914.818363
2.567273,120,915.582438
2.188125,55,915.643229
2.58381,74,915.72808
1.706667,172,915.905915
2.299231,34,915.94522
3.1325,259,916.225544
2.1975,52,916.282464
4.469459,141,916.495931
2.385455,200,916.754776
2.929524,59,916.826866
2.75913,74,916.919109
2.834286,272,917.242763
2.468889,130,917.36427
3.425556,240,917.646433
2.724138,392,918.793367
4.364595,226,919.106113
2.05,69,919.184092
3.208485,331,919.634641
-0.041281,44,919.686344
4.8275,122,919.910149
2.4175,105,920.025334
3.318333,97,920.167939
2.87,252,920.447788
1.895791,161,920.595616
2.266471,59,920.65337
-0.828176,223,920.819758
1.172906,76,920.895685
2.292222,82,920.9938
3.313704,160,921.7848
2.965192,156,922.0006
0.241372,107,922.119487
0.226999,50,922.180485
0.486742,73,922.257939
0.02845,42,922.313668
3.344444,111,922.449309
-0.15206,86,922.52464
2.175625,59,922.586746
2.817778,228,922.911691
2.760625,454,923.574205
1.342857,240,923.804922
0.378284,40,923.852857
3.375926,94,923.986427
4.81875,129,924.198541
2.31,189,924.956031
6.167879,272,925.360514
3.13,114,925.53286
3.286667,116,925.682793
1.247016,216,925.940568
2.16,64,926.013143
2.405789,70,926.091235
0.498886,200,926.353754
2.173889,121,926.511173
1.948824,167,926.693773
3.404063,151,926.89629
1.273636,151,927.059372
1.211111,106,927.155684
3.760938,121,927.308947
3.933182,223,928.359709
2.49,76,928.474627
0.943424,204,928.773849
1.554545,87,928.846328
2.163158,166,928.992887
2.58381,74,929.073861
3.91,114,929.203184
2.276316,123,929.450132
2.912,84,929.53924
1.57,143,929.674485
1.239231,229,929.924661
2.73625,158,930.098063
2.597059,52,930.170166
-0.039564,134,930.282855
1.243616,368,931.306851
1.692857,142,931.453556
1.904615,56,931.513377
1.87,123,931.627722
2.34,200,931.829
3.468125,110,932.01727
3.284594,312,932.403405
2.213158,261,932.69997
1.627778,31,932.748431
4.01,102,932.884462
2.060909,46,932.931321
2.528235,262,933.265841
2.050556,169,933.444949
3.045161,313,934.540736
2.743913,81,934.632738
1.972218,173,934.822034
1.798333,58,934.884731
3.396667,126,935.075846
0.019527,85,935.160066
2.945556,159,935.360008
-0.208837,107,935.480397
1.53364,190,935.678346
1.91,111,935.789126
1.909791,149,935.95574
2.45619,94,936.089473
1.837059,205,936.297833
0.663937,49,936.349706
3.262049,173,936.594918
2.590952,71,937.30974
2.4675,85,937.40159
3.17821,188,937.634412
2.871579,197,937.88505
0.273019,74,937.967246
0.766386,80,938.102008
2.7675,93,938.207967
2.869091,555,938.960393
1.159724,118,939.120629
2.850634,358,939.54766
1.928635,286,940.563567
3.62,210,940.831862
0.738666,175,941.031215
1.828256,307,941.438416
2.025008,221,941.731424
1.38,100,941.832179
3.399048,202,942.079497
3.081071,89,942.2264
2.578636,115,942.359046
2.56,84,942.456381
2.073333,62,942.548498
4.292895,165,942.800744
3.150357,95,942.95236
4.198649,112,943.115943
2.641579,102,943.8774
2.496842,157,944.041085
-3.125148,2000,946.566355
0.766276,147,946.705719
2.096667,55,946.763195
0.936127,100,946.875018
3.391347,496,947.567912
2.035,104,947.705425
2.073333,62,947.776024
3.411765,264,948.129622
0.485606,153,948.284124
2.307222,73,948.496443
2.276154,40,948.537869
3.563448,85,948.681601
3.861818,111,948.841029
2.89,95,948.968258
3.545758,115,949.166252
2.421617,246,950.068461
3.482699,261,950.32732
1.319791,217,950.543556
1.219642,136,950.742186
2.942,149,950.912754
1.9725,124,951.061199
-0.027296,33,951.090713
-0.188801,44,951.133585
0.630801,104,951.282893
2.65913,120,951.421019
1.111289,84,951.494445
1.660132,136,951.635374
3.414348,435,952.595263
3.569118,157,952.852351
3.791613,247,953.179151
2.811053,68,953.263519
0.201444,68,953.337708
1.498333,130,953.464399
4.054186,392,954.121905
2.67,115,954.253428
2.663478,118,954.392742
2.135,72,954.46949
-7.915798,2000,956.325365
2.370714,39,956.357478
1.053331,210,956.5746
1.904615,56,956.62307
0.736224,331,956.970204
2.906,87,957.709565
2.289565,290,958.025027
3.140026,191,958.316504
0.594782,163,958.485835
1.398245,491,959.14408
2.3575,100,959.264442
2.358,361,959.684575
1.478182,106,959.800992
0.189586,59,959.865408
2.5175,65,959.947279
2.952273,87,960.047644
2.41375,82,960.135211
2.150625,67,960.801133
3.063793,195,961.043079
0.788151,140,961.197396
2.273529,162,961.353155
2.2325,179,961.557993
1.651391,208,961.815468
1.694602,55,961.872813
-0.264409,71,961.939147
0.200312,170,962.107402
-7.509992,2000,964.251835
0.794603,123,964.363616
3.163103,91,964.47358
2.065625,91,964.565542
2.270197,201,964.818466
-0.031918,76,964.88734
0.517691,70,964.958516
2.41375,82,965.037115
2.10375,82,965.122763
2.075556,160,965.895598
3.251852,161,966.102047
-5.522322,2000,968.130644
2.685,568,968.965494
2.579048,76,969.056835
2.917619,64,969.151814
1.946429,71,969.237957
3.865185,251,969.526362
2.4,76,969.605516
2.03,136,969.789854
1.806667,142,969.935583
2.194375,53,970.006391
7.71,506,971.188938
1.650625,227,971.416879
2.0175,265,971.706515
1.070726,163,971.891341
3.381875,210,972.16885
3.848571,274,972.554704
2.614706,46,972.626714
0.256999,32,972.671118
3.77625,190,972.876483
3.856667,220,973.187564
2.780833,182,973.420854
3.601875,210,974.254039
2.310625,115,974.357431
2.113529,111,974.463065
0.254807,51,974.517916
1.726415,140,974.664775
2.946552,263,975.007295
1.03041,156,975.226072
-0.702648,223,975.458835
3.892213,216,975.772976
0.95577,54,975.828842
1.713522,206,976.083307
2.08619,283,976.389142
4.646667,182,977.23745
-6.677989,2000,978.649187
0.1318,119,979.257977
2.340556,61,979.335963
0.431634,93,979.428043
4.58375,325,979.924066
2.256842,252,980.190631
1.75375,194,980.405102
3.626471,118,980.574118
4.640465,163,980.825659
2.835,62,980.909678
3.229688,301,981.287612
1.118603,81,981.392972
3.937931,94,981.534314
4.339189,230,982.415541
2.611765,47,982.472271
2.802,139,982.633441
1.026373,270,982.907187
2.378947,84,983.009827
3.961667,83,983.115021
3.955526,125,983.357591
3.808429,278,983.755419
3.549655,93,983.872875
2.113333,50,983.925989
3.308333,103,984.058014
3.388125,110,984.228666
2.738462,267,984.573629
2.217647,181,984.751221
3.657222,218,985.594477
2.662727,78,985.684022
1.238889,101,985.769411
3.503824,147,985.98019
2.254706,63,986.047791
2.294545,240,986.34011
2.056054,294,986.683782
3.9625,219,986.952472
3.026,187,987.158954
2.094375,85,987.258316
2.113333,50,987.320293
3.553333,110,987.499006
-0.093732,54,987.610863
3.718571,113,987.978518
3.102218,404,989.093913
1.321208,152,989.29839
0.415201,50,989.376286
3.241481,199,989.643736
3.455152,485,990.316487
4.565789,279,990.60735
2.007143,54,990.66351
2.986538,85,990.794609
2.678696,111,990.949055
0.117217,27,990.977618
4.0975,104,991.13402
2.641111,68,991.211794
2.916,82,991.313421
1.188889,110,991.414975
3.134242,380,992.487197
1.685,216,992.722179
2.741519,497,993.391502
1.91,216,993.674822
4.361316,113,993.846567
2.2975,153,994.028311
2.58619,73,994.112758
1.792574,150,994.27671
1.8775,39,994.316719
3.331667,125,994.505617
1.89125,150,994.663949
4.093793,137,995.54777
4.4975,138,995.766489
3.797407,77,995.869863
2.5075,69,995.953631
2.113333,50,996.022191
3.342647,311,996.404018
2.723158,71,996.489748
2.925909,59,996.561962
2.879524,80,996.666248
3.665556,212,996.998214
2.110588,112,997.166184
2.1975,52,997.229331
-7.439447,2000,999.21574
0.183964,40,999.255519
1.785882,219,999.462929
1.7,36,999.499526
0.15259,80,999.573662
1.6,36,999.610842
1.892857,86,999.692298
2.75913,74,999.849197
2.050724,532,1001.012255
2.1725,203,1001.265591
3.227586,100,1001.398926
1.791556,162,1001.583602
2.0725,243,1001.842207
2.927143,60,1001.916278
2.483544,210,1002.172562
3.238333,145,1002.367151
4.130313,83,1002.469259
2.254,413,1002.895235
2.231176,71,1002.983439
2.8425,59,1003.655749
2.205263,150,1003.813458
2.858421,50,1003.879259
1.1434,273,1004.171232
1.444444,64,1004.248678
3.675,201,1004.495926
3.355,154,1004.712461
2.85,56,1004.773943
1.180352,117,1004.908265
1.635,49,1004.974953
3.9875,234,1005.33814
2.4375,97,1005.438209
2.859375,378,1005.945117
3.644645,229,1006.871866
3.8675,104,1007.028929
11.1027,855,1008.215081
2.169375,61,1008.286115
2.88,100,1008.431425
1.616667,33,1008.466013
1.7,174,1008.718808
2.906,87,1008.812144
3.722521,806,1010.254705
2.612727,100,1010.387572
3.972564,427,1011.050763
4.816154,393,1011.640232
2.641111,68,1011.719363
3.580615,272,1012.177514
1.266373,190,1012.353713
3.544242,116,1012.538644
2.083125,111,1012.660659
2.615371,349,1013.610913
0.065193,96,1013.715458
3.705833,183,1013.98698
3.329394,238,1014.307137
2.119412,109,1014.425054
5.608,576,1015.094492
2.967368,96,1015.23718
3.873636,156,1015.497594
3.787813,155,1015.731624
2.316667,182,1015.966497
0.111226,16,1015.983829
3.433088,298,1017.014753
0.010396,44,1017.049008
2.906,87,1017.15294
2.545714,90,1017.291772
1.30483,167,1017.498372
2.330909,224,1017.818913
4.82375,125,1018.036104
4.4375,122,1018.254064
3.769722,137,1018.481647
2.567143,81,1018.57255
3.438929,107,1018.709809
1.928571,76,1018.825874
0.548053,88,1018.932006
2.281176,54,1019.008156
2.458125,494,1020.563185
5.159375,666,1021.4992
3.704286,123,1021.707065
3.820909,138,1021.906533
2.0975,233,1022.138454
2.837813,251,1022.612952
0.773342,174,1022.818246
0.428525,113,1022.951472
0.906612,218,1023.18447
-0.33961,74,1024.018808
3.125649,185,1024.237632
2.175556,124,1024.375401
3.869394,106,1024.591818
2.78125,105,1024.747309
0.066686,100,1024.845504
3.735758,280,1025.206038
-0.1002,17,1025.229308
4.037813,91,1025.379193
1.770304,99,1025.511102
4.768571,351,1026.056536
1.752632,322,1026.519953
1.59,108,1026.620951
2.175625,59,1026.68358
0.961111,151,1027.651039
1.963529,162,1027.910754
3.889375,90,1028.091016
3.975,70,1028.267567
2.251176,88,1028.392374
2.8125,71,1028.48346
4.280698,266,1028.952131
0.79314,67,1029.039878
2.995,182,1029.264985
1.577778,40,1029.307297
0.821558,123,1029.452167
2.738,91,1029.567752
0.091386,26,1029.601707
0.369807,82,1029.685724
4.035945,261,1030.17865
0.778436,203,1030.437612
3.317813,155,1030.676194
1.988125,119,1031.56482
2.425,102,1031.676146
3.567241,367,1032.169473
4.673023,135,1032.434619
1.397944,243,1032.856461
7.198966,395,1033.479079
1.804615,82,1033.587728
1.890761,321,1033.934406
1.095,157,1034.084905
3.854242,116,1034.254686
2.504375,53,1035.038793
0.10553,82,1035.132894
2.358925,308,1035.468903
-0.381034,59,1035.520472
4.43,105,1035.657908
-0.134116,33,1035.6888
2.961905,79,1035.778566
3.183291,330,1036.156574
3.175862,130,1036.324489
1.908462,55,1036.384203
3.75625,220,1036.70325
2.1,54,1036.768001
0.093619,93,1036.874589
2.362727,210,1037.129188
9.720769,561,1038.624068
0.198284,80,1038.722427
3.030231,314,1039.154624
-0.265981,155,1039.317128
2.373125,95,1039.425606
2.014286,52,1039.500293
1.627778,31,1039.533076
3.000385,83,1039.637539
2.435217,223,1039.889998
3.17125,198,1040.112774
1.388163,142,1040.242699
3.940833,427,1041.351002
2.226667,102,1041.495558
2.868,106,1041.644429
1.114882,184,1041.871364
1.589231,138,1041.996858
3.15,60,1042.069678
2.529375,45,1042.128125
2.619167,178,1042.368614
3.03,270,1042.728211
2.342222,64,1042.807868
0.938839,134,1043.012868
1.96,128,1043.133915
2.09,119,1043.256702
2.005263,226,1043.510568
4.4275,130,1043.713527
1.595,89,1043.806292
3.786389,125,1044.560403
3.033333,268,1044.927887
1.860833,43,1044.974404
2.423684,67,1045.078489
2.72,92,1045.198505
3.077037,88,1045.322543
14.240436,710,1046.100208
2.12879,54,1046.158122
1.37,100,1046.261852
4.617738,742,1048.204047
2.268421,126,1048.355413
2.557619,85,1048.483453
1.533077,150,1048.705421
3.931034,98,1048.840635
0.27046,41,1048.883643
1.083333,129,1049.031298
3.234483,96,1049.159483
0.35539,30,1049.195528
4.12875,84,1049.32902
2.19,188,1049.517711
2.619545,97,1049.627095
1.432727,116,1049.740219
1.985,120,1049.905432
-0.029864,90,1050.004375
2.728696,88,1050.111131
2.655,171,1050.296466
0.268117,108,1050.448588
3.231034,98,1051.164213
1.623248,79,1051.25716
3.213235,399,1051.818656
2.058889,166,1052.010458
-0.734635,164,1052.174279
5.094286,74,1052.283093
1.954615,43,1052.332204
2.838048,427,1052.926379
3.781081,125,1053.132306
4.484324,130,1053.338053
0.02669,93,1053.47145
2.325556,70,1053.549928
1.8,144,1053.80191
3.306667,104,1054.863031
1.355455,133,1055.144726
0.3359,40,1055.199138
2.773158,52,1055.263057
4.055097,549,1056.059866
2.720833,134,1056.279689
2.103529,111,1056.419745
3.041053,68,1056.512259
4.05518,124,1056.720083
0.308989,70,1056.793596
2.002632,227,1057.036611
1.528571,188,1057.236528
3.893333,56,1057.302365
0.00345,50,1057.35526
4.372059,87,1057.581172
2.488571,114,1058.34644
2.188125,55,1058.405019
4.509091,93,1058.540659
0.934882,212,1058.746279
1.69,177,1058.924629
1.680063,88,1059.022387
2.55,84,1059.132652
2.3125,147,1059.310849
2.58619,73,1059.429681
1.862778,467,1060.125658
3.16,56,1060.195442
3.541034,98,1060.3707
3.84375,341,1061.002257
7.083235,637,1062.704837
2.453636,170,1062.89599
2.37,96,1063.001993
6.191515,263,1063.425486
4.033333,88,1063.587777
2.745,322,1064.075372
2.503462,336,1064.5932
2.682941,50,1064.661938
2.138125,71,1064.751407
1.528182,95,1064.853492
1.345,121,1065.983556
7.744095,617,1066.900125
2.418421,69,1066.987612
2.991304,73,1067.100615
1.21,134,1067.239259
2.75913,74,1067.392218
2.863462,120,1067.549338
2.637727,89,1067.675859
2.953929,205,1067.94582
3.456998,202,1068.270817
2.45381,95,1068.378715
2.773158,52,1068.442712
2.207647,79,1068.613783
2.539141,200,1069.518778
1.781176,224,1069.735982
2.881905,79,1069.847207
1.865,42,1069.895471
2.159412,92,1069.997276
2.906,87,1070.103962
2.044375,101,1070.211423
1.365,162,1070.389829
2.716,182,1070.599537
2.832759,329,1071.029671
3.383438,113,1071.175703
2.094737,192,1071.47101
0.02562,98,1071.561199
2.505238,107,1071.713603
0.853701,114,1071.851662
2.004706,148,1072.629107
2.2375,177,1072.808945
2.53087,179,1073.034834
0.936592,132,1073.18843
3.298333,109,1073.497023
1.65,46,1073.579287
2.737391,84,1073.685445
3.216061,326,1074.124462
1.67,42,1074.170642
2.495,74,1074.252191
2.228235,72,1074.329599
2.07749,278,1074.690592
2.7425,223,1074.932238
2.15375,66,1075.005115
2.825862,333,1075.962013
1.739286,129,1076.107607
2.4525,91,1076.208636
-0.103674,27,1076.246428
2.7975,77,1076.342941
1.7,36,1076.386454
3.88625,92,1076.521584
2.856089,295,1076.899969
2.898054,128,1077.039816
4.483333,110,1077.176506
3.647419,138,1077.380108
2.479375,61,1077.439573
0.912888,107,1077.559558
2.2725,163,1077.74121
3.503103,207,1077.993446
1.543333,221,1078.227403
1.594444,37,1078.270147
2.928462,261,1079.120863
3.733611,163,1079.371146
1.892857,86,1079.45626
2.113125,79,1079.534336
2.29375,146,1079.680067
3.486667,154,1079.919445
2.643913,127,1080.061969
2.637514,215,1080.445334
4.228333,109,1080.578929
3.075263,55,1080.666458
1.569091,86,1080.743568
2.786054,84,1080.834885
2.1125,195,1081.02382
2.977895,92,1081.130377
0.028723,41,1081.163905
-0.18954,65,1081.221759
4.020556,302,1082.197769
1.65375,226,1082.402041
3.535152,122,1082.553494
4.8325,118,1082.722435
1.373636,129,1082.825786
0.222011,48,1082.868997
3.51125,140,1083.066483
2.91,85,1083.157344
1.155649,156,1083.327812
2.550476,88,1083.438109
11.087616,802,1085.030808
2.763873,388,1085.6248
1.445,85,1085.729836
2.833333,80,1085.898745
3.28,120,1086.078913
3.905833,50,1086.140695
0.17289,29,1086.170951
1.322222,86,1086.344689
2.330952,176,1086.6045
0.238322,36,1086.633229
-0.136289,34,1086.661611
3.177778,201,1086.903808
1.656667,187,1087.083796
-0.112461,32,1087.112903
2.914286,99,1087.210191
1.8525,45,1087.25368
0.703225,274,1087.546546
2.616713,201,1088.289948
3.068421,88,1088.372454
4.31,152,1088.588665
3.421515,197,1088.843192
3.307879,272,1089.173111
2.788846,193,1089.415183
-0.05956,81,1089.484685
3.294688,221,1089.830331
-0.098068,92,1089.962279
1.972953,351,1090.321359
1.706429,183,1090.516357
3.348148,109,1091.198617
2.526262,106,1091.313235
0.665606,273,1091.583192
3.238333,97,1091.721651
2.152632,170,1091.897202
4.04,117,1092.091649
-6.372935,2000,1093.94116
1.67,117,1094.087118
1.954615,43,1094.121964
3.118214,113,1094.2303
3.105556,240,1094.457805
0.648467,63,1094.514073
2.746,167,1094.67917
1.543775,389,1095.115088
1.190553,107,1095.209294
3.186842,43,1095.25618
1.828028,410,1096.262306
4.370588,88,1096.388696
1.665075,302,1096.665931
2.765789,127,1096.811558
3.577143,212,1097.071095
1.880714,109,1097.162634
4.572432,124,1097.320443
3.872424,104,1097.473202
0.666954,75,1097.571124
1.465294,269,1097.878837
3.845,209,1098.166735
3.701667,185,1099.030772
8.42125,471,1099.663435
3.791944,121,1099.835723
1.953571,69,1099.901763
-0.286658,73,1099.960079
2.728098,367,1100.374883
2.023333,77,1100.440243
2.600476,67,1100.513928
2.594545,108,1100.633676
3.283333,144,1100.787942
3.770313,115,1100.944359
3.641176,108,1101.089013
0.853148,124,1101.187421
2.636,222,1102.009141
4.37875,169,1102.241153
0.336062,45,1102.284961
2.47,64,1102.449528
3.223567,268,1102.833445
-0.032459,60,1102.889491
3.095,126,1103.034843
0.251168,42,1103.087596
3.472813,107,1103.235316
2.80983,295,1103.539088
2.636795,400,1103.946352
2.119375,77,1104.04228
3.45,301,1104.977316
2.378054,213,1105.211876
3.063103,149,1105.493896
3.695714,129,1105.673761
1.55,182,1105.840241
1.585,248,1106.075039
5.232778,466,1106.640163
-0.78083,179,1106.771942
1.931176,173,1106.943072
3.153438,305,1108.007504
3.82,360,1108.524809
1.755455,45,1108.628676
4.007692,150,1108.833874
2.776,147,1109.00564
1.91,144,1109.135306
3.077907,307,1109.533075
1.500909,101,1109.621385
0.135486,74,1109.698257
1.64,48,1109.744089
0.602193,38,1109.77762
2.358213,115,1109.899585
5.8375,354,1110.425939
1.992857,58,1110.479133
2.163125,63,1111.139523
4.2775,386,1111.694384
1.865,42,1111.739963
2.410526,72,1111.812308
0.066958,91,1111.894077
2.492273,153,1112.069541
-6.4103,2000,1113.91406
2.32,72,1113.979953
-0.536569,125,1114.066414
0.726996,140,1114.195368
11.676268,658,1114.74182
1.981875,121,1114.858507
2.46,88,1114.940254
2.116667,49,1114.996468
3.211111,322,1115.751451
1.215092,92,1115.848554
2.900952,71,1115.910026
2.568182,256,1116.172518
1.831875,169,1116.322007
3.311667,101,1116.448452
3.25,70,1116.545912
1.95,70,1116.617729
2.53,275,1116.9027
0.518984,112,1116.992557
-0.091631,20,1117.01206
2.039286,45,1117.05839
0.802979,73,1117.138886
1.700984,160,1117.287898
1.8775,39,1117.324252
3.779444,130,1117.48018
1.105481,84,1117.562428
11.321605,657,1118.608633
3.30166,376,1119.04405
2.106111,149,1119.187507
3.378235,280,1119.532034
19.412397,1014,1121.432505
2.683163,155,1121.614294
3.536667,350,1122.027726
3.161667,143,1122.217455
1.149201,488,1122.667032
-0.18,8,1122.675887
2.874762,82,1122.762304
3.213333,160,1122.953659
2.017857,51,1123.028419
1.639286,157,1123.170981
2.106667,52,1123.914896
1.314545,142,1124.04255
1.681538,114,1124.161903
-0.079515,16,1124.182346
-0.286093,87,1124.255528
4.289519,256,1124.562765
3.136667,110,1124.69884
1.469167,137,1124.819113
3.439375,122,1124.965466
0.42164,51,1125.030346
4.287635,413,1125.604542
2.617727,309,1125.884113
2.143848,301,1126.789997
0.366009,70,1126.856509
3.958485,100,1126.974736
0.698181,62,1127.041374
0.011056,140,1127.178805
3.616486,306,1127.571878
2.093333,56,1127.632635
1.988824,201,1127.822474
8.022222,704,1128.744151
1.709231,125,1128.853075
1.355,105,1128.933944
-0.173793,8,1128.94415
-0.023614,88,1129.017525
1.692941,254,1129.798521
1.069699,109,1129.895631
2.22,184,1130.057865
4.20037,70,1130.126119
2.125625,75,1130.188168
3.91,48,1130.235044
3.661471,305,1130.599824
1.169439,159,1130.796762
2.4275,101,1130.887952
4.283579,157,1131.06899
3.355909,81,1131.16713
2.86,110,1131.29041
3.736795,154,1131.484009
2.988462,84,1131.582625
0.121038,67,1131.641047
2.1725,60,1131.69266
-0.110051,70,1131.74471
2.667273,76,1132.389317
2.015789,222,1132.592726
1.967273,384,1132.926284
3.268333,127,1133.070873
2.927143,60,1133.134967
3.785,126,1133.297407
2.500476,109,1133.44421
2.285,150,1133.58103
1.365,162,1133.720319
5.130401,643,1134.43924
2.477083,251,1135.18676
5.061429,97,1135.342415
3.851429,244,1135.6971
3.998125,174,1135.900455
3.638333,91,1136.0153
2.864142,174,1136.200512
2.09,57,1136.255772
4.012258,104,1136.371941
4.000028,662,1137.120196
1.671429,148,1137.271742
3.1075,119,1137.917309
2.630909,92,1138.001523
4.324474,141,1138.189293
1.772353,227,1138.396495
3.12125,268,1138.699323
3.050357,151,1138.895391
3.184242,347,1139.296367
2.120833,55,1139.37116
3.542759,97,1139.494351
3.055,255,1139.758079
4.201347,232,1140.071392
5.38981,382,1140.951453
2.024118,138,1141.08307
15.51486,977,1141.881276
2.550085,359,1142.298714
3.261667,131,1142.465133
2.651364,83,1142.552594
1.806667,56,1142.604935
2.063333,65,1143.197415
2.887891,123,1143.323806
1.925625,139,1143.443076
2.698,186,1143.791948
2.166316,161,1143.989754
3.937931,94,1144.097426
2.032143,47,1144.144038
1.723333,167,1144.338704
2.371053,87,1144.43367
2.726522,89,1144.525058
2.169375,61,1144.58184
0.679133,126,1144.680794
2.272778,89,1144.761627
1.875625,155,1144.884363
2.729565,106,1144.991718
1.469412,330,1145.323362
2.854231,159,1146.051446
1.616667,33,1146.082544
3.492759,126,1146.22217
0.381456,82,1146.327692
2.712054,326,1146.690192
3.218,86,1146.791792
1.455,117,1146.894685
2.642273,87,1146.987135
1.950769,44,1147.031254
-0.137553,30,1147.055739
3.460313,115,1147.197311
1.79131,73,1147.263876
2.728421,69,1147.333601
3.1525,59,1147.40143
1.932341,214,1147.69478
2.588571,72,1147.769358
3.065219,292,1148.056224
9.699211,525,1149.269589
2.8125,71,1149.336437
-0.189692,20,1149.352914
4.495097,269,1149.7369
2.985714,69,1149.881695
1.41,92,1149.955821
3.75625,124,1150.114768
4.48973,126,1150.291617
3.83625,355,1150.763012
1.665,43,1150.799692
1.124725,128,1150.911483
3.932727,117,1151.072916
1.75,159,1151.201482
1.204545,164,1151.795449
3.331429,384,1152.226997
3.236,77,1152.312055
3.180882,353,1152.746908
2.825357,277,1153.077637
2.638,221,1153.295146
2.250526,129,1153.424917
3.064201,173,1153.617221
2.1875,197,1153.790953
2.187143,207,1154.550897
2.646818,85,1154.636363
4.185,368,1155.002494
3.776496,519,1155.566213
1.919412,177,1155.738842
3.658571,155,1155.946732
1.8025,57,1155.995858
1.373571,321,1156.295823
2.666111,59,1156.36174
2.875882,574,1157.577811
0.365475,64,1157.627534
4.126279,330,1158.113993
2.093333,56,1158.168528
1.988408,99,1158.258359
2.579048,76,1158.350146
-3.925504,2000,1160.366973
4.166216,136,1160.574635
2.416316,66,1160.639134
2.704956,341,1161.026646
0.434807,60,1161.092754
2.191176,139,1161.265131
-6.318614,2000,1163.165057
3.958929,79,1163.250126
3.1775,49,1163.296987
-0.15954,53,1163.354861
47.382317,2000,1165.616706
-0.909166,218,1165.802983
2.325909,191,1166.518242
3.654286,158,1166.732146
3.538571,239,1167.026213
1.288342,95,1167.125221
2.658182,80,1167.219459
2.164444,128,1167.363695
0.351199,62,1167.445654
2.82,68,1167.517895
2.748,166,1167.893995
3.150357,95,1168.040562
3.29125,470,1168.542561
3.255,135,1168.823366
1.689286,143,1169.005164
3.178816,214,1169.896607
2.677222,55,1169.961539
2.135,72,1170.059747
3.684516,115,1170.197986
1.245906,59,1170.268407
3.318485,265,1170.594523
2.126667,138,1170.719542
2.07875,90,1170.811868
3.089545,383,1171.231428
1.805032,222,1171.446752
0.048613,85,1171.521595
2.1575,209,1171.754198
2.478125,87,1171.838127
3.3425,280,1172.723359
1.653333,188,1172.904198
3.449375,122,1173.058007
1.9373,74,1173.13495
1.622222,32,1173.163381
1.791818,37,1173.20284
3.034483,212,1173.457629
3.288438,225,1173.789781
-6.510814,2000,1175.606752
0.574232,82,1175.683839
3.7225,171,1175.920381
2.385,238,1176.15533
1.956052,82,1176.251086
2.795833,98,1176.374532
1.557938,147,1176.54952
6.75,493,1177.590761
3.444511,60,1177.652348
3.062222,96,1177.769047
0.480675,78,1177.868693
2.676522,112,1177.983554
2.16,64,1178.051357
-0.108503,29,1178.087319
3.291667,113,1178.221851
1.831667,50,1178.268247
3.967241,77,1178.36468
2.099286,115,1178.486366
3.702857,124,1178.657523
2.434806,529,1179.207636
3.271667,407,1180.34726
0.039511,138,1180.535571
3.394138,189,1180.780315
-1.004434,281,1180.976253
2.4375,100,1181.055138
1.553333,218,1181.209023
1.844798,126,1181.334152
-6.430814,2000,1183.098732
1.848333,46,1183.267206
2.295385,35,1183.305189
3.927895,146,1183.526553
2.295789,298,1183.791242
3.592647,141,1183.985722
-2.676592,2000,1186.560119
3.942368,135,1186.774205
0.57222,110,1186.871506
0.746996,50,1186.923653
2.895,238,1187.725932
1.221429,274,1187.979283
2.410455,189,1188.166152
1.768291,208,1188.376768
1.591818,81,1188.44902
3.948947,130,1188.7324
2.344054,150,1188.912572
1.882143,89,1189.001446
3.215,272,1189.291358
1.773333,64,1189.341437
3.37963,92,1189.432711
2.117891,500,1190.527604
4.524242,83,1190.628896
2.073333,62,1190.720184
10.563342,507,1191.193037
3.093548,283,1191.542943
2.584211,120,1191.662707
1.225385,230,1191.865859
0.559488,122,1191.989374
1.804706,216,1192.204119
6.136347,612,1193.537777
2.106667,52,1193.595636
0.909841,41,1193.637967
-0.463954,194,1193.810202
2.644545,86,1193.935584
2.835909,169,1194.09557
0.070008,38,1194.124304
3.540625,262,1194.432746
2.615625,43,1194.474418
2.431429,138,1194.612964
3.275,123,1194.783054
3.016667,56,1194.843131
1.446923,175,1194.976587
2.419524,143,1195.101902
4.044054,219,1195.394921
0.226007,109,1196.077447
2.407895,73,1196.154787
2.336842,100,1196.252932
4.124063,87,1196.375298
3.781176,122,1196.488299
2.573636,82,1196.570419
3.041852,107,1196.719457
-0.287943,64,1196.762784
-2.640377,2000,1198.833175
3.224138,102,1198.954552
2.702,269,1199.216523
9.189302,379,1199.80168
2.5125,67,1199.860821
1.646364,69,1199.931522
2.746087,80,1200.01744
4.324474,141,1200.209055
3.325695,211,1200.477604
2.239444,101,1201.093812
2.557619,85,1201.171966
2.946538,111,1201.287837
-8.733333,2000,1202.965701
1.311111,88,1203.034792
3.361875,178,1203.256487
6.525,382,1203.889589
2.429375,77,1203.966605
3.062963,263,1204.251791
2.439474,61,1204.307573
2.498125,55,1204.354318
3.377712,268,1204.655681
3.566897,83,1204.765572
2.431579,64,1204.828535
3.270231,300,1205.186229
3.314286,396,1206.218051
3.762016,520,1206.947484
3.595,77,1207.031178
4.425714,108,1207.16331
0.430679,70,1207.22857
2.207222,109,1207.345893
3.008621,227,1207.591125
2.658182,80,1207.674827
2.303889,103,1207.792034
2.329048,181,1207.964449
-0.020855,110,1208.054101
3.855,112,1208.737521
3.897436,236,1209.185621
2.086027,121,1209.321799
0.095833,697,1210.067393
3.424091,51,1210.119173
2.756957,75,1210.199019
4.213333,171,1210.363324
2.894,93,1210.491812
2.452609,215,1210.68282
1.873333,40,1210.720271
5.095714,73,1210.813244
3.1725,51,1210.86604
0.027864,48,1210.924329
2.898,91,1211.030982
0.273575,58,1211.090783
2.303333,78,1211.741521
-3.768066,2000,1213.684014
2.023333,77,1213.748018
0.235924,45,1213.787436
3.855758,115,1213.9252
2.025,49,1213.973335
2.016667,79,1214.064823
-0.224132,65,1214.140324
-0.210852,75,1214.210664
3.012963,290,1214.50921
-3.637868,2000,1216.75377
2.584,248,1217.031196
1.56,216,1217.211672
4.2,111,1217.369356
1.84,48,1217.422737
1.616154,131,1217.53978
1.8775,39,1217.576949
-0.081681,61,1217.627426
4.021795,139,1217.828784
2.15,171,1218.012121
0.9,196,1218.686092
3.095,126,1218.852477
3.344545,294,1219.208722
0.066298,43,1219.260046
3.893333,56,1219.321586
3.516176,193,1219.589917
3.49,88,1219.682753
1.573333,112,1219.779659
1.885,152,1219.941149
4.570526,585,1220.521102
0.4236,97,1220.624723
3.119412,456,1221.857626
1.781875,185,1222.036189
3.382727,216,1222.303515
0.512478,189,1222.496367
2.32,320,1222.794309
1.8,112,1222.893947
-0.172009,16,1222.911446
0.121275,49,1222.950146
1.363894,81,1223.01595
1.971818,382,1223.399085
2.743214,323,1224.329114
1.796875,177,1224.478153
1.716588,345,1224.881152
3.248889,512,1225.650549
4.469063,391,1226.08556
3.325129,251,1226.346438
2.486316,161,1226.521056
16.43,1640,1229.035762
2.462381,125,1229.184657
5.077143,86,1229.293015
3.324,73,1229.391664
4.662558,144,1229.628659
3.765385,339,1230.65633
0.350682,117,1230.820974
-0.184297,44,1230.886911
2.16625,62,1230.949912
-6.316727,2000,1232.845235
2.1975,52,1232.892251
2.14125,70,1232.957287
1.776667,151,1233.084748
0.107986,58,1233.15092
1.238038,44,1233.193993
2.150435,354,1233.536326
0.820127,44,1233.672435
3.544483,96,1233.800503
1.675,41,1233.835622
4.369118,89,1233.945855
3.008824,133,1234.090803
2.618214,393,1234.502105
2.29,156,1235.208878
4.361765,94,1235.335293
0.248282,38,1235.376255
2.242694,324,1235.693534
4.01,272,1236.062432
2.29,156,1236.216456
2.651364,83,1236.314826
2.168174,141,1236.475946
3.639706,109,1236.620782
1.516667,51,1236.666554
0.927694,123,1236.790215
1.523636,96,1236.876241
2.315304,234,1237.091792
2.023291,78,1237.168639
0.387767,107,1237.253885
2.910476,67,1237.314967
2.014286,52,1237.364473
2.3575,129,1238.086514
3.108621,169,1238.287773
0.793204,102,1238.423679
2.612011,114,1238.546734
3.807273,147,1238.719405
4.0125,398,1239.243297
0.473735,141,1239.364786
1.82875,170,1239.510677
3.589737,403,1240.044853
7.334444,381,1241.004141
2.735217,85,1241.115558
3.590968,173,1241.313918
6.753634,317,1241.725877
4.44,120,1241.92313
2.817188,309,1242.269951
2.010714,53,1242.323567
2.435455,178,1242.511166
1.858462,68,1242.574309
1.225,131,1242.685725
1.873333,40,1242.74079
2.310556,187,1242.93645
0.139861,20,1242.955208
1.838125,167,1243.099973
-4.532188,2000,1244.991969
3.764063,119,1245.131626
1.930054,277,1245.909016
-0.135942,61,1245.979524
-5.102107,2000,1247.869635
2.117222,145,1247.991215
2.600476,67,1248.075806
1.411111,70,1248.188838
1.59,58,1248.250618
1.938125,135,1248.370643
0.834699,203,1248.63935
1.552308,145,1248.793881
3.937179,205,1249.082532
1.175,141,1249.194025
2.291538,36,1249.227091
2.576667,77,1249.321255
3.03,258,1249.660999
0.994059,143,1249.782594
3.585294,146,1250.500535
3.558824,164,1250.68197
1.5025,129,1250.796193
1.923684,257,1251.03161
3.234,78,1251.12862
2.1,54,1251.184355
0.068989,118,1251.296962
3.81375,365,1251.835607
-0.7928,228,1252.014909
1.5,76,1252.07865
2.515,66,1252.145963
1.794167,59,1252.198419
1.76,44,1252.242374
0.836652,97,1252.366966
1.671429,148,1252.500815
2.121579,178,1253.29323
1.427557,224,1253.51805
3.468333,354,1253.967432
1.322323,54,1254.038548
2.642273,87,1254.142771
2.837857,270,1254.420374
2.271053,125,1254.556485
0.757994,266,1254.790186
1.713125,207,1254.945689
3.2,116,1255.063945
3.321818,243,1255.344183
3.401724,231,1256.241798
1.964286,66,1256.302977
1.733746,303,1256.662929
3.967576,94,1256.808042
1.563909,134,1256.922259
2.506957,190,1257.134119
-0.072868,21,1257.157755
3.375938,169,1257.357606
1.467857,205,1257.533647
1.029892,120,1257.649932
1.671111,302,1257.948498
1.546364,91,1258.017458
0.284224,47,1258.057005
2.912857,66,1258.120714
1.389375,285,1258.850466
4.258378,238,1259.147955
3.173214,295,1259.483263
3.715161,96,1259.593037
2.360526,91,1259.688103
3.104211,44,1259.734337
0.522636,131,1259.854246
-0.343048,97,1259.935557
3.966667,80,1260.027489
2.224706,97,1260.119614
1.337273,137,1260.246616
0.771893,94,1260.33816
2.593333,70,1260.409668
1.850744,229,1260.65827
3.40875,148,1261.314339
1.844167,47,1261.353236
2.508182,146,1261.485789
2.808333,92,1261.58501
1.802308,80,1261.706363
3.982143,66,1261.785612
3.625455,267,1262.102065
3.323846,76,1262.194184
4.363077,177,1262.435731
2.316667,182,1262.614889
0.321809,41,1262.682027
2.741739,82,1262.782905
15.55452,1104,1264.782962
1.228961,296,1265.04292
-0.669362,601,1265.632622
2.615625,43,1265.681984
3.22931,99,1265.801798
3.522121,124,1265.968808
0.704233,94,1266.061443
1.88,120,1266.168743
-0.719252,803,1267.471009
3.398148,82,1267.562051
3.7025,248,1267.986997
0.228534,174,1268.180833
2.178696,341,1268.517796
2.196111,113,1268.625432
1.610526,338,1268.925286
0.768217,54,1268.975754
2.496087,195,1269.183381
1.747222,361,1270.12609
1.71,34,1270.157034
2.228235,72,1270.227953
2.426,327,1270.589526
3.723333,364,1271.079442
2.726522,89,1271.188971
2.628636,93,1271.287645
0.487136,65,1271.364534
2.01,112,1271.498935
3.141429,100,1271.635623
2.924,78,1271.726647
2.592,244,1271.987831
3.010345,226,1272.828474
3.034074,149,1273.015561
2.918,81,1273.106933
3.743243,301,1273.465475
2.953244,516,1274.171943
2.4,112,1274.278465
0.506432,76,1274.343584
2.360526,91,1274.44202
3.629394,106,1274.591201
2.336067,298,1275.029459
2.614706,46,1275.076182
1.64,416,1276.00042
2.64,88,1276.086241
1.721429,134,1276.202286
2.888,96,1276.356922
0.480166,108,1276.468899
2.58,588,1277.46092
0.868234,129,1277.591947
0.194266,92,1277.669823
-0.366172,349,1278.009486
1.869167,41,1278.049038
1.095233,56,1278.104087
3.546207,95,1278.225335
0.009258,49,1279.22691
3.161071,89,1279.372887
4.127188,85,1279.523528
1.71685,82,1279.61142
2.174706,114,1279.722346
1.329524,223,1280.055662
3.865938,105,1280.227322
3.620231,209,1280.681093
2.373684,86,1280.899963
2.565,204,1281.202674
2.276154,40,1281.256832
0.381474,37,1281.286794
3.614706,126,1281.532792
3.245625,246,1281.939925
2.00375,114,1282.069084
2.646818,85,1282.162189
3.94875,649,1284.006836
2.196667,203,1284.239843
2.658182,80,1284.336094
3.29,114,1284.468877
1.489231,164,1284.642759
2.455,90,1284.756526
1.88125,150,1284.949695
2.670775,123,1285.080288
1.141818,180,1285.237081
2.269545,251,1285.525268
1.325536,281,1287.073084
3.051795,289,1287.489395
-0.093577,25,1287.526368
2.377857,37,1287.564562
1.143342,63,1287.682054
3.401846,146,1288.008307
2.750054,247,1288.311044
1.71,34,1288.354143
2.32,72,1288.431815
1.973571,97,1288.533904
2.725,132,1288.865555
2.333889,67,1288.951588
1.391063,125,1289.066311
3.748438,129,1289.214937
2.51,68,1289.33307
2.1975,52,1289.399989
1.789231,86,1289.483435
1.169091,174,1289.669031
3.409688,141,1289.895916
2.752,164,1290.883431
2.588571,72,1290.96607
2.89,90,1291.063815
3.308816,313,1291.511113
3.644839,90,1291.640711
2.269412,58,1291.733866
4.421429,111,1291.900293
2.347778,62,1291.960825
1.664691,214,1292.206748
3.770321,136,1292.388782
2.643182,157,1292.555925
0.079694,205,1292.789582
1.714545,54,1292.840531
1.746364,47,1292.886298
2.035714,46,1292.935318
3.037931,210,1293.184539
4.65931,505,1294.814126
2.677201,222,1295.047474
2.943704,160,1295.212814
3.514444,436,1295.738152
2.3225,139,1295.916656
1.64,192,1296.08369
1.255,125,1296.186639
3.89332,328,1296.98784
2.512222,118,1297.092941
3.09303,394,1297.547325
1.695,37,1297.583059
0.812222,82,1297.655626
2.4625,258,1298.077399
2.833462,138,1298.249395
3.164242,347,1298.675542
3.241379,92,1298.828325
1.076617,307,1299.134216
2.242143,75,1299.249013
2.2473,74,1299.32567
2.748261,79,1299.403367
2.594118,53,1300.057366
2.61875,42,1300.104579
3.372222,96,1300.207704
-0.140757,42,1300.243826
2.922,79,1300.351286
3.147813,315,1300.759964
1.969412,160,1300.937825
0.247886,70,1301.016654
3.415714,204,1301.286718
1.485385,165,1301.471434
2.26,168,1301.638199
-0.310304,122,1301.795905
1.777153,226,1302.07859
9.05,551,1303.113476
1.766471,229,1303.324139
1.215,197,1303.471479
4.11,96,1303.576685
2.288571,198,1303.768839
1.3473,340,1304.1539
0.236888,53,1304.209944
2.228235,72,1304.279095
2.428421,183,1304.468441
0.188652,27,1304.492923
3.586389,269,1304.917793
2.978519,179,1305.70325
1.896429,85,1305.793306
3.795313,99,1305.933547
2.889048,76,1306.010118
3.608333,109,1306.152239
2.226364,270,1306.409375
0.959999,95,1306.535572
1.588889,38,1306.576487
2.58381,74,1306.65134
3.553333,110,1306.812596
1.564545,87,1306.894783
2.581429,75,1306.974326
3.620588,122,1307.134103
11.015443,625,1307.992191
2.345,63,1308.058442
1.569167,113,1308.886976
1.01,209,1309.155781
0.008619,19,1309.175013
2.066667,64,1309.299538
2.245882,66,1309.35546
1.994375,117,1309.496816
4.84375,109,1309.681913
2.598095,68,1309.772023
2.031875,105,1309.879986
2.934615,112,1309.998635
2.239091,260,1310.393147
1.131487,351,1310.786818
3.015641,792,1312.575818
3.578056,275,1312.948112
2.884286,78,1313.05951
2.4875,77,1313.142992
2.222827,115,1313.268926
3.263333,130,1313.453757
0.315828,63,1313.534575
1.645882,270,1313.776972
2.427647,113,1313.923054
0.253964,165,1314.120014
2.026667,76,1314.199693
2.816667,88,1314.315821
1.988054,368,1314.773846
3.421818,52,1315.622197
0.056099,93,1315.690163
2.057895,206,1315.865525
1.457623,180,1316.005703
1.435833,145,1316.146417
2.5175,65,1316.224907
2.540953,107,1316.373703
2.059545,339,1316.801978
-0.162801,48,1316.90952
2.798325,96,1317.096315
1.814167,75,1317.168533
2.19,196,1317.393041
4.438378,164,1317.659988
1.356795,146,1317.821735
3.855,484,1319.102517
2.58619,73,1319.203635
2.553637,249,1319.433096
0.335656,62,1319.483068
3.946552,89,1319.611735
1.922353,176,1319.781053
2.86,110,1319.911129
1.375714,228,1320.158841
1.033644,124,1320.316876
2.195714,88,1320.396917
2.17381,242,1320.64207
3.668387,125,1320.791125
2.175625,59,1320.849538
2.114821,140,1321.542461
3.130672,195,1321.840605
2.146087,356,1322.184178
1.495,77,1322.269787
3.383727,128,1322.447269
2.214275,164,1322.663567
1.244444,100,1322.754215
3.27963,146,1322.938917
2.717917,97,1323.044953
2.413636,258,1323.280536
0.158818,121,1323.401543
0.278151,380,1324.342856
2.59375,50,1324.423686
-1.6096,190,1324.576817
3.105714,120,1324.723638
0.17044,117,1324.848046
2.457199,243,1325.148825
2.735217,85,1325.254575
2.59375,50,1325.316239
0.423808,50,1325.354469
3.761935,160,1325.554233
0.832273,203,1325.719334
3.27303,295,1326.073043
5.024545,328,1326.421071
2.289498,173,1327.113466
2.163125,63,1327.180795
3.355833,435,1327.717646
3.2275,78,1327.808876
2.397368,77,1327.898902
1.948824,167,1328.101439
2.127857,107,1328.211942
0.158699,76,1328.297528
2.84,120,1328.468481
0.48814,29,1328.499944
4.31,152,1328.717941
2.481511,199,1328.939667
3.846667,152,1329.115835
3.547931,94,1329.252342
2.698261,102,1329.364592
1.877692,63,1329.424629
3.426667,187,1330.241562
2.36,128,1330.361087
1.769979,254,1330.680179
3.151481,172,1330.865538
3.840606,125,1331.104423
2.286842,119,1331.211192
3.7625,120,1331.543592
1.203895,202,1331.779872
1.950769,44,1331.831799
0.121491,51,1331.876129
2.5325,183,1332.054634
1.435,89,1332.151693
0.276012,51,1332.203064
2.84381,95,1332.302702
2.197308,459,1333.237208
-0.149635,62,1333.282004
3.321667,95,1333.396596
-0.106923,14,1333.411032
2.106667,52,1333.463429
2.190556,115,1333.6153
0.010749,91,1333.681637
1.396901,70,1333.745552
1.217153,284,1334.06106
0.783707,238,1334.331796
1.244957,129,1334.449925
5.306434,427,1334.894074
1.823333,52,1334.942355
2.592419,243,1335.228365
4.401429,125,1335.925952
2.517059,52,1335.994261
3.518976,249,1336.341979
2.07875,90,1336.449979
4.087838,194,1336.732702
1.027949,137,1336.881511
2.872,104,1337.016316
3.851212,118,1337.173637
0.982028,240,1337.36243
2.19,85,1337.45882
2.225556,106,1337.572314
2.12875,74,1337.676499
0.966715,39,1337.715762
2.475,82,1337.841445
2.207647,79,1337.920756
3.358333,265,1338.223368
0.819539,43,1338.882658
1.053093,101,1338.964403
2.718214,337,1339.305496
1.371379,65,1339.374858
2.672,204,1339.614292
0.841476,91,1339.719468
1.530791,211,1339.935583
1.696667,175,1340.08104
3.4525,120,1340.218126
-0.12171,34,1340.249328
2.448,316,1340.546519
-0.295596,82,1340.635345
1.372222,77,1340.707468
1.864286,94,1340.791962
2.462381,125,1340.911472
-4.883415,2000,1342.782691
4.583243,116,1343.437158
3.778056,131,1343.616349
3.136071,103,1343.729747
0.455287,244,1343.931216
1.04626,73,1343.993135
0.259162,97,1344.108847
3.44,308,1344.512197
1.606667,154,1344.672727
2.561765,64,1344.741394
0.123528,267,1344.991289
1.055,235,1345.201177
2.225294,73,1345.269373
2.519524,101,1345.380516
1.474653,399,1346.40752
2.475909,301,1346.691083
2.240952,218,1346.889852
1.159305,91,1346.997999
2.01619,346,1347.314459
1.64,48,1347.364281
-0.057902,188,1347.554468
2.717826,93,1347.770701
2.656316,161,1347.959013
3.260968,173,1348.174791
2.126429,155,1348.331212
1.74125,198,1349.064229
1.848291,304,1349.359471
2.128623,150,1349.578782
4.724286,235,1349.904722
4.137739,344,1350.305775
2.512727,144,1350.592442
3.108966,163,1350.815958
1.949231,125,1350.946743
3.761389,143,1351.127177
1.622222,32,1351.159329
2.039286,45,1351.207413
2.076364,336,1352.086882
-0.590909,314,1352.307955
2.343826,97,1352.410319
2.11,51,1352.459194
1.795455,34,1352.492335
1.982143,61,1352.553807
2.590952,71,1352.638623
1.864139,147,1352.81823
1.344167,167,1352.954726
3.804242,149,1353.153999
2.217143,228,1353.372468
1.886667,118,1353.50055
2.56,84,1353.665519
1.91389,75,1353.76777
3.801563,95,1353.885266
3.23,455,1355.00929
1.36,104,1355.096505
3.480625,294,1355.508399
3.858788,113,1355.655475
3.86,328,1356.120546
2.546818,129,1356.273491
1.896429,85,1356.3604
2.646818,85,1356.444003
2.354783,260,1356.655771
2.271284,350,1357.032914
2.969231,94,1357.710797
1.800727,69,1357.782345
1.695,37,1357.812627
3.032857,116,1357.948082
5.064286,95,1358.067474
2.293333,196,1358.277303
2.557619,85,1358.363909
1.416464,203,1358.548354
3.968966,76,1358.638413
1.967857,65,1358.70137
5.038571,113,1358.856536
2.11625,78,1358.931349
4.194412,201,1359.210139
3.811795,295,1359.632315
1.8025,57,1359.694392
2.59375,50,1359.749559
2.493333,112,1359.957414
-0.185546,309,1361.093109
4.247576,202,1361.470118
2.836071,271,1362.059666
2.51,105,1362.155803
1.480102,111,1362.289842
2.40125,86,1362.408427
0.760449,135,1362.758262
2.032143,47,1362.809143
1.624211,367,1363.188222
3.674595,707,1364.900024
1.454615,173,1365.127079
1.663013,239,1365.439062
1.829286,59,1365.56617
2.245,174,1365.809108
2.341111,176,1365.984752
3.444848,175,1366.217405
-0.2975,44,1366.253672
3.410455,57,1366.316
3.545588,173,1366.565996
4.332353,114,1366.786271
-0.273615,165,1366.929047
3.943684,134,1367.168982
3.261667,131,1367.335711
-0.367019,64,1367.392577
3.767188,117,1368.049446
-0.111016,128,1368.156814
2.192941,84,1368.234135
-0.086531,6,1368.240694
0.264224,85,1368.309328
3.778889,87,1368.401774
0.593699,126,1368.522108
2.124545,32,1368.645894
2.475,82,1368.743259
3.9375,91,1368.857868
1.96,96,1368.940102
2.263391,134,1369.095425
3.151852,215,1369.329023
3.872188,101,1369.459518
3.868276,175,1369.661078
2.657895,92,1369.768188
1.400909,123,1369.880433
4.35,102,1370.015763
3.735026,425,1371.158569
2.742813,459,1371.672739
2.579048,76,1371.758163
-0.195519,65,1371.949023
3.878485,100,1372.152957
3.627097,101,1372.280935
0.159264,60,1372.363756
2.668889,58,1372.429823
2.184118,87,1372.506648
-8.343001,2000,1374.272131
3.927586,100,1374.366351
5.055714,101,1374.474609
2.0975,84,1374.542565
4.265656,227,1374.761152
-0.087295,74,1374.821617
1.948182,128,1374.930535
3.521515,131,1375.111465
1.719167,77,1375.74648
4.303421,157,1375.947694
2.933902,318,1376.329848
2.466875,65,1376.393347
-0.040202,28,1376.424085
0.81907,162,1376.620242
-0.105679,24,1376.645149
1.485385,165,1376.783079
3.052029,167,1376.987499
3.775,112,1377.130951
4.406667,143,1377.325279
3.137857,102,1377.445455
1.898377,287,1377.731185
2.01,112,1377.840465
2.016667,79,1377.914538
2.201765,81,1378.54617
1.911667,219,1378.727812
-3.368499,2000,1380.771523
1.653333,332,1381.124883
0.26046,45,1381.171064
4.41875,137,1381.405776
0.433698,51,1381.448504
2.339444,65,1381.512633
1.898462,55,1381.561985
2.150625,67,1381.626593
-0.493068,132,1381.760206
1.69,177,1381.955267
2.4775,81,1382.04108
1.61,201,1382.215285
2.46,310,1382.512402
-1.07,129,1382.621785
0.82201,93,1383.318646
3.796875,98,1383.429229
4.095938,105,1383.614861
1.400909,123,1383.734653
1.262563,300,1384.009753
1.438672,120,1384.148939
3.031373,268,1384.467964
2.702609,100,1384.567008
0.388261,99,1384.675851
2.283889,85,1384.767674
1.831538,75,1384.847647
1.405385,165,1384.998989
3.239355,391,1385.441638
0.11789,51,1385.487173
2.476,302,1386.321704
2.996667,290,1386.636592
2.251765,64,1386.722391
2.39935,228,1387.024703
1.384643,429,1387.494488
-6.581277,2000,1389.339023
2.106875,81,1389.415025
3.340741,113,1389.527554
2.181875,57,1389.586201
2.350556,61,1389.64705
0.057011,48,1389.747341
3.588803,189,1390.093086
1.898615,231,1390.303494
1.793333,146,1391.017379
2.842,119,1391.147636
1.471538,166,1391.278704
2.2,231,1391.480817
1.928235,225,1391.72501
4.155714,297,1392.08839
0.023342,52,1392.126747
2.241538,49,1392.170735
2.857891,297,1392.498773
2.175789,279,1392.769198
1.873333,40,1392.804674
3.1925,280,1393.694507
2.972727,78,1393.77973
2.097778,152,1393.911963
2.144095,233,1394.164605
2.737391,84,1394.261958
3.740606,191,1394.651712
2.790458,594,1395.473844
0.885,199,1395.64587
2.0525,251,1395.894405
1.311496,141,1396.018532
-1.310855,383,1396.887708
1.157853,93,1396.957822
1.917826,108,1397.045374
3.321672,283,1397.381219
0.277912,22,1397.402164
1.834375,165,1397.769609
1.102194,165,1398.01088
3.418387,280,1398.348224
1.202272,327,1398.777485
3.896897,170,1398.991997
2.029048,307,1399.757125
3.540606,224,1400.040563
2.025625,107,1400.145882
2.506,287,1400.455124
-0.114692,108,1400.584526
2.07,63,1400.648435
2.521905,100,1400.762843
2.938846,115,1400.891095
3.688803,161,1401.100735
-0.764108,194,1401.255474
1.61,130,1401.367108
1.473636,107,1401.462394
0.18574,60,1401.515758
0.610124,57,1401.590873
1.843846,129,1401.707701
1.983646,164,1402.443637
3.205882,404,1402.883762
1.029347,38,1402.928687
0.227577,50,1402.984571
3.781515,164,1403.19194
1.705455,56,1403.247098
3.409394,205,1403.49746
2.517143,102,1403.606904
2.291053,144,1403.771341
3.436765,247,1404.080514
2.711304,96,1404.186337
3.353939,235,1404.459229
2.592273,109,1404.60115
1.881307,96,1405.415299
2.37619,157,1405.552992
-0.367943,88,1405.6146
3.587273,279,1405.93646
3.578125,238,1406.242996
3.096667,266,1406.57396
0.416413,102,1406.693445
1.514545,98,1406.798485
3.470968,359,1407.233055
1.555556,44,1407.272109
3.029091,555,1408.750496
14.399239,720,1409.823378
2.766667,428,1410.319987
2.854,148,1410.492246
2.743103,381,1410.905025
3.24625,252,1411.732587
3.775,112,1411.851711
3.231212,316,1412.242847
2.621818,96,1412.362375
1.245,127,1412.466149
1.176339,57,1412.534935
2.826,87,1412.633468
-0.108895,41,1412.681448
2.380952,155,1412.84284
2.096667,55,1412.890456
1.157704,134,1413.030831
0.056464,35,1413.060263
1.7,36,1413.095012
2.02,78,1413.174618
2.571905,79,1413.25719
2.877143,81,1413.346022
3.811379,121,1413.660578
0.643937,93,1413.742653
3.005714,176,1413.917431
3.444815,100,1414.66063
2.286842,119,1414.777261
3.712778,178,1415.050359
2.363684,86,1415.134917
3.927586,100,1415.259692
2.231053,258,1415.481259
3.472857,285,1415.827779
1.428462,159,1415.998479
3.212069,109,1416.120813
3.681875,178,1416.33305
2.813846,180,1416.547079
0.401841,82,1416.623911
2.85,115,1416.742564
3.121169,458,1417.698451
2.603549,95,1417.813467
0.141686,76,1417.877304
2.785652,117,1418.006188
1.985714,60,1418.084344
2.266471,59,1418.148592
2.45913,212,1418.333698
6.838125,334,1418.720333
2.415323,177,1418.975774
1.890588,214,1419.257467
2.285,63,1419.330882
3.121998,210,1419.621814
3.69641,385,1420.711257
3.721563,95,1420.822615
2.272778,89,1420.942003
-0.081277,74,1421.000073
1.66625,222,1421.217112
1.106078,425,1421.77085
1.625,51,1421.818748
1.406667,152,1421.952925
2.273333,114,1422.055135
3.454063,119,1422.189806
2.174123,130,1422.320295
4.075,164,1422.530857
2.302857,192,1422.705198
3.83625,124,1423.40384
4.396347,156,1423.624796
2.435551,75,1423.699754
2.046667,70,1423.765211
2.004706,148,1423.91121
1.67,40,1423.956175
2.010714,53,1424.013132
1.671875,217,1424.177934
1.53719,277,1424.561169
2.603125,47,1424.606574
2.210526,148,1424.750987
0.849797,53,1424.800483
1.333333,84,1424.872436
2.07,162,1425.043124
1.869167,41,1425.082933
2.968947,65,1425.194369
3.764359,332,1426.237432
2.007895,225,1426.441717
3.02,168,1426.67108
2.174286,246,1426.886847
1.976667,67,1426.945497
0.81318,51,1426.992534
2.1225,76,1427.056708
1.683333,179,1427.186992
2.715652,94,1427.291076
4.010256,148,1427.493268
2.646667,66,1427.556567
2.0,56,1427.609315
1.869167,41,1427.6494
1.878571,90,1427.732205
3.730625,211,1427.944535
3.306452,151,1428.120544
3.475278,349,1429.146207
3.108824,470,1429.729014
1.83955,100,1429.834117
3.948276,88,1429.931496
1.975,63,1429.990766
1.650063,130,1430.129622
1.593952,243,1430.395672
2.495,56,1430.447494
-0.363801,100,1430.518015
2.583333,200,1430.747691
2.2,192,1430.904365
2.031579,216,1431.633478
1.828235,208,1431.814482
2.185,56,1431.874036
0.294851,77,1431.960392
0.003273,24,1431.981664
4.204286,263,1432.303008
0.022057,43,1432.335175
3.406667,187,1432.585493
3.18697,497,1433.136756
2.356111,59,1433.213731
2.58619,73,1433.292138
1.959405,210,1433.482172
2.313158,109,1433.60364
1.9,84,1433.806673
2.228493,340,1434.706556
3.68125,172,1434.951403
2.84,120,1435.108382
1.548163,70,1435.177866
2.880606,653,1435.936111
2.902,89,1436.034631
2.076667,61,1436.10948
2.226667,224,1436.313275
2.495,74,1436.385689
2.162381,251,1436.607035
3.034483,212,1437.411854
4.504545,96,1437.538216
2.041765,132,1437.663064
3.272437,209,1437.878279
1.6,36,1437.916019
1.843794,102,1438.032763
2.353333,60,1438.096324
-3.284856,2000,1440.107176
2.543913,173,1440.273697
4.03,90,1440.389935
-0.358994,144,1440.516484
2.49375,82,1440.592596
2.328333,69,1440.66861
3.045217,85,1440.794566
1.735714,130,1440.909999
2.50125,54,1440.959939
0.389846,64,1441.02155
1.8975,148,1441.155444
4.133784,160,1441.414301
1.913662,203,1442.232373
2.384211,82,1442.317355
4.024359,137,1442.525415
2.483182,157,1442.698553
0.404063,56,1442.763402
0.824615,256,1443.018708
4.156946,288,1443.281844
4.553684,400,1443.942211
2.391875,89,1444.058966
2.2525,108,1444.152783
-2.509224,906,1445.37583
1.975,63,1445.434315
2.421818,184,1445.619503
1.025123,296,1445.910849
2.106054,309,1446.185767
2.977037,142,1446.335506
2.654783,122,1446.456628
2.845,58,1446.521447
2.49,76,1446.622464
2.5025,71,1446.708227
1.728182,51,1446.757747
1.844167,47,1446.806715
4.674186,134,1446.994628
0.855555,131,1447.601623
1.900625,147,1447.718297
2.836667,386,1448.179521
3.604412,133,1448.354808
2.1325,219,1448.54947
3.82375,132,1448.71481
1.873333,40,1448.764657
3.627941,117,1448.917263
0.452636,38,1448.948333
1.681176,258,1449.177309
2.142941,101,1449.304773
2.302857,192,1449.483473
3.097879,404,1450.613914
0.178074,29,1450.643239
3.7975,200,1450.913551
4.75125,239,1451.248821
2.113529,111,1451.357259
2.786364,160,1451.534091
3.444541,291,1451.917083
2.213529,77,1451.982934
2.11,80,1452.111592
2.170197,336,1452.465479
3.858125,206,1452.736884
2.762,159,1453.435709
0.633554,93,1453.538265
3.096316,47,1453.588187
3.357188,117,1453.746739
3.18069,307,1454.087315
4.561667,143,1454.256893
1.028927,97,1454.359723
2.3725,123,1454.500086
1.50483,83,1454.574817
3.31,102,1454.697341
0.741183,171,1454.981677
1.719996,97,1455.114289
-0.135432,68,1455.163392
3.396296,83,1455.258248
1.373333,272,1455.498965
2.044545,350,1456.568025
1.304401,74,1456.650869
2.721786,335,1457.341679
2.902,89,1457.5277
3.947632,131,1457.747019
-3.431631,2000,1460.325122
2.710556,97,1460.436662
3.182,104,1460.545718
3.417273,54,1460.599105
13.789987,855,1461.721477
2.000791,87,1461.821276
4.402857,124,1462.531062
2.148889,130,1462.693366
2.103158,185,1462.848159
2.647222,109,1462.957481
2.114286,267,1463.235853
2.006923,123,1463.374161
4.201071,117,1463.503594
3.463438,113,1463.639639
2.271818,250,1463.914346
3.235,147,1464.073492
2.65913,120,1464.192629
0.97,182,1464.349829
3.828438,129,1464.535031
2.131875,73,1464.602784
2.0,56,1464.654311
1.000909,211,1465.407193
2.156875,65,1465.500228
1.665,41,1465.540424
3.943103,91,1465.654151
2.812424,599,1466.382939
3.92697,266,1466.739085
1.39585,174,1466.928938
4.02375,205,1467.490748
2.802083,95,1467.628138
3.101613,278,1468.078216
1.831667,50,1468.133662
2.193637,87,1469.143581
-0.397821,125,1469.253035
2.100625,83,1469.346081
2.492857,213,1469.61907
2.925152,518,1470.435584
2.204375,357,1470.832623
1.244444,100,1470.93506
3.313529,324,1471.35068
0.021508,61,1471.412889
3.152424,368,1472.452373
3.778788,113,1472.607835
0.651219,35,1472.640166
3.688125,110,1472.82443
3.148333,199,1473.066127
2.328333,69,1473.143012
1.375,101,1473.231095
2.488636,115,1473.353161
2.915907,279,1473.827508
2.825,66,1473.899875
2.681265,144,1474.076647
4.504545,96,1474.205452
1.60375,242,1474.391935
0.801666,157,1474.560393
1.688125,215,1475.529058
1.848333,46,1475.601079
1.587231,93,1475.715632
2.920455,101,1475.864796
2.856296,461,1476.482648
0.362501,92,1476.649544
3.24,75,1476.760739
4.768026,238,1477.173852
1.44,88,1477.252101
4.951081,199,1477.493551
0.000211,80,1477.600653
2.446,317,1478.099868
-0.23186,77,1478.175976
-5.01706,2000,1480.334566
0.229938,21,1480.353133
-0.261232,121,1480.445985
0.225512,132,1481.741007
2.181875,57,1481.826684
3.253438,497,1482.586829
3.457188,117,1482.77724
3.719722,173,1483.008996
3.943684,134,1483.269898
2.268462,42,1483.308831
2.567647,62,1483.366045
2.4125,75,1483.437328
2.476667,119,1483.550616
2.811414,794,1485.454219
0.395714,125,1485.620915
6.617784,344,1485.984219
1.104222,99,1486.105258
3.304063,215,1486.384227
0.419464,184,1486.618091
2.808421,69,1486.681674
3.160526,53,1486.727561
2.822,89,1486.823659
4.493125,158,1487.048457
1.79,60,1487.115209
2.105791,73,1487.18467
2.829474,61,1487.247311
3.217241,106,1487.376422
2.858,351,1488.290615
2.394091,337,1488.728073
2.764583,113,1488.860219
1.881538,62,1488.913007
2.257647,62,1488.97506
1.258462,224,1489.265228
2.4975,73,1489.345635
2.793704,241,1489.600694
2.600909,70,1489.673071
0.9,196,1489.842923
0.596276,69,1489.908988
2.460625,67,1489.97317
3.330455,57,1490.032543
2.611667,521,1491.189194
4.4075,458,1491.846118
2.025,262,1492.133296
3.123571,110,1492.279063
1.26,154,1492.407478
2.466316,294,1492.798039
2.4275,101,1492.924566
0.152273,164,1493.121692
2.4875,77,1493.238601
3.544242,116,1493.403862
1.336667,141,1493.548254
3.433333,448,1494.622945
1.173778,135,1494.781778
0.401736,62,1494.860264
2.415,187,1495.042929
3.22051,442,1495.633585
3.50927,99,1495.792111
0.716533,119,1495.961014
2.587029,572,1496.571057
0.39789,70,1497.215199
1.24946,103,1497.317064
4.43375,125,1497.487355
4.473514,138,1497.671242
3.07,246,1497.934684
2.706316,142,1498.06674
1.931538,49,1498.109713
0.932624,49,1498.165337
2.274348,297,1498.521072
0.789957,185,1498.725977
0.333698,89,1498.812205
2.27625,126,1498.934357
2.963438,369,1499.369722
-0.119403,30,1499.416725
1.813333,140,1500.100583
1.601289,168,1500.283604
3.551481,172,1500.458164
1.015,246,1500.72709
2.338571,48,1500.767609
1.931875,137,1500.887495
3.013125,446,1501.444246
2.413158,71,1501.515843
2.808333,92,1501.625867
2.750357,319,1501.987105
0.694807,65,1502.054375
2.768,156,1502.222534
4.386895,282,1502.984366
2.095625,59,1503.049552
3.748889,152,1503.253597
0.067865,29,1503.276082
4.023077,138,1503.477707
1.97875,122,1503.687619
2.921538,124,1503.888813
2.724348,90,1504.030447
0.643455,140,1504.178015
2.062632,170,1504.324669
2.48875,58,1504.378903
3.1575,57,1504.447374
2.884091,117,1504.562814
2.448125,71,1504.644771
1.16,144,1504.939418
1.623646,248,1505.277713
1.939231,47,1505.35918
1.985714,60,1506.207369
2.371053,87,1506.31714
1.881538,62,1506.396712
3.291667,113,1506.524227
8.308773,558,1507.262961
2.317143,186,1507.576612
3.30871,348,1508.141416
4.1025,142,1508.46191
1.715,31,1508.523632
16.896829,1093,1510.651995
3.872424,104,1510.795717
1.409091,119,1510.904571
3.90641,229,1511.242053
2.45125,70,1511.324523
2.242143,75,1511.392731
1.914286,80,1511.466406
3.186667,176,1511.688273
1.78,150,1511.838806
29.8275,1506,1514.553449
2.493333,112,1514.659241
2.007826,222,1514.846061
2.52625,46,1514.893965
-0.342586,109,1514.997518
1.448248,135,1515.148387
2.581111,248,1515.370478
2.0625,69,1515.434379
1.796667,145,1516.122226
1.85625,158,1516.259231
2.602632,113,1516.485877
2.605,81,1516.559587
1.728182,51,1516.607903
0.068781,48,1516.651961
2.628889,330,1517.006804
2.007222,181,1517.173637
2.741739,82,1517.288135
3.365,176,1517.496294
2.752105,60,1517.550335
2.036498,108,1517.655697
3.16,56,1517.706846
1.416667,69,1517.762427
3.547407,293,1518.061966
2.044375,101,1518.156647
1.685,39,1518.199415
2.733704,268,1519.100355
3.236207,95,1519.223437
1.914286,80,1519.293287
3.694194,109,1519.419677
2.194375,53,1519.578589
2.035455,34,1519.607424
-0.18761,23,1519.628352
1.644375,229,1519.821203
2.48,80,1519.909439
0.70825,190,1520.086298
-0.145447,33,1520.110659
1.633125,207,1520.277062
3.30697,266,1520.564301
2.840385,161,1520.722258
3.661563,127,1520.887125
2.300556,79,1520.966492
2.1,296,1521.81242
-1.66461,381,1522.088506
2.745556,267,1522.359868
1.958889,202,1522.558559
3.170588,428,1523.132006
1.81,141,1523.242635
2.006111,185,1523.420525
3.015,279,1524.174732
2.757773,483,1524.733112
1.558618,82,1524.839506
1.503333,233,1525.034791
2.0,56,1525.089983
2.010714,53,1525.14403
1.377589,338,1525.548735
2.585455,112,1525.727933
-0.039992,47,1525.763561
1.974211,234,1525.944132
3.583824,147,1526.119019
3.785,126,1526.372517
2.906,87,1527.057161
2.4075,109,1527.160232
3.175862,130,1527.335261
2.888,131,1527.482551
3.822778,214,1527.975812
3.201672,320,1528.446449
0.205512,66,1528.53168
1.681555,39,1528.617741
1.742941,237,1528.856444
1.633333,30,1528.886669
7.592597,383,1529.454686
1.625,161,1529.598934
2.812692,139,1529.775211
2.616,232,1530.520516
2.794,143,1530.674032
1.625,51,1530.727995
-0.076093,66,1530.784764
2.591739,151,1530.955783
2.515,190,1531.158837
1.967857,65,1531.226932
2.244545,262,1531.483041
6.511694,435,1531.892558
1.231373,230,1532.103324
3.330313,147,1532.30012
2.842,199,1533.110826
3.311667,101,1533.225543
2.126316,180,1533.397634
2.083333,59,1533.467946
1.282727,149,1533.658836
2.025,49,1533.710324
2.889643,241,1534.038711
1.775294,226,1534.24333
5.171846,1136,1536.149448
2.028235,140,1536.291494
2.689655,412,1536.753883
2.7975,73,1536.829902
2.724348,90,1536.930292
0.660807,42,1536.977893
3.50973,385,1537.481558
4.457576,127,1537.64467
3.616176,125,1537.808012
3.616176,125,1537.979408
3.038889,276,1538.256832
2.543333,91,1539.017973
-0.151684,24,1539.038761
3.585,121,1539.150554
5.078571,85,1539.248991
2.281579,121,1539.357617
2.281176,54,1539.409561
2.106875,81,1539.478564
2.06625,94,1539.561794
4.507568,172,1539.821365
2.588333,87,1539.996334
3.401364,61,1540.068941
2.4825,79,1540.170994
1.703333,294,1540.445684
3.452518,271,1540.798282
3.113793,166,1541.008674
2.004582,743,1542.635243
2.51,68,1542.715027
1.681875,217,1542.922307
3.92125,279,1543.30638
3.031347,616,1544.118136
2.697647,45,1544.165332
1.457059,307,1544.475685
3.943684,134,1545.206956
-0.039966,92,1545.287862
1.869167,41,1545.322457
1.932143,75,1545.385684
4.074138,189,1545.605592
3.655833,219,1545.910236
8.107496,658,1546.44221
2.114737,154,1546.593717
1.223223,52,1546.643653
3.716944,175,1546.857969
0.688569,290,1547.118154
3.728203,194,1547.933547
2.113333,50,1548.001538
0.340887,163,1548.148614
1.446977,81,1548.241892
3.353125,382,1548.769181
2.789583,101,1548.912509
2.472054,86,1549.003402
2.482,299,1549.321801
1.857647,198,1549.515139
3.415882,370,1549.97347
1.5775,111,1550.089311
3.962069,80,1550.191455
1.06,164,1550.937627
2.865775,453,1551.393618
3.350938,185,1551.604308
2.06,96,1551.69558
3.312,79,1551.801648
-0.350847,76,1551.889888
2.260588,61,1551.954498
1.443077,176,1552.103978
0.469063,102,1552.24233
-0.938732,200,1552.409863
2.016667,79,1552.503426
1.831875,169,1552.656995
0.557354,137,1552.785893
2.08,60,1552.844524
1.875556,232,1553.64596
4.37625,171,1553.897415
2.213529,77,1553.978027
-0.303342,93,1554.054473
3.61,108,1554.184338
3.611508,216,1554.421565
2.195714,300,1554.688845
3.621667,185,1554.903182
1.982632,265,1555.134512
2.576667,77,1555.216446
0.615406,307,1555.531868
2.862857,87,1556.221207
2.0975,84,1556.300104
2.17,204,1556.527221
3.957059,104,1556.661762
3.979487,172,1556.909546
2.678636,71,1556.992884
2.0225,108,1557.118294
2.413158,71,1557.183571
0.053342,67,1557.230448
0.430726,259,1557.439829
2.001765,149,1557.610709
2.23,52,1557.656219
2.915238,65,1557.722658
2.400476,151,1558.018652
3.681347,232,1558.320823
3.3,108,1558.458319
2.516875,49,1558.507651
2.175625,59,1559.166332
4.361765,94,1559.301546
2.393701,172,1559.486023
2.564762,82,1559.569419
2.602,239,1559.83938
4.173636,156,1560.032151
1.1,154,1560.175855
3.123571,110,1560.319579
2.003571,55,1560.378891
2.184444,236,1560.630967
2.07,63,1560.705786
-0.283801,100,1560.788292
3.605833,255,1561.12188
2.372222,136,1561.256042
4.77,168,1561.61958
2.501274,357,1562.757361
2.113333,50,1562.831344
-0.051034,32,1562.888151
3.63,96,1563.018439
3.226,82,1563.144201
2.968182,80,1563.224558
2.179048,244,1563.49911
3.17125,300,1564.246452
2.864138,305,1564.658879
4.670698,137,1564.929909
2.982593,139,1565.167951
-0.113868,42,1565.24041
3.665,267,1566.258209
0.283798,92,1566.397028
0.85345,146,1566.583173
-0.088001,38,1566.620936
4.509091,93,1566.746153
3.245076,188,1567.002116
1.319498,173,1567.165692
2.878485,496,1567.7964
2.248333,69,1567.887424
0.166749,32,1567.930674
4.42375,133,1568.179562
2.934615,112,1568.308693
3.68,140,1568.48216
3.436875,130,1568.671685
2.222353,74,1568.75349
2.64125,588,1570.197982
2.222353,74,1570.316965
0.284162,130,1570.472065
2.412381,146,1570.65685
2.014286,52,1570.727459
4.674186,134,1570.980251
2.183333,238,1571.238841
2.772381,125,1571.397064
3.110526,72,1571.482214
3.418125,142,1571.692754
1.142144,223,1571.903078
2.307319,154,1572.110102
3.12,112,1572.852728
2.036855,119,1572.99026
2.560435,239,1573.253398
2.7475,97,1573.366211
2.700435,101,1573.480061
3.729444,166,1573.694555
0.176056,31,1573.730764
1.94125,134,1573.970655
1.826316,294,1574.245641
2.513636,214,1574.509291
2.784,148,1574.670495
3.801429,321,1575.100232
-0.156406,6,1575.109638
2.272353,57,1575.185101
2.655909,81,1575.969385
1.793333,258,1576.225707
5.475714,143,1576.461802
1.15,146,1576.604844
0.305319,45,1576.661402
1.896923,58,1576.739916
0.567908,81,1576.853255
2.257647,62,1576.927644
2.55913,166,1577.106671
2.82,72,1577.198791
1.966667,94,1577.301674
2.007143,54,1577.351235
2.437495,147,1577.64844
3.009524,59,1577.715194
2.314,383,1578.139038
0.079588,62,1578.195059
6.911905,541,1579.665321
1.362457,101,1579.792433
1.8525,45,1579.84694
0.480458,167,1580.10268
0.105749,22,1580.141915
2.686957,328,1580.588039
2.605,81,1580.671573
0.841241,112,1580.792773
2.752105,60,1580.870753
-0.136869,49,1580.91858
3.780741,86,1581.024694
2.460455,167,1581.235132
7.734602,561,1582.864849
2.624091,95,1583.188971
1.875748,199,1583.575664
0.181303,66,1583.659539
1.050377,212,1583.964355
1.565625,203,1584.240918
2.538824,99,1584.380816
1.456667,140,1584.544533
0.369091,82,1584.696043
2.174211,158,1584.954069
-0.216325,43,1585.018247
1.939231,47,1585.083995
5.721795,289,1585.577436
-0.140755,71,1585.674853
1.29,142,1585.851393
-0.353158,43,1585.901239
2.637391,130,1586.715246
-0.337533,226,1586.928748
1.681667,86,1587.010995
3.941053,136,1587.256891
3.19,96,1587.401328
3.629412,116,1587.561605
2.669545,75,1587.732182
3.153291,230,1588.081819
4.735,132,1588.376375
1.263259,42,1588.425388
-0.127943,88,1588.519389
0.762526,145,1588.804412
2.80375,452,1589.647241
3.013333,274,1590.875171
2.493333,112,1591.042518
3.379444,418,1591.769401
3.974138,73,1591.8679
0.953106,27,1591.894819
3.015401,422,1592.692451
-0.149604,44,1592.730229
1.03,170,1592.887168
1.239286,269,1593.124944
3.712041,397,1593.876529
3.753056,149,1594.719575
2.339474,99,1594.824989
4.483333,110,1594.990822
2.788,141,1595.161374
0.136576,50,1595.225629
-4.5327,2000,1597.980624
4.387597,163,1598.251066
1.249418,134,1598.388361
2.852,114,1598.518054
4.279355,236,1598.908557
3.196552,118,1599.116879
3.263939,334,1599.557945
4.315,220,1600.224771
2.674091,73,1600.38598
3.573793,166,1601.290463
2.0,54,1601.345686
2.063333,65,1601.411073
3.180909,336,1601.900406
3.095588,479,1602.547058
0.060389,157,1602.782968
1.819167,53,1602.845774
2.397917,289,1603.205504
1.72875,202,1603.44874
2.201765,81,1603.543829
0.417678,138,1603.72061
1.782143,117,1603.850972
0.729059,36,1603.897691
2.350556,61,1604.662715
2.725,106,1604.802916
1.705075,218,1605.341689
4.063438,273,1605.89671
0.253888,46,1605.986367
1.453557,113,1606.280552
0.480955,71,1606.430036
1.25,126,1606.635166
0.620869,151,1606.813314
2.11,80,1606.922628
1.32285,103,1607.065929
2.291538,36,1607.11753
2.135714,258,1607.549963
1.100163,99,1607.727382
2.505,70,1607.845158
2.531905,163,1608.153897
2.576296,353,1609.583254
3.756893,189,1609.867641
3.568929,219,1610.16917
2.345217,223,1610.436048
1.181173,139,1610.617617
1.705,35,1610.689687
2.532934,424,1611.266947
2.596667,84,1611.364452
1.769167,65,1611.443692
3.614706,126,1611.67711
4.647442,157,1611.992091
0.490106,176,1612.848199
-0.206658,73,1612.913252
3.2525,66,1613.005876
3.525152,122,1613.178348
2.47,84,1613.292753
2.6,315,1613.70544
-0.1247,37,1613.769334
3.308163,176,1614.100843
4.262759,213,1614.414304
3.872424,104,1614.6082
2.85,378,1615.124357
3.489259,76,1615.231572
2.763684,86,1615.32749
2.841846,410,1616.558228
1.490953,112,1616.696568
4.022059,393,1617.274862
1.960714,67,1617.351122
1.265,123,1617.500694
2.405346,391,1618.232011
2.074091,337,1618.904227
2.605,81,1619.052996
5.6775,434,1620.442795
1.451695,210,1620.695132
0.297142,19,1620.71634
2.112727,320,1621.139619
1.45385,226,1621.415891
1.8975,148,1621.587791
4.492424,104,1621.752749
1.314065,107,1621.860925
0.1425,55,1621.943064
0.060163,50,1622.016399
4.28,210,1622.354346
3.155596,166,1622.595057
1.411111,70,1622.682391
4.318372,440,1624.197167
3.12,112,1624.349563
1.162352,135,1624.49012
2.4625,87,1624.608928
1.98125,118,1624.733438
1.46625,286,1625.063083
2.51,68,1625.152638
3.936296,218,1625.436961
2.219412,75,1625.524951
2.935649,156,1625.711557
-0.12706,76,1625.774541
3.438421,518,1626.52108
2.247368,134,1627.43943
1.834286,192,1627.683772
2.147778,134,1627.862897
3.240645,384,1628.390193
2.860476,88,1628.487952
0.748151,57,1628.546628
3.693333,192,1628.833648
4.192963,74,1628.93618
1.305,115,1629.05412
2.512381,104,1629.209278
4.8325,118,1629.437653
5.031429,118,1629.641879
3.557879,107,1629.859524
-0.245294,29,1630.156844
1.553333,218,1630.503551
2.892308,134,1631.448756
5.072754,247,1631.821945
2.38,120,1631.999985
2.194186,503,1632.771425
0.789817,83,1632.917639
2.73087,87,1633.078914
1.698182,40,1633.144264
-0.633425,177,1633.329106
3.948276,88,1633.467524
3.107895,73,1633.551243
1.71,208,1633.764899
2.475652,278,1634.100263
2.724348,90,1634.251297
1.650625,227,1635.150304
1.7,36,1635.183009
1.833333,182,1635.358997
1.851765,200,1635.574392
2.688333,51,1635.635511
2.093333,56,1635.700998
-0.039329,33,1635.755292
4.426667,128,1635.928992
3.838649,371,1636.475567
2.628696,134,1636.64962
2.882,99,1636.778745
2.901923,129,1636.981275
2.633182,91,1637.087221
2.808947,103,1637.203265
2.930606,521,1638.855212
3.457188,117,1639.1167
2.778929,303,1639.664849
2.426667,140,1639.82633
1.372118,100,1639.959647
1.975,63,1640.034624
2.333889,67,1640.119005
2.228879,176,1640.360041
4.014103,145,1640.600204
2.17875,58,1640.672837
2.488571,114,1640.831579
3.085789,51,1640.899968
1.4473,321,1641.274828
2.428947,65,1641.379513
7.511875,466,1643.070866
3.112069,167,1643.449648
3.596667,116,1643.612885
1.825,105,1643.741076
2.525129,371,1644.267771
2.92,80,1644.37045
2.558,261,1644.690318
3.34,306,1645.156409
2.341905,205,1646.169104
2.878,101,1646.289208
2.894,93,1646.408414
1.823333,52,1646.476434
2.536,272,1646.88591
3.984688,189,1647.329353
0.502171,64,1647.434388
2.766027,226,1647.961216
1.60375,242,1648.233632
3.799259,76,1648.350279
0.511066,52,1648.408449
-0.165933,145,1648.647551
3.64625,508,1649.367786
3.510313,179,1650.330396
2.076667,61,1650.400091
0.3614,68,1650.462523
4.500541,118,1650.664512
3.773438,113,1650.830491
-0.101034,23,1650.855365
2.996786,181,1651.131131
1.945882,168,1651.329888
2.662727,78,1651.4238
1.935385,48,1651.477966
3.191284,248,1651.863901
3.309259,130,1652.059946
2.460649,365,1652.528291
1.37355,333,1653.660162
2.652222,64,1653.760857
2.685217,108,1653.899804
2.321818,228,1654.159674
5.271667,251,1654.539098
3.856563,111,1654.703915
4.10125,455,1655.49709
5.466555,416,1656.012041
2.906,87,1656.121172
0.64209,97,1656.244266
3.09069,133,1656.42085
2.901667,347,1657.495492
3.91625,220,1658.001159
0.988889,146,1658.16913
2.478636,159,1658.376855
1.514966,344,1658.797508
2.927143,220,1659.096985
2.743913,81,1659.195189
2.8025,75,1659.28641
2.115,31,1659.322921
2.245882,66,1659.428735
4.492424,104,1659.582202
2.044712,358,1661.058758
1.507273,115,1661.197072
9.671818,470,1661.832031
0.953218,122,1662.027701
3.46,160,1662.269123
2.653636,82,1662.361187
2.576471,59,1662.439731
1.307143,250,1662.702675
0.54774,148,1662.93682
3.860303,112,1663.119038
2.129375,173,1663.377049
0.912413,87,1663.470978
2.017857,51,1663.546166
3.115,74,1663.635997
2.238333,213,1664.429655
2.70625,141,1664.582735
1.417857,219,1664.829854
2.485949,333,1665.354915
3.130714,106,1665.501345
2.75913,74,1665.607706
0.489398,59,1665.694142
2.184118,87,1665.790428
1.453768,214,1666.109041
3.780097,497,1666.83077
2.608182,102,1666.953728
-0.032594,66,1667.036318
2.76,57,1667.674797
21.403857,1416,1669.323838
2.141652,190,1669.649022
-0.113616,103,1669.892454
2.089709,145,1670.242225
3.409394,304,1671.324479
4.79,152,1671.600083
1.717498,65,1671.684911
3.913793,108,1671.822175
2.1575,209,1672.12771
-0.179118,13,1672.153896
4.397647,226,1672.541261
3.396818,63,1672.620696
3.186667,176,1672.878268
3.348148,109,1673.019166
-0.138009,162,1673.190719
3.238889,168,1673.417862
1.930565,282,1673.870953
2.628696,134,1674.072643
3.625,119,1675.272974
2.1,54,1675.339207
2.45,92,1675.466727
2.674091,73,1675.559006
2.524286,99,1675.686995
4.316441,477,1676.710903
-0.357192,55,1676.768903
3.78303,163,1677.040058
0.739622,135,1677.229062
0.999654,124,1677.515219
-0.433336,302,1677.965697
1.304043,326,1678.577219
0.457112,104,1679.383772
2.073333,62,1679.447572
2.485556,124,1679.577856
0.564577,134,1679.731684
2.065789,203,1679.982957
4.5,99,1680.263731
2.434286,204,1680.502061
0.852239,166,1680.655204
3.367143,359,1681.386072
-0.314687,102,1681.493649
0.84035,219,1681.738419
0.153644,38,1681.793847
2.794663,338,1682.955746
4.255882,166,1683.34681
1.59,108,1683.486179
1.614603,249,1683.907347
0.186675,51,1683.956172
3.189655,122,1684.120081
1.986395,283,1684.431998
1.8975,148,1684.638772
-7.635524,2000,1686.954335
2.5,72,1687.040756
3.764167,141,1687.256434
1.013722,81,1687.375202
0.795,265,1687.64017
3.598571,141,1687.836139
2.662727,78,1687.938983
4.189189,119,1688.115714
1.349405,267,1689.054317
0.420823,35,1689.090714
4.007949,142,1689.300091
0.512104,56,1689.372662
5.092857,75,1689.517235
2.691111,50,1689.571664
3.306667,104,1689.716973
2.102609,376,1690.400002
1.691818,59,1690.523256
4.180625,179,1690.874827
4.524242,83,1691.136181
3.715161,96,1691.485329
0.81889,87,1691.697133
0.742981,162,1691.98226
0.865606,39,1692.029146
0.422355,248,1692.36762
3.79,81,1693.375222
2.039286,45,1693.448699
3.17375,292,1693.945771
4.523023,264,1694.547198
0.07796,26,1694.582278
0.067591,39,1694.627947
0.397666,109,1694.767194
1.372043,97,1694.912853
1.276861,146,1695.111715
1.997273,60,1695.17385
2.0725,243,1695.48326
1.548505,50,1695.546194
-0.07961,66,1695.613942
2.912857,228,1695.931311
1.821429,106,1696.06345
3.858125,110,1696.238615
1.217691,156,1697.182106
0.607297,253,1697.479822
2.25796,108,1697.714958
1.826875,193,1697.962886
3.875313,195,1698.364271
1.500909,101,1698.652476
1.385,99,1698.872384
3.532414,103,1699.11013
2.543333,91,1699.339536
2.4975,73,1699.478773
2.1975,52,1699.596805
0.126199,20,1699.650469
2.5175,65,1699.982074
1.862308,67,1700.130478
2.601364,105,1700.377225
0.162711,67,1700.497613
-0.188571,12,1700.520872
2.093333,56,1700.659743
3.70871,100,1700.917007
0.595514,126,1701.185265
-0.065321,10,1701.323782
2.448571,198,1702.507342
2.144966,234,1702.791492
2.087857,163,1702.993336
1.535833,121,1703.119983
2.689565,106,1703.266885
3.559394,106,1703.445344
3.538976,439,1704.231443
3.46821,155,1704.451024
3.502419,162,1704.663286
3.408182,58,1704.739672
2.651364,83,1704.883822
2.360526,91,1705.008399
0.317057,53,1705.088088
0.393939,106,1705.213668
2.310313,262,1706.123761
2.567143,81,1706.212562
2.89619,73,1706.301165
1.723636,52,1706.358267
3.523333,144,1706.577734
3.64375,196,1706.88915
2.625,180,1707.173874
0.073467,46,1707.240688
1.917887,159,1707.474383
3.213793,108,1707.811595
-1.132186,492,1708.337528
1.787273,38,1708.410605
3.81625,93,1708.526244
0.32813,34,1708.622299
0.890123,200,1710.195499
1.013142,239,1710.542682
2.58619,73,1710.67051
2.495,74,1710.809272
2.28875,122,1711.047462
2.678427,346,1711.644814
2.342105,98,1711.798619
1.80375,178,1712.154444
3.136071,103,1712.40967
0.563857,139,1712.665762
-0.335362,104,1712.816881
-0.105524,63,1712.881644
2.144375,69,1712.97697
-0.382989,88,1713.062766
0.854332,190,1713.304697
3.18,48,1713.384171
1.865,42,1713.468135
2.069412,126,1714.348932
3.641936,221,1714.689642
2.781775,320,1715.092718
3.189474,42,1715.150269
0.870715,85,1715.264228
3.404569,365,1715.780264
3.705833,183,1716.17492
0.355656,56,1716.250459
2.51,68,1716.363462
1.508824,371,1716.750453
4.68,129,1717.013387
1.665,90,1717.108688
2.687857,354,1718.402813
2.37,124,1718.595607
3.359259,103,1718.802531
2.693913,104,1719.029948
3.298333,109,1719.224885
2.52,48,1719.3124
3.066957,75,1719.451049
2.195714,300,1720.018648
3.746563,239,1720.444047
2.58619,73,1720.544263
5.047143,107,1720.793862
2.4925,75,1720.909298
1.756875,193,1721.193522
1.338016,272,1722.448408
6.939766,750,1724.233984
2.746842,62,1724.347428
2.131285,409,1725.248082
0.328739,153,1725.593958
0.956667,260,1725.980198
0.800987,37,1726.035694
3.499688,333,1727.440031
1.806667,56,1727.509404
0.347931,46,1727.563284
4.872353,250,1728.101852
2.655909,81,1728.231447
2.8125,90,1728.412671
0.036025,67,1728.633175
2.994545,64,1728.789264
1.143956,152,1729.026048
0.346932,184,1729.368863
1.241559,110,1729.493721
1.62875,234,1729.762834
0.467946,147,1729.921483
3.79,81,1730.033369
1.645,47,1730.085445
1.975,63,1730.158275
1.345934,138,1730.371579
2.148947,217,1731.29471
3.961379,208,1731.590811
2.644545,86,1731.714884
-0.530794,78,1731.78067
1.719167,77,1731.864028
2.698261,102,1731.993288
4.51,111,1732.189029
3.203448,114,1732.34666
1.280867,123,1732.558004
2.813462,432,1733.142719
4.674286,214,1733.461014
3.104211,44,1733.536098
2.5875,52,1733.601182
2.342222,64,1733.676169
1.044807,304,1734.150731
2.36,42,1734.716044
1.587169,127,1734.853931
1.474312,191,1735.11874
1.405455,122,1735.248956
2.906,87,1735.351973
2.1425,279,1735.687181
4.360294,95,1735.855575
3.567907,142,1736.209593
2.338261,303,1736.734623
0.493539,29,1736.773575
0.212457,49,1736.829972
0.663527,53,1736.887629
2.46875,90,1736.996998
2.1975,193,1737.24428
2.12,144,1737.406088
3.86125,108,1737.560796
-0.1725,7,1737.570852
1.863125,159,1738.402012
2.211905,226,1738.766676
2.169412,92,1738.88715
2.646818,85,1739.018627
3.001667,287,1739.436973
1.553571,181,1739.785612
-0.141174,57,1739.865787
3.619118,123,1740.103746
3.45,238,1740.521086
2.085,88,1740.623606
1.875625,155,1740.833579
4.082432,198,1741.353632
1.883125,255,1742.977494
3.484286,277,1743.98806
0.115633,60,1744.084873
3.253333,136,1744.291192
2.176074,75,1744.385775
3.815926,67,1744.477908
1.448898,145,1744.717398
3.213475,308,1745.230918
2.066667,64,1745.301707
3.700625,262,1745.698625
2.696087,103,1745.837779
2.021429,50,1745.903461
1.659832,67,1746.011203
-0.654643,105,1746.180508
3.449375,122,1746.37042
1.425,91,1746.470644
3.777297,594,1748.17026
0.397909,95,1748.280604
1.62,52,1748.39177
3.785938,105,1748.614991
2.384211,82,1748.722106
0.207264,63,1748.814427
1.645,47,1748.889143
1.899887,288,1749.245125
2.915909,103,1749.386451
2.345,63,1749.46093
2.16625,62,1749.525801
-0.191748,59,1749.581426
2.638947,103,1749.706615
1.214545,164,1750.185891
2.8425,59,1750.268771
2.16,64,1750.341416
3.790556,122,1751.210493
0.029499,58,1751.281433
2.418421,69,1751.403172
3.775313,163,1751.64703
3.813727,452,1752.317129
2.7825,83,1752.425855
4.137143,296,1752.812082
3.20875,87,1752.914538
2.175625,59,1752.977891
2.417189,427,1753.547956
3.705484,102,1753.688966
3.76875,116,1753.863572
2.985652,117,1754.622022
2.06,96,1754.714718
3.066957,75,1754.804139
1.713125,207,1755.034978
3.856563,111,1755.194058
2.763478,72,1755.288174
2.596875,49,1755.354769
3.413333,308,1755.799155
2.1725,60,1755.876828
2.528636,137,1756.03757
0.116876,95,1756.137043
2.784286,120,1756.318629
3.073684,86,1756.435574
2.892,94,1756.571926
4.10125,143,1756.838737
2.075625,91,1756.948571
2.375,122,1757.137375
3.306667,104,1757.280438
2.413158,71,1758.134127
3.22069,104,1758.280986
1.833889,247,1758.645879
2.122353,108,1758.825227
1.806667,56,1758.898259
2.986923,90,1759.054483
3.187931,123,1759.302398
2.567143,81,1759.434701
0.239133,51,1759.497639
2.08381,284,1759.870172
0.064127,22,1759.894776
2.766316,85,1759.994089
1.036262,259,1760.31599
2.692917,301,1760.905701
1.9375,132,1761.052617
1.967857,65,1761.11571
0.085035,39,1761.770126
-0.251718,92,1761.868088
2.097538,96,1761.986286
4.20963,65,1762.123794
1.54,222,1762.441996
1.94125,134,1762.65993
-0.144866,45,1762.734907
1.258462,224,1763.112302
2.961923,103,1763.316005
1.553571,181,1763.534528
2.756957,75,1763.637653
2.397368,77,1763.764052
3.96,306,1764.534537
2.805,74,1764.691395
2.758427,208,1765.27117
2.847895,54,1765.367333
4.124063,87,1766.305842
2.289444,83,1766.444605
3.032121,454,1767.233004
0.191671,67,1767.346883
0.735917,99,1767.484136
2.785,417,1768.504559
3.449643,101,1768.714851
1.493333,236,1768.959114
2.021429,50,1769.02891
2.70913,97,1769.165974
3.187931,587,1771.091585
4.65093,154,1771.529581
2.532631,477,1772.234146
2.086667,58,1772.30272
3.613333,106,1772.452979
1.336364,135,1772.597596
2.423684,67,1772.676514
3.404444,400,1773.311949
1.844167,47,1773.367418
2.621818,96,1773.496551
2.263158,128,1773.783424
1.765123,200,1774.032268
3.822424,137,1775.075018
1.865,42,1775.11439
2.101765,115,1775.236296
2.748261,79,1775.349788
3.828485,133,1775.598882
0.969116,260,1775.922374
1.016731,71,1776.034388
3.381481,91,1776.178793
2.431511,61,1776.254862
3.639706,109,1776.455675
3.141481,253,1776.783235
3.628788,311,1777.263247
3.472813,107,1777.450288
1.481496,114,1777.585768
3.527241,106,1777.736964
2.576522,158,1779.027571
2.947619,85,1779.193896
0.467406,97,1779.425485
2.073333,62,1779.543688
3.95697,101,1779.838753
3.12099,187,1780.468957
4.05375,181,1781.035064
3.609394,271,1781.552077
1.894375,149,1781.746491
3.028333,271,1782.250946
3.449375,122,1782.487429
4.0975,146,1782.862906
0.517886,91,1783.011475
1.555,65,1783.136187
2.46,114,1783.374972
3.815,221,1784.81614
2.548261,171,1785.163761
3.948235,110,1785.411707
3.627941,117,1785.733618
2.641765,64,1785.843604
2.168408,225,1786.31785
3.2025,90,1786.518315
2.58381,74,1786.954495
2.937778,422,1787.700834
3.213333,352,1788.733538
3.962069,80,1788.965874
3.646111,226,1790.58935
4.388571,134,1790.849649
3.004545,350,1791.284141
1.505191,166,1791.57662
3.773889,134,1791.81243
0.096261,24,1791.844715
0.805556,179,1792.009909
4.508649,112,1792.208946
0.322672,50,1792.275528
3.804688,93,1792.420236
1.425,91,1792.545968
2.173684,162,1792.728238
2.716511,379,1793.258737
3.70871,100,1793.397302
2.14,102,1794.187879
2.984091,73,1794.277768
-1.900525,737,1795.035013
2.6,160,1795.20481
2.415789,70,1795.285523
3.7625,312,1795.702494
0.952125,225,1796.046302
4.46125,167,1796.315874
0.516752,136,1796.476501
-0.195473,76,1797.154819
4.220741,59,1797.224206
2.238871,161,1797.428596
0.191194,52,1797.480167
3.391563,159,1797.687152
2.01,268,1798.002117
2.113125,79,1798.100304
0.481406,119,1798.249364
2.495714,111,1798.399218
1.873333,40,1798.457096
1.700115,218,1798.799926
2.488333,123,1798.951275
2.073333,62,1799.026971
2.981818,74,1799.137771
2.733088,410,1799.731861
2.383098,434,1800.822464
0.974893,90,1800.93153
3.34,192,1801.186608
4.687895,225,1801.463725
0.749897,298,1801.859679
1.913333,110,1801.966291
3.183333,394,1802.455579
1.94125,134,1802.5949
2.105,184,1802.836993
2.452857,129,1803.717117
3.235938,361,1804.203444
2.116667,49,1804.275774
3.676452,120,1804.4612
1.66,66,1804.530025
-0.648774,96,1804.619669
2.961923,103,1804.772083
3.337568,690,1805.787406
3.283333,118,1805.934876
3.7975,117,1806.133598
4.3525,190,1806.437243
0.777405,205,1807.324173
1.496364,102,1807.42541
2.465,86,1807.54805
4.348529,103,1807.828927
2.743913,81,1807.929119
2.395,114,1808.212611
3.441339,179,1808.446064
2.780476,193,1808.65941
1.964394,129,1808.81246
3.526667,312,1809.28454
3.058297,528,1810.271486
0.494091,101,1810.391542
-0.092363,82,1811.017883
2.254706,63,1811.090125
2.608824,48,1811.166687
2.715652,94,1811.303442
2.22,144,1811.465703
1.881538,62,1811.539292
2.052623,300,1811.859366
3.498718,547,1812.682022
2.994545,64,1812.820555
2.26375,226,1813.114237
2.4775,205,1813.356102
2.349286,45,1813.415066
3.733914,442,1814.80981
0.269734,74,1814.923242
2.1275,285,1815.26892
2.752054,266,1815.601815
1.270416,51,1815.663428
2.619545,97,1815.800321
3.373636,222,1816.139932
2.92,80,1816.241518
0.96571,60,1816.304305
2.48,80,1816.421629
2.150625,67,1816.498571
3.655484,133,1816.690169
3.542581,296,1817.140612
5.094286,74,1817.274102
3.173684,48,1817.92598
0.196999,68,1818.018496
1.850625,163,1818.248626
2.125625,75,1818.362245
2.70913,97,1818.515398
1.797778,260,1818.923428
2.09,57,1819.031701
0.928603,125,1819.204548
1.381007,108,1819.398837
4.257879,272,1819.825344
2.724,178,1820.020015
2.903929,233,1820.328613
1.939837,216,1820.596994
2.425,102,1820.726084
1.61,240,1821.573349
2.918333,337,1822.024723
2.832,124,1822.206396
2.0375,257,1822.462074
2.700588,44,1822.507756
3.958621,82,1822.609843
3.74625,284,1822.99704
3.424091,51,1823.062854
1.365,101,1823.19378
3.276552,292,1823.573685
2.145882,100,1823.678232
2.626872,523,1825.074932
0.401774,33,1825.112615
3.893333,56,1825.180705
2.281176,54,1825.24511
1.369167,161,1825.417982
3.081167,205,1825.696636
2.148824,99,1825.815146
2.908095,68,1825.918629
1.126373,238,1826.162807
0.664721,193,1826.330864
1.84,132,1826.549214
2.23619,220,1826.80738
4.0975,146,1827.071467
4.361765,94,1827.212279
3.658636,115,1828.100993
1.956667,97,1828.203687
-0.273732,15,1828.218025
2.8375,61,1828.29624
0.100333,24,1828.327843
2.590625,51,1828.417881
1.960714,67,1828.489369
2.610304,284,1828.905215
1.519966,201,1829.183392
3.460313,115,1829.379565
1.332222,113,1829.599705
3.1775,49,1829.653365
1.581875,249,1829.931908
0.865352,334,1830.466998
2.441667,268,1830.8331
3.146786,97,1831.629177
0.861372,80,1831.744784
1.953889,319,1832.07973
3.252,144,1832.269307
2.135,27,1832.293607
4.71939,774,1833.862133
2.4825,79,1833.993341
0.770271,112,1834.181768
3.830526,220,1834.638579
3.429063,135,1834.928188
-2.041716,752,1836.386773
0.931296,91,1836.497547
1.53,70,1836.568665
1.248182,271,1836.846763
1.867739,500,1837.413843
2.524286,99,1837.536944
3.542647,175,1837.79767
2.58381,74,1837.895262
2.571818,118,1838.73813
3.221111,532,1839.574566
2.342105,98,1839.686499
3.785938,105,1839.82758
0.918413,117,1840.12688
2.025625,107,1840.317034
1.86,126,1840.465682
2.903333,70,1840.57789
4.211481,64,1840.683398
0.555318,46,1840.743506
2.384,348,1841.45816
3.945,133,1842.059107
1.997059,205,1842.317924
1.757143,124,1843.132381
1.356667,164,1843.353152
2.997407,131,1843.518306
0.640124,89,1843.634326
3.817778,66,1843.737508
2.676522,112,1843.900756
3.931351,369,1844.557246
1.69,38,1844.60135
2.4475,93,1844.741733
2.24,68,1844.822831
3.181667,179,1845.051029
4.063333,160,1845.24794
-0.033045,76,1845.326337
2.874156,159,1845.584246
0.82324,50,1845.641073
2.894,93,1845.761674
2.0,56,1845.82152
1.059149,270,1846.800138
2.928929,219,1847.086367
0.532503,153,1847.276073
2.069286,143,1847.412482
2.722857,150,1847.574276
-0.165316,12,1847.597742
2.088182,40,1847.636962
3.790556,122,1847.821382
1.783333,149,1847.960143
2.175625,59,1848.021774
1.766667,154,1848.16508
2.52,184,1848.390168
0.97,182,1848.664652
2.892857,108,1848.799548
-0.0979,24,1848.825534
2.8125,71,1848.913028
3.937941,117,1849.733948
1.2,136,1849.855441
3.917368,154,1850.090066
2.576364,116,1850.238632
3.680294,299,1850.705691
1.832143,103,1850.93858
1.911999,229,1851.279267
0.387981,126,1851.472707
2.529412,75,1851.568088
2.549688,333,1852.244908
2.4775,81,1852.346445
3.628125,206,1852.880042
2.503249,456,1854.322364
0.83483,236,1854.606437
2.617895,111,1854.787561
2.8125,71,1854.90917
3.453333,208,1855.21372
0.071268,40,1855.280933
1.59,108,1855.450538
2.561304,165,1855.68811
3.401852,80,1855.819079
2.10375,82,1855.9297
2.254783,306,1856.342914
3.745313,131,1856.545124
3.340741,113,1856.743834
2.750435,78,1856.847573
0.110008,50,1857.74737
3.889655,122,1857.922946
-0.94759,266,1858.186038
3.583824,147,1858.402467
1.845882,202,1858.636621
3.90125,303,1859.151016
-0.643732,228,1859.450316
2.204167,35,1859.505484
1.423775,414,1859.982367
1.753571,125,1860.122252
2.590952,71,1860.21285
3.544483,96,1860.340974
2.465,86,1861.04572
2.730313,627,1861.917329
1.992857,58,1861.987251
1.831667,50,1862.043606
1.992694,257,1862.52581
-0.442725,224,1862.766859
4.364706,92,1862.905306
4.37125,239,1863.288101
4.524242,83,1863.415577
2.646818,85,1863.535261
1.419091,119,1863.699252
3.1775,49,1863.757669
1.823333,52,1863.809895
2.888,96,1864.561998
0.865651,240,1864.815022
0.250574,114,1864.983974
1.011517,317,1865.346379
1.6,56,1865.408386
2.672,204,1865.65896
2.61619,157,1865.865029
4.761417,475,1867.013707
5.072857,89,1867.240011
2.226667,224,1867.533838
3.695806,108,1867.708963
-4.666787,2000,1869.685385
2.4725,83,1870.501783
4.42625,131,1870.707752
2.596875,49,1870.781841
-0.140051,54,1870.839636
1.573338,471,1871.374555
1.573851,223,1871.616853
1.985714,60,1871.680543
2.276373,478,1872.25889
3.575,176,1872.521025
0.026675,51,1872.576456
2.191768,258,1872.920972
4.24,336,1874.126576
2.188125,55,1874.194203
1.583333,39,1874.244766
3.389697,218,1874.68122
2.683182,69,1874.798983
1.957143,68,1874.917306
4.82,128,1875.165668
2.339661,358,1875.686532
3.738333,390,1876.295411
4.1,185,1876.588462
0.601314,127,1876.771493
1.877886,159,1877.733084
2.815,70,1877.854951
2.739565,83,1877.971991
2.1775,201,1878.225063
0.312627,65,1878.315715
3.196417,415,1879.075401
2.51,68,1879.162718
2.266471,59,1879.227026
2.608873,138,1879.395363
2.50913,189,1879.609448
2.890998,202,1879.862816
2.554783,168,1880.116475
0.684845,97,1880.418596
0.888707,243,1880.668567
2.4675,85,1881.536615
1.06694,139,1881.712259
4.316392,308,1882.279474
2.308889,76,1882.651517
1.379966,333,1883.115044
3.821429,237,1883.662501
3.537586,100,1883.905613
3.193103,207,1884.290919
2.597727,177,1884.618359
2.572526,542,1886.732809
0.997384,73,1887.072539
2.678421,88,1887.261001
1.492857,198,1887.719362
1.723636,52,1887.910641
4.035897,128,1888.409852
2.734762,145,1888.901174
3.396296,83,1889.124137
1.95,70,1889.28223
3.298,86,1889.434123
-0.269177,197,1889.76827
2.615625,43,1889.890939
1.116667,123,1890.167999
1.74,162,1890.569796
0.462738,93,1890.741718
1.08719,193,1891.149325
3.953571,82,1891.284872
2.613478,141,1892.66123
2.22126,237,1893.17561
4.20037,70,1893.320982
3.406797,260,1893.955582
2.577368,153,1894.234029
1.687492,228,1894.675597
3.150357,95,1894.853551
4.411538,381,1895.866354
2.295672,279,1896.492813
2.0725,92,1896.627597
2.485,297,1898.512375
2.510625,51,1898.645484
2.567739,155,1899.057641
2.604095,209,1899.482554
1.810833,55,1899.643271
2.35,312,1900.470773
1.975556,196,1900.788893
1.993333,86,1900.978079
3.078333,241,1901.409021
0.90305,63,1901.552476
1.123964,148,1901.810216
2.192222,118,1901.985642
1.2525,189,1902.277898
2.51,68,1902.401618
6.36582,981,1905.703459
3.794722,119,1905.960287
2.429474,61,1906.067661
1.309415,198,1906.373192
2.106957,443,1907.188265
2.52,64,1907.340591
2.854,113,1907.577573
2.738125,151,1907.850876
2.61,235,1909.196448
3.403704,79,1909.36455
2.976923,90,1909.526117
1.54,198,1909.866477
0.028342,45,1909.968194
3.499655,122,1910.216009
0.479678,86,1910.404673
2.107619,274,1910.980126
2.266471,59,1911.074755
2.163125,63,1911.188277
0.614654,83,1911.314425
2.292273,241,1911.70786
4.50375,133,1911.994045
-3.59598,2000,1914.662563
2.421053,68,1914.739302
1.000276,202,1914.996801
-0.140794,42,1915.03938
1.626855,120,1916.162901
3.349375,186,1916.586577
1.350833,127,1916.812819
2.914,83,1917.007073
2.350476,172,1917.388633
3.566897,83,1917.5829
1.908462,55,1917.703806
3.055714,148,1917.994205
1.798283,249,1918.503159
2.144375,69,1918.587387
2.902,89,1918.699523
1.916667,109,1918.825563
1.395,97,1918.923188
1.932143,75,1919.010181
3.304,83,1919.11839
4.06875,225,1919.503417
2.373684,86,1919.604863
-0.183077,12,1919.62013
2.964286,78,1920.65191
1.385714,228,1921.006552
2.92,336,1921.738576
0.318246,137,1921.965228
3.413235,263,1922.460627
3.754815,100,1922.635722
3.229583,77,1922.72834
2.908261,148,1922.89871
3.408571,124,1923.096155
2.933333,91,1923.227116
4.179186,487,1924.394919
3.202424,335,1925.580089
1.685,216,1925.822685
2.218333,105,1925.938975
1.886923,97,1926.039984
2.148333,94,1926.142079
1.982941,152,1926.340473
1.881579,273,1926.63495
1.855263,283,1926.979465
0.164642,186,1927.16365
2.897619,106,1927.311948
4.531818,78,1927.601062
2.26,168,1927.953969
2.746087,80,1928.999767
4.325789,140,1929.342451
1.617206,316,1929.891746
1.68,40,1929.963471
2.996154,80,1930.240878
2.12125,230,1930.551101
4.42,259,1931.034352
2.460455,167,1931.323868
2.691739,105,1931.520073
3.136842,62,1931.640417
3.1275,69,1931.752905
1.488889,56,1931.854907
2.891035,370,1932.418434
2.685556,52,1932.500466
2.345,63,1933.361246
1.41,94,1933.45757
0.43305,49,1933.507975
2.846359,531,1934.286219
2.740695,636,1935.125984
1.588889,38,1935.167054
3.630882,115,1935.385607
7.748664,369,1935.805132
-0.093648,16,1935.830305
0.166648,38,1935.882723
0.184817,173,1936.702832
3.430625,134,1936.896052
3.535714,241,1937.259045
2.855789,51,1937.318651
2.43,100,1937.43773
2.178235,89,1937.550037
1.191818,169,1937.727193
2.296054,129,1937.884268
1.36,132,1938.016896
0.338235,38,1938.062339
1.355455,133,1938.222246
2.386,307,1938.645803
1.335833,169,1938.828131
3.360357,151,1939.046128
2.8075,73,1939.143612
0.886832,154,1939.980154
2.596667,84,1940.072605
2.003333,186,1940.288677
1.945625,107,1940.409617
3.965517,78,1940.533816
1.852636,76,1940.656712
3.00234,285,1941.115163
4.094375,106,1941.296124
1.78,150,1941.476026
3.408182,58,1941.555257
2.407895,73,1941.670381
1.268651,160,1941.914677
1.81,176,1942.116298
1.9,84,1942.213642
1.710748,291,1942.519056
3.809688,141,1943.587959
2.877037,196,1943.824564
2.81,135,1944.013923
3.735789,292,1944.526082
-0.15734,7,1944.536136
0.755778,82,1944.636748
2.900357,235,1945.003514
0.067631,66,1945.082882
0.15177,134,1945.283553
1.97875,122,1945.432309
2.04,72,1945.532293
2.01,112,1945.666932
2.72,92,1945.781432
1.582727,83,1945.885056
2.511308,330,1946.327691
1.537273,93,1947.100202
2.691429,96,1947.258454
3.048947,65,1947.352993
3.942857,88,1947.469001
2.514,283,1948.016391
-0.225519,44,1948.083317
2.89381,74,1948.182029
3.426503,230,1948.455343
0.047814,30,1948.489381
2.013125,111,1948.682083
-3.585911,2000,1951.299874
4.353421,119,1951.48974
10.046563,623,1952.271873
2.877143,81,1952.369464
4.395,156,1952.62499
3.123058,363,1953.98963
3.303333,106,1954.252198
2.1725,203,1954.537667
3.983333,169,1954.901072
2.900952,71,1955.002613
0.019901,66,1955.094841
4.434595,226,1955.453411
2.3325,139,1955.665526
2.5025,71,1955.751095
1.64,272,1956.011065
3.051471,509,1957.602968
2.3275,141,1957.779853
0.204677,39,1957.832504
3.588125,270,1958.366584
2.566798,356,1959.032431
0.825997,79,1959.205538
1.84883,257,1959.557674
0.897887,108,1959.715542
1.885385,61,1959.804982
1.9575,180,1960.10197
-0.312063,61,1960.203484
-0.012681,50,1960.275684
2.248824,65,1960.374242
2.063333,65,1960.491938
2.130952,260,1961.849772
2.5025,71,1962.013445
-0.134488,64,1962.160488
2.562381,83,1962.32788
2.804286,162,1962.670414
2.747917,121,1962.894261
0.446893,325,1963.511788
2.377857,37,1963.573108
1.079432,30,1963.634324
1.079068,188,1963.837494
2.245882,66,1963.913459
1.77,201,1964.142534
2.145625,171,1964.35366
2.665,77,1964.456587
3.0525,99,1964.560621
3.856842,200,1964.89867
1.510833,127,1965.682875
2.426364,182,1965.90013
2.843704,214,1966.164442
0.929408,49,1966.218156
3.051739,82,1966.325548
2.906,87,1966.435803
2.622,229,1966.726428
0.877778,166,1966.895661
4.080313,115,1967.054526
3.960789,121,1967.236585
3.776563,111,1967.415926
1.265,123,1967.591633
2.234118,70,1967.671406
4.103406,304,1968.27304
2.342105,98,1968.402991
2.984688,413,1969.63156
2.177382,221,1969.974562
3.823438,497,1970.668401
3.154583,113,1970.850226
2.702083,143,1971.035162
1.772143,117,1971.152486
4.71625,211,1971.514107
2.538235,72,1971.601209
1.441199,46,1971.676677
0.352791,40,1971.734218
0.776918,77,1971.831648
2.748,166,1972.623119
1.16,144,1972.796655
2.52,48,1972.854962
1.816734,164,1973.043339
2.291538,36,1973.084115
3.111071,117,1973.271412
1.615,53,1973.328453
1.71,34,1973.36822
2.096667,55,1973.444193
3.089643,129,1973.631704
2.129091,31,1973.666354
3.632353,114,1973.977499
4.666047,141,1974.225247
3.491875,137,1974.416963
2.877143,81,1974.520819
1.759796,123,1974.686923
2.035714,46,1974.751847
1.943077,46,1974.799511
4.362632,112,1975.032817
5.016061,194,1975.382397
1.995,274,1976.36118
2.106667,52,1976.436183
3.53069,104,1976.596171
2.439209,269,1977.026905
1.878571,90,1977.124448
2.115,226,1977.369234
0.213186,64,1977.444775
3.185294,124,1977.591665
3.409259,76,1977.700583
2.875385,148,1977.91884
2.747391,153,1978.119665
1.923678,382,1978.584488
1.883333,119,1978.696818
1.568536,98,1978.792342
3.2525,248,1979.764547
2.771538,202,1980.033024
1.477778,58,1980.094227
1.775077,139,1980.258521
1.404415,251,1980.534532
3.238,76,1980.632613
1.746364,47,1980.681484
1.534577,341,1981.059348
1.352273,266,1981.393628
3.306667,104,1981.566029
0.686559,72,1981.676597
0.756785,110,1981.797727
2.728696,88,1981.923324
3.069749,184,1982.759266
2.515,194,1983.087989
3.22875,308,1983.512097
1.357739,116,1983.704465
4.332368,325,1984.220008
1.895756,219,1984.562767
3.548788,113,1984.731219
2.47,84,1984.833517
3.607353,131,1985.054108
4.016667,143,1985.286621
4.83375,117,1985.491267
0.604999,100,1985.597645
2.988095,68,1985.682308
2.917692,126,1986.413527
0.406326,195,1986.735106
2.993704,133,1986.911515
2.185,56,1986.975965
3.140968,483,1987.675524
1.326464,175,1987.974785
3.560231,251,1988.371301
-0.815432,288,1988.800063
3.114706,233,1989.06188
1.935565,248,1990.320519
2.400476,151,1990.55508
1.323977,99,1990.684342
-0.553425,177,1990.859001
2.900952,71,1990.967409
1.731875,201,1991.182986
1.528571,188,1991.401276
2.581429,75,1991.51102
2.902,89,1991.636569
4.18,81,1991.734444
2.691111,50,1991.79038
0.727142,110,1991.903291
2.736316,66,1991.977362
-0.233333,22,1992.000483
3.723226,91,1992.124107
2.515,66,1992.205799
2.170625,163,1992.465051
2.52,64,1992.548519
1.110855,118,1992.703826
4.442424,137,1993.494278
0.405013,65,1993.601977
2.763475,345,1994.21843
-0.0153,56,1994.297544
1.8375,159,1994.486914
3.703125,158,1994.73897
2.663784,175,1994.996822
0.866667,168,1995.190618
1.13416,185,1995.434118
2.676364,72,1995.520258
4.4875,146,1995.810539
2.795212,247,1996.362639
1.869167,41,1996.426611
2.269412,58,1996.52175
4.634483,270,1997.747386
3.194828,119,1997.92858
2.814643,283,1998.397971
3.392593,85,1998.680724
1.303397,347,1999.316567
2.299231,34,1999.371526
3.780833,129,1999.59721
2.667273,76,1999.729251
5.389186,935,2002.431892
0.641953,262,2002.927598
2.644545,86,2003.089529
3.22069,104,2003.260333
2.006486,480,2004.021333
3.545758,115,2004.232959
3.285874,329,2004.811614
3.857273,114,2005.141657
2.595714,69,2005.296849
1.256667,188,2005.592826
2.918,81,2005.736816
3.351379,208,2007.229167
2.402632,75,2007.540556
2.036667,73,2007.821656
3.711429,118,2008.126722
2.121905,268,2008.51201
4.34125,367,2009.314423
2.45913,212,2009.682037
2.949503,717,2010.978294
2.4325,163,2012.114001
3.34599,306,2012.707469
1.814444,254,2013.065842
-0.138773,41,2013.126171
0.098176,38,2013.198869
2.638683,587,2014.124991
2.215,186,2014.339442
2.711304,96,2014.459181
2.829167,82,2014.569729
2.878,101,2014.707713
3.009091,62,2014.823972
2.1473,264,2015.118849
2.912857,66,2015.848087
2.0173,74,2015.93529
3.41166,229,2016.316361
3.602813,171,2016.587548
1.746429,127,2016.716684
2.860476,214,2016.980689
4.353421,119,2017.194973
2.735217,85,2017.300525
1.927692,50,2017.360571
4.026667,92,2017.487022
3.906864,192,2017.769046
3.120588,530,2018.571371
4.1,144,2019.613603
3.141429,100,2019.752048
3.327143,471,2020.572075
3.210357,235,2020.993443
2.211818,81,2021.102814
4.596279,201,2021.462709
0.292655,61,2021.568286
1.816471,212,2021.853691
3.121786,111,2022.047259
2.295385,35,2022.098621
2.242222,100,2022.386918
2.296522,250,2022.773311
3.137857,102,2022.940326
2.1875,39,2022.98516
1.252143,243,2023.881549
1.932143,75,2023.96747
3.810303,145,2024.249069
2.10375,82,2024.353853
3.954194,140,2024.564455
2.254706,63,2024.668871
2.605714,195,2024.927716
3.625,119,2025.097414
1.606154,131,2025.273651
3.724839,90,2025.416889
2.704271,485,2026.15589
2.678636,71,2026.262078
1.525,71,2026.36353
3.404444,327,2027.315069
2.131875,73,2027.397838
1.150807,297,2027.777574
2.593333,70,2027.864046
4.028387,94,2028.008403
1.375,231,2028.273764
2.831563,511,2029.080037
2.588261,148,2029.304094
2.51,68,2029.416739
2.498125,55,2029.479601
1.712319,234,2029.813522
2.75913,74,2029.917107
1.984118,155,2030.760195
3.570645,229,2031.095984
0.459241,136,2031.230808
2.197704,281,2031.509923
2.333889,67,2031.602639
3.75625,124,2031.911997
1.498333,130,2032.058455
1.255155,112,2032.197248
3.485313,99,2032.407657
2.571905,79,2032.533634
2.658,206,2032.806596
3.060435,78,2032.912827
3.394688,157,2033.215354
-7.381277,2000,2035.384576
0.619902,131,2035.503656
1.57,213,2036.401672
2.204706,80,2036.485827
0.517074,105,2036.654566
0.006673,14,2036.671994
2.522174,183,2036.889039
2.106111,149,2037.080258
1.634598,298,2037.432088
3.177586,129,2037.628913
2.339444,65,2037.714541
2.614583,185,2037.950512
3.315,99,2038.096707
2.598095,68,2038.187866
2.643889,67,2038.267135
1.843494,602,2039.76956
-0.172069,7,2039.781425
2.773158,52,2039.850324
3.32,96,2039.980961
4.78,160,2040.302882
2.165714,300,2040.704473
1.606667,104,2040.825915
3.166563,303,2041.245948
2.157647,96,2041.354967
3.135,66,2041.428238
3.311875,210,2041.713734
3.192,99,2041.867431
0.923636,228,2042.085426
2.665,77,2042.256949
1.769091,42,2042.310348
2.323684,105,2042.423525
2.356111,59,2043.178673
3.697143,128,2043.376323
4.0,156,2043.793539
1.817857,107,2044.030042
1.510833,127,2044.186607
4.335,133,2044.451909
0.690461,79,2044.596646
3.034869,760,2045.603973
2.581429,75,2045.70294
2.09125,86,2045.803277
2.2925,155,2046.00816
2.964,243,2047.001891
2.09,57,2047.072413
5.824582,775,2048.288034
3.783611,127,2048.474604
3.527941,185,2048.730605
2.683182,69,2048.844009
4.166061,161,2049.0801
1.979474,232,2049.335927
2.44307,321,2049.761643
2.053043,362,2050.884663
2.210625,355,2051.255553
4.41,322,2051.847578
3.284893,540,2052.505407
2.502857,108,2052.636392
3.414706,262,2053.048025
3.217241,106,2053.186053
3.907813,347,2054.689413
4.675349,133,2054.964825
1.166553,133,2055.193906
2.872,104,2055.346804
3.795313,99,2055.511594
3.067368,58,2055.584239
1.503082,368,2055.993313
4.226296,56,2056.080474
2.69,195,2056.36093
1.419091,119,2056.493494
1.252019,125,2056.68438
3.429519,222,2057.001765
1.787273,38,2057.04458
3.474643,87,2057.172302
2.23053,260,2058.140504
2.761304,73,2058.249852
1.670965,120,2058.457142
3.136207,153,2058.88358
3.246061,293,2059.444999
3.510927,619,2060.55434
3.810281,329,2061.059746
3.285484,257,2062.246502
0.210136,90,2062.423663
3.036089,229,2063.083286
3.258333,133,2063.3053
1.985191,94,2063.500944
3.704444,184,2063.902115
2.500435,193,2064.362153
2.914,83,2064.514919
6.101765,353,2064.945349
3.480625,102,2065.11049
3.174286,309,2065.522928
2.548095,89,2065.631743
0.080869,33,2065.671003
2.526667,98,2065.832623
2.18625,78,2066.613915
2.1675,205,2066.916677
3.310556,331,2067.381375
1.84,48,2067.440979
4.048421,145,2067.693151
4.422727,150,2067.987484
3.154063,311,2068.41923
2.4075,109,2068.603084
2.569524,80,2068.71683
-0.213176,103,2068.814272
2.622174,137,2068.982296
2.715909,191,2069.237288
1.214356,87,2069.366661
2.882593,193,2070.26542
2.986538,85,2070.475141
0.093994,109,2070.570543
2.691111,50,2070.6305
2.676364,72,2070.719711
-0.370306,329,2071.065449
2.999401,531,2071.701742
2.555238,86,2071.809696
-0.417026,45,2071.857982
2.178947,160,2072.058177
4.12875,500,2072.769512
1.941373,262,2073.798929
2.593333,70,2073.886001
4.915625,342,2074.36528
0.646675,260,2074.651051
1.939231,47,2074.721054
1.287817,67,2074.817064
2.728696,88,2074.93395
2.797234,208,2075.207571
0.170574,57,2075.26038
2.575385,304,2075.613591
1.666373,142,2075.800683
3.071304,73,2075.901035
2.3125,147,2076.739359
2.789583,101,2076.88967
0.539773,71,2077.008851
2.275,152,2077.186698
0.897919,171,2077.427095
1.7225,204,2077.771559
-0.193333,8,2077.780545
2.426316,66,2077.855056
2.8875,413,2078.345269
2.14125,70,2078.471744
4.222593,58,2078.579417
1.577638,52,2078.669699
0.225935,49,2078.754795
2.603684,162,2079.080501
3.091739,289,2079.744244
1.285385,217,2080.915973
2.449474,118,2081.061991
2.712934,455,2081.765072
1.514545,98,2081.890511
2.8,147,2082.097251
2.894,93,2082.303985
3.482188,101,2082.476717
2.322143,285,2082.887201
2.897987,419,2083.963994
2.920643,313,2085.901882
3.374375,170,2086.415139
2.135,72,2086.604918
3.908378,571,2087.994133
1.851795,96,2088.177838
2.138182,29,2088.224721
0.32814,197,2088.507012
3.918571,351,2089.236966
3.76,144,2089.596235
1.799091,119,2089.852023
0.021199,131,2090.05508
2.194375,53,2090.120392
1.101624,348,2091.833204
1.986667,88,2092.027711
2.676364,72,2092.195909
2.021905,310,2092.756013
2.741053,277,2093.317313
1.946667,392,2093.877929
0.76668,44,2093.937325
1.321429,246,2094.369062
4.571081,125,2094.631344
-0.229157,630,2096.387552
2.53,275,2096.844995
1.872353,193,2097.120943
3.244242,314,2097.6981
3.495945,310,2098.281019
3.556552,89,2098.46289
3.975,70,2098.602717
2.859615,151,2098.986276
1.898615,61,2099.084178
2.16,64,2099.194687
1.737273,49,2099.263801
1.165,143,2100.517735
5.057041,793,2102.120644
3.94,96,2102.380838
3.449375,122,2102.681834
6.164517,444,2104.071111
2.504167,238,2104.47042
0.193134,40,2104.55489
1.739231,99,2104.795012
2.156875,65,2104.936894
2.59375,50,2105.045586
3.248788,311,2106.650543
1.974211,234,2107.04386
2.100625,83,2107.187327
3.303333,106,2107.401539
2.612727,100,2107.532091
4.11125,135,2107.804341
2.243684,162,2108.014589
2.138125,71,2108.10106
4.665,247,2108.614563
3.594839,214,2108.998648
2.353333,60,2109.092133
2.57,147,2109.340929
1.873887,261,2110.597481
3.29261,395,2111.337675
4.422857,110,2111.527927
1.486893,158,2111.737195
1.298571,286,2112.171059
2.1975,52,2112.299571
3.257407,239,2112.78047
2.712037,635,2114.189207
3.959474,122,2114.576635
2.215,186,2115.768444
2.272353,57,2115.870783
4.197297,113,2116.19418
3.191111,237,2116.648579
3.059655,238,2117.192951
2.31,189,2117.586225
3.43129,365,2118.360214
2.167143,249,2118.967863
3.711563,255,2119.585629
0.303088,71,2119.754129
2.5025,71,2119.863567
3.413235,263,2121.208902
2.541739,174,2121.54467
1.583333,39,2121.625137
0.600713,34,2121.700206
2.668889,58,2121.81731
2.614706,46,2121.965154
3.087857,130,2122.234125
3.322,194,2122.605891
2.262324,265,2123.210053
3.330625,262,2124.129603
2.683182,69,2124.328587
3.463438,113,2124.690371
3.384286,347,2125.699435
4.08625,155,2127.134681
2.48619,115,2127.383551
0.271559,80,2127.580486
1.315565,225,2128.459092
1.726408,161,2128.874601
2.461652,75,2129.000079
1.179854,152,2129.370574
2.5,72,2129.608033
3.79375,100,2129.944032
3.520606,125,2130.352735
2.6025,155,2130.906873
1.769193,193,2131.288347
3.203448,114,2131.595119
2.116667,49,2131.674389
0.304642,247,2132.135313
3.296,87,2132.366726
2.92,80,2133.46545
2.186667,120,2133.854954
2.102857,276,2134.285514
2.744211,63,2134.393305
2.443889,139,2134.577267
3.661935,129,2134.839641
3.165,54,2134.910458
3.415714,325,2135.538798
2.677222,55,2135.655673
1.545882,304,2136.035113
1.9525,204,2136.350227
3.238462,123,2136.549492
-0.25706,96,2136.650051
2.348261,263,2137.632383
3.955357,81,2137.743879
2.007143,54,2137.807735
4.013931,287,2138.285996
0.971795,304,2138.666186
3.804688,93,2138.82692
0.446716,82,2138.939326
2.938782,584,2139.881082
1.368163,124,2140.204039
1.910714,81,2140.312422
2.026667,112,2140.471384
2.476875,482,2142.042573
0.910844,254,2142.535163
3.751538,342,2143.475031
0.190562,70,2143.553058
0.188343,85,2143.718441
0.935047,323,2144.203389
2.056667,67,2144.298585
2.912069,283,2144.755545
4.635814,167,2145.091056
4.652093,153,2146.173205
2.328333,69,2146.316735
1.780714,137,2146.563222
2.263529,60,2146.67103
1.48555,357,2147.49494
2.8525,504,2148.734131
0.004041,14,2148.754366
2.473529,94,2148.92062
2.580448,698,2150.080018
2.528125,71,2150.942733
3.461875,114,2151.108343
1.763333,155,2151.297036
0.061226,44,2151.362628
6.801498,502,2152.034072
3.566053,421,2152.892218
2.905714,69,2153.02142
0.960984,445,2153.928414
2.269791,387,2155.388189
3.238235,382,2155.989335
1.469091,108,2156.128173
1.927692,50,2156.194011
3.162813,299,2156.673795
2.826,127,2156.882326
1.549003,94,2157.016919
2.818214,281,2157.536255
0.671199,62,2157.648746
1.833114,213,2157.976195
2.1075,229,2158.269672
3.674839,121,2159.137196
3.913636,288,2159.650911
2.191667,38,2159.691916
1.66,44,2159.74128
2.228668,106,2159.876335
2.046842,271,2160.165517
2.776998,134,2160.401889
1.42875,298,2160.76562
3.254375,234,2161.134801
2.215382,317,2161.794176
3.7375,426,2163.945208
3.469533,257,2164.519041
1.93,112,2164.752461
1.989375,141,2164.994817
3.248333,68,2165.125102
1.51,231,2165.449007
2.804,138,2165.734789
2.207619,232,2166.226017
1.956667,97,2166.380262
3.544483,96,2166.580499
2.676364,72,2166.698853
4.510097,129,2167.019827
3.910789,159,2167.349724
0.560778,170,2168.499113
1.685,39,2168.55654
0.071569,116,2168.785518
3.31,102,2168.96365
4.775,164,2169.264024
0.462135,42,2169.325252
3.419545,53,2169.433415
2.198095,236,2169.789034
3.560294,163,2170.10391
2.11,51,2170.183695
1.484167,131,2170.351445
2.254706,63,2170.446994
2.662353,57,2170.513992
3.525517,107,2170.702511
2.042381,314,2171.087899
2.672,204,2171.36908
2.075294,124,2171.554256
2.81875,87,2172.414027
2.033889,175,2172.631818
2.419524,143,2172.807384
4.993793,195,2173.080948
3.234483,96,2173.21916
3.953571,82,2173.353595
3.861515,164,2173.683788
2.178696,341,2174.173554
1.8025,57,2174.254193
-0.125968,43,2174.321202
1.881538,62,2174.400603
2.78,84,2174.498095
0.270784,51,2174.569212
3.629412,116,2174.735758
0.800104,163,2174.951086
3.024211,272,2176.059654
3.403636,60,2176.128911
4.508212,742,2177.221061
0.414372,179,2177.437361
8.593976,534,2178.351335
3.626471,118,2178.528062
2.194375,53,2178.657878
3.135758,379,2179.781554
2.515,66,2179.870515
3.962069,80,2179.984556
2.912,84,2180.12066
2.185,56,2180.193786
3.250417,67,2180.288712
3.175,50,2180.358452
2.995161,344,2180.876783
0.703671,39,2180.93511
4.655581,150,2181.19944
2.711304,96,2181.325367
3.705484,102,2181.498754
2.155,23,2181.528453
1.393333,266,2181.804201
2.5125,67,2181.892109
1.595,57,2181.958866
-0.283327,185,2182.164535
2.882,99,2182.297661
0.169629,115,2182.42528
2.762414,364,2183.436281
3.064242,380,2183.979496
2.193522,56,2184.075963
2.206957,328,2184.613445
-0.069537,153,2184.795877
3.145,98,2184.944771
2.81875,87,2185.081363
2.867619,148,2185.259598
1.71,34,2185.298144
3.3625,376,2185.77682
2.169375,61,2185.892799
3.963793,79,2186.767588
3.478148,82,2186.875985
3.633824,113,2187.065163
1.950337,508,2188.188163
0.107457,57,2188.262404
1.439286,213,2188.543111
2.4675,85,2188.795514
1.286893,63,2188.928281
2.72,92,2189.067258
-0.288601,69,2189.128616
0.970579,73,2189.219474
3.243103,91,2189.372999
2.258462,172,2189.597836
3.104211,44,2189.67691
2.700588,44,2189.741338
1.487857,289,2190.077452
2.175625,59,2190.788922
2.576262,450,2191.691587
1.533333,48,2191.748097
2.992414,277,2192.171906
3.953333,88,2192.32767
1.990556,277,2192.740634
0.578202,24,2192.938112
2.897143,144,2193.147029
2.972727,78,2193.254502
1.515,360,2193.749075
3.328,71,2193.849698
2.335789,127,2194.022103
4.398485,166,2194.977987
2.272353,57,2195.04636
4.480303,112,2195.22888
1.880054,262,2195.599143
4.152703,146,2195.852228
2.367143,165,2196.093891
2.284054,220,2196.496366
1.694577,341,2196.980086
3.801667,114,2197.163813
3.20875,87,2197.275918
4.42625,131,2197.492149
0.834246,321,2198.650629
2.670833,158,2198.899139
2.2175,185,2199.31155
2.292222,82,2199.485026
1.996429,57,2199.616314
3.441563,127,2199.90968
2.808333,92,2200.205306
1.563125,255,2200.749769
1.950769,44,2200.880145
2.042087,199,2201.43105
2.1225,76,2201.545294
2.331775,220,2201.910814
3.622059,121,2202.173665
5.746667,356,2203.03206
2.8,140,2204.127767
2.278571,198,2204.352083
2.426667,140,2204.545139
2.138125,71,2204.634802
0.411901,166,2204.8567
3.231212,316,2205.318498
2.821579,64,2205.396739
2.931034,272,2205.797669
3.1075,119,2205.97202
3.153361,343,2206.498692
1.05,135,2206.627872
2.600476,67,2206.714593
1.698333,82,2207.501521
2.716316,104,2207.631938
2.472857,87,2207.737377
3.104348,136,2207.902434
2.811923,181,2208.122565
1.884512,111,2208.369318
3.463438,113,2208.528658
0.225132,53,2208.722237
2.311667,75,2208.854831
2.980952,71,2208.958218
0.955446,67,2209.067192
0.57477,77,2209.15546
2.268462,42,2209.363949
1.713971,177,2209.654261
4.038788,278,2210.148141
1.187273,170,2210.320343
2.015625,155,2210.473697
0.976063,139,2211.247247
1.405,150,2211.38666
2.0125,267,2211.692796
2.595714,69,2211.783933
1.627778,31,2211.818963
1.85,332,2212.194193
2.5125,67,2212.285212
1.50492,235,2212.623671
4.10125,143,2212.858939
3.143214,99,2213.006491
2.141639,549,2213.953394
0.148781,48,2214.009069
2.756,162,2215.236134
1.906667,112,2215.363335
2.557619,85,2215.467184
3.703871,103,2215.627499
0.738289,67,2215.786963
0.535134,34,2215.858521
3.905588,139,2216.200725
3.42125,396,2216.899826
3.24,144,2217.324545
3.578333,127,2217.583616
3.093684,48,2217.640917
1.619091,75,2217.731373
3.353125,318,2218.450992
2.256923,45,2218.52877
2.602941,50,2218.596951
3.258485,298,2220.615942
2.886667,77,2220.756088
2.774444,246,2221.17431
3.139261,822,2222.548647
3.490556,338,2223.143546
1.327623,196,2223.525981
2.444545,174,2223.982789
2.782105,79,2224.124515
2.614706,46,2225.079621
1.94,102,2225.240275
-0.121011,103,2225.367219
1.380714,207,2225.682637
3.869063,103,2226.000204
-0.167135,47,2226.090903
2.106875,81,2226.261938
2.602941,50,2226.368495
1.927692,50,2226.478517
2.777143,123,2226.647383
2.876,102,2226.812449
3.471071,89,2226.956874
2.48087,202,2227.470815
0.34562,60,2227.568108
2.735217,85,2227.752269
4.667209,140,2228.145321
3.205172,113,2228.430454
2.438571,135,2228.703325
2.435625,75,2228.850787
3.723913,219,2229.942373
3.474375,106,2230.374212
3.461875,114,2230.550577
3.635405,292,2231.026507
3.463438,113,2231.201438
1.996429,57,2231.272544
2.986364,72,2231.385906
0.98,162,2231.555095
2.855556,240,2231.871764
3.25375,292,2232.39021
2.516875,49,2232.491591
2.772054,476,2233.28962
2.530269,197,2234.247113
3.65,385,2234.91517
2.28875,122,2235.039886
2.738947,65,2235.121366
2.374286,38,2235.17527
4.111563,95,2235.352798
3.961515,98,2235.521029
0.418283,63,2235.607788
2.266471,59,2235.715375
1.761429,190,2235.938957
2.262222,528,2236.651666
1.631538,127,2236.822445
1.197273,203,2237.736035
3.605882,132,2237.924574
1.95,99,2238.029399
0.069464,75,2238.0999
4.029118,327,2238.675681
2.14,308,2239.046869
2.361667,57,2239.125522
3.734375,138,2239.334759
4.317895,146,2239.597881
0.032024,420,2240.00808
2.054783,398,2241.138133
5.488288,661,2242.117051
3.560294,163,2242.552317
3.387037,88,2242.685042
2.045008,257,2243.092586
1.825625,171,2243.341283
1.995,270,2243.681727
2.817894,593,2245.692131
3.129412,456,2246.747858
2.920746,177,2247.211163
3.609375,218,2247.569924
1.838125,167,2247.975296
2.106667,52,2248.102514
-0.146192,170,2248.298931
2.166248,177,2248.53903
2.20346,477,2250.425326
1.363256,230,2251.097398
2.485625,59,2251.203506
-0.082342,18,2251.248237
2.748261,79,2251.450185
4.7,140,2251.718252
2.369048,160,2251.999878
0.566403,117,2252.274183
1.82118,211,2252.649206
1.8025,57,2252.733572
3.51697,134,2252.978188
2.615294,73,2253.077788
1.397325,238,2253.438743
4.516757,106,2253.755388
4.327105,139,2254.039395
2.635217,131,2255.084866
3.157188,309,2255.546156
13.542317,757,2256.863246
3.470769,244,2257.192727
4.72246,458,2258.026828
3.565714,220,2258.363433
0.704694,123,2259.142216
3.31,102,2259.343128
2.270662,233,2259.90847
-0.187943,82,2259.994925
3.912069,109,2260.326038
1.875,322,2260.704234
1.22107,42,2260.751128
3.134286,104,2260.940081
2.4925,75,2261.063577
-0.211471,35,2261.117548
3.575107,259,2261.513667
3.303333,106,2261.720812
3.282,94,2261.918154
3.577941,151,2262.194811
2.85,115,2262.429699
2.752609,77,2262.629892
4.486389,197,2264.041545
1.89125,150,2264.37176
2.168889,184,2264.624535
0.032168,48,2264.696327
3.867778,174,2265.085172
2.1,54,2265.400422
-0.159804,8,2265.413112
2.827986,394,2266.350262
2.171053,163,2266.716749
3.175,50,2266.799019
2.508824,82,2266.964165
0.69921,123,2267.292712
2.19,85,2267.462844
3.462941,338,2268.038198
2.201765,81,2268.896731
2.879386,291,2269.604484
-0.169375,6,2269.616399
3.198333,92,2269.748657
2.51,105,2269.908298
3.45871,255,2270.560394
2.353333,60,2270.76566
1.646091,195,2271.204538
0.745,227,2271.478321
2.988421,240,2271.823139
3.006923,246,2272.172307
2.722174,91,2272.296918
2.436842,62,2272.377916
5.663261,300,2273.565538
3.403636,60,2273.647196
3.873248,447,2274.236097
2.139474,175,2274.47844
0.413333,284,2274.776135
1.27,122,2274.93905
2.014286,52,2274.999321
2.686316,85,2275.276457
1.073333,232,2275.626708
2.09,57,2275.712219
2.569524,80,2275.819971
2.348095,173,2276.091573
1.825625,171,2277.650541
1.238425,78,2277.801714
2.158213,291,2278.285033
1.786667,148,2278.588297
2.759545,273,2279.088379
1.35,81,2279.203428
2.133636,30,2279.253768
2.163478,348,2279.992169
1.93,424,2280.592574
3.086071,131,2280.787595
2.497273,362,2281.818527
3.206667,88,2281.936842
2.58381,74,2282.04015
1.76625,190,2282.283412
1.951875,105,2282.426672
3.360511,111,2282.569148
-0.281277,62,2282.642115
3.42375,388,2283.241056
2.715263,74,2283.352374
2.03381,305,2283.918156
2.65,215,2284.291121
2.14125,70,2284.416418
2.345714,174,2284.644807
0.331467,110,2285.517799
0.414162,52,2285.597266
2.53381,95,2285.839131
2.131875,73,2285.924667
2.863462,149,2286.20218
0.720158,155,2286.397013
2.505,70,2286.488205
1.707951,188,2286.732708
1.596923,136,2286.931026
2.967308,95,2287.148155
1.881875,153,2287.445556
1.583333,39,2287.496992
-0.107928,16,2287.521372
1.95,99,2287.651656
2.995,291,2288.148885
1.942857,72,2288.239809
1.89,304,2289.705043
1.71625,206,2290.004806
1.685,39,2290.39589
3.82875,353,2291.225245
-0.042439,84,2291.348803
2.4825,79,2291.485619
2.562381,83,2291.689135
2.251765,64,2291.823363
3.917368,154,2292.203903
1.996429,57,2292.309174
2.3875,117,2292.515061
0.665191,75,2292.609894
2.35,312,2293.136861
1.930486,202,2293.529817
2.801667,172,2293.95861
4.415012,112,2294.943497
2.668889,58,2295.017144
3.292353,520,2295.899208
3.8275,354,2296.644205
2.541795,361,2297.531979
3.956897,83,2297.685678
2.514118,121,2297.842753
3.69875,212,2298.202369
2.038333,231,2298.653624
2.821481,307,2299.897175
0.628431,189,2300.292502
2.196514,127,2300.600299
2.83,125,2300.868839
2.78619,325,2301.545365
2.706957,98,2301.686015
2.840769,166,2301.977902
1.778182,40,2302.040168
2.050404,63,2302.159479
3.305357,221,2302.656438
1.650625,227,2303.152748
3.196552,118,2303.48552
3.527576,127,2304.579032
1.51,231,2304.913509
7.324541,459,2305.932691
2.50913,189,2306.325781
2.210526,148,2306.578181
1.316667,152,2306.799345
1.462308,171,2307.186411
2.122857,86,2307.358753
3.723226,91,2307.603351
41.341162,2000,2311.665022
1.96875,122,2311.848304
1.806875,177,2312.04756
2.131373,182,2312.27202
3.255926,202,2313.264661
1.466154,170,2313.502352
1.84,48,2313.73278
2.593333,70,2313.848382
2.886,97,2313.98115
0.051474,88,2314.073598
2.708054,148,2314.285991
1.225,273,2314.604139
2.746087,80,2314.742713
2.25,360,2315.225272
2.5125,67,2315.318551
1.828571,104,2315.445935
-0.118875,56,2315.513425
2.808,136,2315.731146
5.911081,255,2316.851495
2.075625,91,2316.966767
1.155301,342,2317.397868
0.340847,134,2317.563404
3.36927,186,2317.854856
1.673648,398,2318.523159
2.57,255,2318.894731
2.998065,429,2319.542875
2.522174,183,2320.704759
2.502609,192,2321.027684
0.796281,25,2321.073591
1.689091,42,2321.148861
2.614643,395,2321.823032
2.006667,58,2321.928204
3.513939,136,2322.312868
2.219405,115,2322.560363
3.16,56,2322.675554
2.503462,336,2323.47704
2.316667,182,2323.769691
3.28,256,2324.079893
0.215668,56,2324.150655
1.81625,174,2325.141743
1.839444,245,2325.506989
2.176667,245,2325.866188
0.816344,77,2325.991439
2.903333,70,2326.095894
3.893684,172,2326.473694
1.96,128,2326.677549
1.228694,303,2327.158633
4.77625,163,2327.549257
3.381481,91,2327.744879
3.908621,111,2327.973014
3.035116,379,2329.009212
3.2425,248,2330.204083
2.756957,75,2330.317549
2.6575,276,2330.883528
1.881538,62,2330.97363
4.417143,114,2331.186755
2.025791,361,2331.624824
2.922727,100,2331.762861
3.495758,148,2332.034502
4.258684,191,2332.440564
0.666282,103,2332.571719
3.558235,110,2332.772609
0.572323,39,2332.811784
2.088571,282,2334.022804
2.220348,117,2334.207849
0.66,286,2334.633299
3.547059,172,2335.125396
1.173571,265,2335.499506
1.837059,205,2335.784085
3.616667,104,2336.074708
3.095,231,2336.517757
0.725828,105,2336.694897
1.731875,201,2336.927829
0.826207,199,2337.194748
2.254706,63,2337.290501
2.75913,74,2337.405422
2.129167,53,2338.18862
-0.10139,15,2338.204843
2.848,116,2338.343918
4.507568,172,2338.695841
1.912778,215,2339.108252
2.732,174,2339.385364
3.22931,99,2339.678992
2.323125,159,2339.91521
3.303939,268,2340.486343
-0.096152,73,2340.660132
3.949487,250,2341.604951
1.975,63,2341.720807
3.3325,273,2342.345037
2.347368,96,2342.564105
0.637691,150,2343.495202
2.288784,385,2344.191197
1.9475,293,2344.546177
2.316,337,2344.978085
2.682778,53,2345.047543
1.295373,246,2345.541164
3.388889,87,2345.664294
3.890541,340,2346.307632
1.828571,104,2346.476414
2.855789,51,2346.551841
2.451692,136,2347.769891
3.485862,130,2348.008096
2.975357,193,2348.381889
3.089474,80,2348.604817
4.431429,104,2348.881926
3.146296,218,2349.507162
0.156281,110,2349.737987
1.963333,95,2349.876785
0.217065,43,2349.946416
3.272825,191,2350.397313
1.238889,101,2350.62462
2.408182,190,2350.947564
2.698261,102,2351.121359
4.0925,216,2352.025211
2.722174,91,2352.283468
1.641998,73,2352.374505
2.043333,71,2353.351433
0.376896,77,2353.466105
2.635455,90,2353.589401
2.824,128,2353.837687
2.04375,178,2354.13762
2.368421,88,2354.276604
2.296818,239,2354.672069
3.667838,268,2355.093878
1.9875,245,2355.536867
1.369208,112,2355.75826
2.764,118,2355.970704
3.122963,128,2356.17156
3.24936,443,2357.832494
2.634,223,2358.182207
3.247879,305,2359.033109
4.764573,197,2359.479659
2.570588,61,2359.660832
2.112941,220,2360.033995
2.858889,76,2360.137158
2.565652,163,2360.341688
3.052188,453,2361.070853
1.394444,73,2361.167535
2.5075,52,2361.24125
3.648125,302,2362.917837
2.508291,492,2363.720432
3.586875,226,2364.266
1.004285,66,2364.42251
1.76,44,2364.500891
1.8525,45,2364.58449
1.839286,101,2364.777297
1.6725,220,2365.092576
2.142941,101,2365.265299
1.402325,193,2365.773918
2.056364,124,2365.939789
0.663108,82,2366.048276
2.325,142,2366.311478
4.50303,97,2367.52293
3.820909,138,2367.978376
1.633333,30,2368.04153
3.771613,154,2368.857664
4.203855,284,2369.756166
4.417143,114,2370.008492
2.753438,305,2370.867235
1.40955,275,2371.408966
1.469167,329,2372.365817
0.462652,176,2372.735345
1.805721,124,2372.905875
0.106186,33,2372.945143
2.522,274,2374.567684
4.305789,184,2374.962696
1.923333,107,2375.148186
3.746316,284,2375.974769
3.831515,131,2376.236735
1.011688,72,2376.363098
-0.102063,30,2376.403306
2.434444,74,2376.503586
1.248522,203,2376.8326
1.145763,167,2377.063618
0.559905,112,2377.260531
1.075,161,2377.447999
-0.181953,23,2377.488211
0.896558,144,2377.680046
3.475714,283,2378.875821
3.105714,120,2379.041227
2.824231,341,2379.501573
2.081176,122,2379.644738
2.113125,79,2379.744612
1.946998,177,2379.934518
2.103333,53,2379.997582
2.255605,97,2380.233646
1.538226,173,2380.493445
3.447813,123,2380.768856
2.595833,194,2381.133114
3.633824,113,2381.324281
2.67,115,2381.469019
2.24,68,2381.564359
4.383096,397,2382.860469
2.442087,199,2383.121852
0.252483,41,2383.187996
2.334211,101,2383.324872
2.650435,124,2383.512478
2.0375,257,2383.788681
1.479231,164,2383.955661
1.639286,157,2384.128171
3.085789,51,2384.209698
2.894,93,2384.360296
2.46,88,2384.553014
4.258438,225,2384.963442
-0.198244,80,2385.095503
2.260769,44,2385.15261
4.415641,136,2386.18679
0.203699,26,2386.220542
2.612353,74,2386.308533
2.445,175,2386.498562
4.352941,100,2386.687972
3.855758,115,2386.883663
3.362963,101,2387.036235
2.97381,74,2387.161224
1.412308,184,2387.366372
1.976667,127,2387.53583
3.345758,280,2387.939851
2.668235,55,2388.010042
2.16625,62,2388.086373
2.495,56,2388.183142
1.934375,133,2388.350105
3.281667,119,2388.632623
0.792364,128,2388.822622
1.842857,100,2388.931968
2.837857,270,2390.015133
3.250417,67,2390.161987
1.971429,64,2390.26573
2.211579,235,2390.57185
1.439286,213,2390.823565
3.065,333,2391.383288
2.750656,191,2391.65603
1.905263,264,2392.040712
2.183684,124,2392.220276
2.507826,185,2392.540202
0.081222,116,2392.687769
4.03,93,2392.861606
4.8325,118,2393.861476
4.404595,189,2394.292379
1.77694,35,2394.337243
3.425278,385,2395.135151
0.572184,35,2395.177348
2.150625,67,2395.25544
2.596027,121,2395.402352
4.20963,65,2395.48973
2.892,94,2395.622343
3.311667,101,2395.820653
2.862,109,2396.034754
3.866552,176,2396.338657
3.97069,75,2396.499086
3.789167,123,2396.901858
3.769231,336,2397.755601
3.674517,283,2399.136769
1.875556,232,2399.468441
2.626522,135,2399.677102
2.507368,153,2399.86662
3.057189,295,2400.355433
2.570588,61,2400.43516
4.288235,314,2400.966313
4.43359,122,2401.207314
0.835917,63,2401.338295
3.297907,373,2401.921184
1.398333,154,2403.240447
2.320129,494,2404.234657
1.620638,60,2404.340781
2.495,56,2404.434704
2.518182,212,2404.920481
2.886,97,2405.19885
0.980651,194,2405.455604
3.716364,207,2405.798904
4.087078,168,2406.147295
2.859063,135,2406.356116
3.647738,118,2406.55529
2.317143,186,2406.781622
0.151677,196,2407.893253
1.556277,129,2408.130866
2.516,277,2408.527563
2.856,112,2408.70353
1.290085,175,2408.957324
3.07,57,2409.030116
2.326054,254,2409.335592
2.078284,90,2409.499866
1.942857,72,2409.615757
1.186855,192,2409.845288
1.700909,57,2409.914679
2.094211,215,2410.324001
2.013333,80,2410.417924
2.15375,66,2410.501691
1.298963,253,2411.90585
2.145,25,2411.961936
2.735217,85,2412.224553
2.853342,369,2413.153106
1.835195,185,2413.420927
3.301613,154,2413.758129
3.205172,113,2413.98792
1.352727,116,2414.134261
1.970625,147,2414.83531
3.383333,90,2415.06542
0.303088,71,2415.239581
2.733043,86,2415.396821
0.972156,247,2415.764873
2.81875,87,2415.892041
3.789063,103,2416.869278
2.063333,65,2416.965661
1.535833,121,2417.140663
3.966667,80,2417.359786
2.65174,208,2417.931208
0.040008,47,2417.990778
3.597059,138,2418.341886
0.522246,102,2418.489832
3.0425,120,2418.785527
0.685406,247,2419.080259
3.907778,309,2419.459192
-0.46211,155,2419.640566
2.698571,156,2419.900435
1.535714,186,2420.105544
1.555556,44,2420.157826
1.596667,205,2421.106601
3.005,285,2421.609194
3.573226,184,2421.935271
2.365789,146,2422.212712
3.273333,124,2422.410887
3.473333,184,2422.86157
2.555791,633,2423.788809
1.467184,214,2424.106518
2.671818,74,2424.235596
2.179524,311,2425.307089
-0.164692,10,2425.322842
3.044876,177,2425.598637
3.452432,420,2426.344042
1.843077,72,2426.52295
2.1725,60,2426.65695
0.796311,108,2426.809067
1.453125,287,2427.157876
3.477576,160,2427.413945
2.333889,67,2427.531908
1.085,159,2427.888873
2.601364,105,2428.017619
1.641818,70,2428.096366
2.7775,483,2429.446545
1.404286,220,2429.70996
2.652222,64,2429.838007
2.095625,107,2429.976771
0.848855,209,2430.272918
2.360526,91,2430.411194
2.531429,96,2430.613725
1.682143,145,2430.827269
1.77,153,2431.036035
1.815625,171,2431.25859
0.876222,170,2431.494544
2.7775,277,2432.759806
-0.119864,55,2432.823302
2.944063,439,2433.481093
2.426316,66,2433.660369
3.372593,166,2433.919668
2.594118,53,2433.994328
3.026998,235,2434.438763
3.745152,188,2434.836033
2.904063,471,2436.161352
3.707097,101,2436.334048
4.178378,127,2436.554043
3.1625,301,2437.599728
0.152138,243,2437.953647
2.075556,160,2438.168811
2.365652,255,2438.525919
2.01,140,2438.67589
1.435714,214,2438.922085
1.8275,51,2438.984101
4.190975,155,2439.28064
1.856875,161,2439.459154
1.885714,88,2439.559517
3.307407,131,2439.807733
0.251855,75,2439.891346
3.380625,358,2441.585404
2.590952,71,2441.756465
2.986364,72,2441.938693
2.015789,222,2442.425636
2.909474,118,2442.605379
2.878,101,2442.773124
2.325556,70,2442.851488
2.694,228,2443.175173
2.443913,219,2443.562379
4.310294,129,2443.771152
2.805371,283,2444.188059
2.823704,214,2444.460647
1.969375,125,2444.601146
6.587814,408,2445.841087
1.746667,160,2446.078171
1.8525,45,2446.141693
3.111667,263,2446.556631
3.087407,293,2447.205582
3.411429,328,2448.144275
2.5875,289,2448.764994
2.465789,165,2449.074201
2.984,108,2449.357688
4.80625,139,2450.496635
1.367775,442,2451.187273
3.786957,190,2451.506293
2.197895,149,2451.719027
2.733333,448,2452.415863
1.078456,215,2453.065529
2.023336,219,2453.59843
1.6524,592,2456.466642
2.628636,93,2456.910184
0.554119,103,2457.245532
2.4925,75,2457.484618
2.884286,78,2457.72401
3.435588,241,2458.294138
0.973342,182,2458.688832
-0.103939,193,2459.028387
-0.097345,44,2459.10207
1.586667,184,2459.412664
0.936533,690,2461.465986
3.767353,233,2461.999161
2.3225,139,2462.178544
1.7,36,2462.223525
2.0,56,2462.286815
3.274211,582,2463.515639
1.7,36,2463.688816
3.19,100,2463.87856
2.674,163,2464.160415
1.779474,308,2464.546917
2.896667,344,2465.918747
2.45625,94,2466.042872
2.51,312,2466.538732
2.746538,215,2466.960779
1.811538,205,2467.268961
1.497289,100,2467.690482
1.159882,191,2468.081156
4.087838,194,2468.506662
3.461875,114,2468.78043
2.10375,82,2468.918771
3.118065,367,2469.55098
2.012941,118,2470.558772
2.301176,122,2470.702438
-0.214483,199,2470.899609
2.210588,78,2471.011633
0.469642,165,2471.252793
1.831875,169,2471.535195
3.110526,72,2471.658834
2.405882,134,2471.87173
2.697813,411,2472.862071
2.194375,53,2472.959872
0.394848,120,2473.333622
1.405037,110,2473.549763
1.806471,212,2473.920473
0.032479,54,2474.011664
2.7475,113,2475.162823
2.485625,59,2475.305276
1.705455,56,2475.411145
1.823333,52,2475.499816
2.7275,105,2475.685837
1.8275,389,2476.460692
3.915,111,2476.707486
3.299375,218,2477.225598
0.980966,61,2477.34156
2.594545,108,2477.492473
0.024311,70,2477.609916
3.621795,568,2479.41957
2.053873,130,2479.71041
2.19125,54,2479.847701
3.237813,251,2481.061064
2.4475,217,2481.320653
4.06,176,2481.649886
1.453571,209,2481.884566
4.25,168,2482.159132
-0.327989,96,2482.254656
2.642273,87,2482.386373
3.84,352,2482.961343
2.781905,121,2483.126236
3.788214,449,2484.486942
1.455556,62,2484.553944
2.33087,271,2484.916398
0.860433,128,2485.080952
2.36,128,2485.241684
2.034375,149,2485.453841
1.721887,297,2485.88729
2.516364,248,2486.217626
2.003333,83,2486.319444
1.925294,175,2486.567878
2.1225,319,2487.012843
0.064453,37,2487.073105
1.490589,412,2489.073663
1.7,342,2489.738167
1.793333,40,2489.827511
4.664884,142,2490.092782
-4.723415,2000,2493.762766
1.965455,100,2493.943352
2.858,111,2494.157346
2.119375,77,2494.306046
2.4225,103,2494.487556
0.521749,17,2494.514586
0.519747,103,2494.672964
3.768387,156,2494.901149
1.339231,203,2495.141222
1.744167,71,2495.247418
3.231667,149,2495.490553
1.187273,170,2495.672604
1.194694,160,2496.738817
4.18,99,2496.95857
3.506667,212,2497.333107
0.327964,48,2497.403398
2.83,125,2497.643119
1.235384,159,2497.865889
2.565,121,2498.04596
-0.33767,271,2498.391047
3.974627,209,2498.754247
2.698462,240,2499.176792
2.622593,328,2499.713774
2.784286,300,2501.124595
3.955128,191,2501.553392
2.150476,256,2501.930502
3.086774,281,2502.470455
2.855,279,2503.027857
4.1375,296,2503.550342
4.086522,273,2503.975471
2.392273,197,2504.287647
1.61555,212,2505.437462
3.14,120,2505.647211
1.989286,59,2505.753372
1.275625,347,2506.106301
3.679744,398,2506.787181
3.415,144,2507.006666
3.405909,59,2507.087726
3.6375,578,2508.074091
2.455909,169,2508.31157
2.028571,48,2509.047561
3.400938,153,2509.311816
2.643291,118,2509.488856
2.319375,61,2509.555151
2.752609,77,2509.706036
-0.263294,33,2509.738895
0.460574,82,2509.866006
2.277826,369,2510.487805
3.542759,97,2510.645175
2.733684,124,2510.81573
0.383964,224,2511.053219
2.308182,234,2511.368011
1.95,219,2511.676958
3.065,98,2511.838353
1.677692,115,2511.982076
2.275294,56,2512.711296
2.488824,116,2512.841286
3.568333,282,2513.342674
4.271795,163,2513.648994
2.063333,65,2513.761879
3.305,105,2514.035467
3.789091,159,2514.434506
2.707692,230,2514.984987
0.302076,63,2515.130819
2.10317,118,2515.394446
2.752632,56,2515.681773
2.746087,80,2515.834179
3.52,162,2516.209078
3.025753,117,2516.530853
1.405455,122,2516.732055
1.885714,88,2516.872381
2.435,98,2518.325547
2.194375,53,2518.470979
18.333342,1039,2519.631319
4.432308,123,2519.814296
2.651364,83,2519.941752
2.692,194,2520.212452
-0.068732,66,2520.307487
2.586856,228,2520.763107
1.940255,99,2520.94395
2.37,252,2522.319853
2.564706,63,2522.424416
2.339444,65,2522.577121
2.556957,167,2522.954777
3.038148,109,2523.151213
2.768851,220,2523.466696
2.744,168,2523.843338
5.01936,674,2524.660877
3.674815,181,2524.981368
3.641481,199,2525.276838
2.666842,157,2526.161452
1.869167,41,2526.207487
2.632,224,2526.497304
2.702083,143,2526.703894
1.406459,116,2526.866287
0.574848,78,2526.959279
0.795153,95,2527.071453
3.155714,92,2527.20508
1.469167,137,2527.354849
2.102632,189,2527.586504
2.5125,67,2527.675043
4.506897,228,2528.047684
2.029167,77,2528.128431
2.551364,127,2528.295545
2.882,99,2528.462614
2.505294,141,2528.629404
0.128781,90,2528.743365
2.076316,199,2530.243321
2.495,74,2530.347645
3.595588,139,2530.646083
2.591176,54,2530.72114
10.904483,589,2531.680065
1.694615,108,2531.818662
2.276842,119,2531.99487
0.717138,152,2532.193256
2.896538,137,2532.413623
2.368421,88,2532.623808
2.847895,54,2532.749085
2.593333,70,2532.892958
2.152917,349,2534.209841
1.442588,160,2534.491702
0.359529,90,2534.616027
4.035,87,2534.799565
3.939394,139,2535.095828
2.229474,232,2535.417414
1.908678,274,2535.905967
0.946158,162,2536.156528
1.813333,140,2536.396934
2.691579,83,2536.528921
3.599706,245,2537.010547
2.394737,78,2537.114368
1.885,152,2537.463127
2.612353,74,2537.719713
2.557619,85,2537.838095
0.019062,18,2537.862886
2.676364,72,2538.882145
3.978571,68,2539.054357
3.785938,105,2539.344653
2.500435,193,2539.747959
3.715161,96,2540.023633
2.940476,88,2540.211998
2.641765,64,2540.339959
2.4925,75,2540.483184
3.306667,104,2540.71464
1.796667,145,2540.946194
2.71,185,2541.278603
1.90375,146,2541.499878
1.750909,46,2541.592327
4.990749,357,2542.13144
1.043378,295,2542.68384
4.956039,268,2543.91085
2.00694,269,2544.23039
3.601471,135,2544.461752
0.279242,75,2544.583544
3.235833,74,2544.806227
1.994995,82,2544.935615
2.255789,127,2545.14002
2.754737,59,2545.231459
0.958475,258,2545.539671
1.831667,50,2545.626143
2.922414,277,2546.085927
2.775882,100,2546.262189
2.5,72,2546.382347
2.782,144,2546.601168
2.748261,79,2547.550394
3.40697,200,2548.006774
3.82345,200,2548.392681
1.216154,235,2548.772169
3.187917,97,2548.931034
2.696087,103,2549.1349
1.106556,139,2549.384504
3.629688,205,2549.898775
3.096316,47,2550.006102
-0.057744,43,2550.071259
2.471905,121,2550.304077
0.042011,67,2550.395593
3.20697,332,2551.285517
2.631511,156,2551.493936
1.411781,363,2553.233308
2.328125,135,2553.407624
4.093548,128,2553.831134
-0.350152,40,2553.891974
1.095833,265,2554.253786
2.115,31,2554.291594
3.516897,112,2554.4895
2.655909,81,2554.622295
3.761389,143,2554.906584
2.494511,132,2555.088922
1.281884,120,2555.296968
3.61427,448,2556.046304
-0.173814,69,2556.157735
1.434893,273,2557.705721
2.603636,104,2557.962094
1.044545,307,2558.443088
2.165789,165,2558.75852
-0.212461,40,2558.805931
1.508238,267,2559.217662
1.305833,457,2560.20559
2.713855,157,2560.651353
3.641667,89,2560.840702
3.955,260,2561.393202
2.088182,40,2562.195425
2.3375,132,2562.375447
4.08625,155,2562.778026
3.515,159,2563.066022
1.753333,172,2563.32699
2.378947,84,2563.450023
2.613333,78,2563.555795
3.335714,204,2563.90696
-0.132396,27,2563.943361
3.307879,371,2564.569859
3.0,288,2565.16601
0.870571,135,2565.345023
2.16625,62,2565.440511
1.707143,138,2565.632161
3.941667,95,2566.64791
3.564118,378,2567.264844
0.134717,42,2567.317454
2.50619,73,2567.453119
1.065182,70,2567.560774
3.293333,144,2567.812014
2.194375,53,2567.897539
2.050625,99,2568.038182
0.432501,92,2568.253947
2.407895,73,2568.373728
3.143103,149,2568.721314
1.079956,408,2569.198353
3.199375,282,2569.716119
1.608462,133,2570.567755
2.873462,149,2570.770951
2.716,182,2571.061529
0.281134,81,2571.180342
2.194375,53,2571.251725
1.860833,43,2571.30838
3.467428,49,2571.376068
3.984286,249,2571.799083
2.644545,86,2571.907098
2.172778,125,2572.053613
0.668425,80,2572.140734
2.579048,76,2572.240801
0.2247,112,2572.40577
4.519697,86,2572.582418
3.27,126,2572.779361
1.679375,189,2572.984064
2.410629,160,2573.308479
3.184,143,2573.572619
2.75913,74,2574.571108
0.36796,34,2574.609653
2.896,92,2574.75329
0.733848,58,2574.858165
1.314059,47,2574.959176
2.438571,135,2575.135498
2.216471,76,2575.260548
31.049633,1344,2577.546361
2.526667,98,2577.70816
2.89,95,2577.856155
2.538571,93,2578.655988
2.265,166,2578.902195
1.670651,310,2579.275801
1.715115,371,2579.887574
0.548087,34,2579.951811
2.605882,49,2580.180653
1.755,370,2580.668437
1.377778,76,2580.782323
1.585385,139,2581.010935
2.207619,232,2581.494636
2.005756,91,2581.719558
4.490909,105,2581.904743
3.112424,401,2583.518132
3.884474,179,2584.164443
3.875455,102,2584.371188
0.06294,32,2584.419551
1.6,56,2584.502063
4.688378,127,2584.806533
2.238095,215,2585.235862
4.84625,107,2585.486774
3.760938,121,2585.70483
2.713478,95,2585.856477
1.42,258,2586.258052
2.38619,157,2586.543493
1.325,111,2586.73637
1.666758,285,2588.006873
0.156099,55,2588.084847
3.900373,263,2588.587798
1.660833,91,2588.733138
0.458011,64,2588.823877
0.373681,283,2589.375029
2.893427,136,2589.569114
-0.091034,44,2589.664663
2.384348,320,2590.262731
4.365263,110,2590.594953
2.133636,30,2590.639695
0.609355,199,2590.92645
4.587143,205,2591.351839
1.687273,222,2592.647304
0.092937,53,2592.72872
1.91185,175,2593.074965
1.76,192,2593.345581
1.194444,109,2593.465618
0.34046,45,2593.536457
1.626162,115,2593.670131
0.346714,96,2593.861182
3.368571,582,2594.824014
1.904615,56,2594.888198
0.192503,76,2595.019946
0.849167,236,2595.275891
3.219283,592,2597.154575
2.131875,73,2597.252765
4.481818,111,2597.430789
0.564642,76,2597.517977
2.410526,72,2597.606561
3.764292,347,2598.159684
2.177368,248,2598.473584
3.130714,106,2598.861598
4.000941,259,2599.375772
0.5175,375,2600.494029
2.521053,125,2600.636661
-0.289805,71,2600.705085
2.584462,376,2601.49516
-0.216301,78,2601.657653
1.363438,116,2601.84834
2.221905,226,2602.170037
1.421951,203,2602.433929
4.507597,163,2602.768237
2.021429,50,2602.846927
0.63,250,2603.145242
4.02,144,2603.40981
2.543408,404,2604.858944
3.021304,96,2604.992786
-1.4442,194,2605.226541
0.416384,56,2605.330643
3.851212,118,2605.562882
2.122373,451,2606.274611
2.337391,268,2606.605617
2.073333,62,2606.686144
5.025721,333,2607.240504
2.43619,136,2607.484128
2.6125,44,2607.558698
3.1575,257,2609.259476
2.495,56,2609.356105
0.216509,52,2609.433151
2.46,138,2609.68521
1.427778,67,2609.790115
2.4675,85,2609.911386
1.786893,454,2610.605953
3.480625,102,2610.802612
2.349474,308,2611.258615
3.347941,525,2612.173076
2.8475,57,2612.290202
1.365945,168,2613.881926
3.466071,131,2614.089543
3.769722,137,2614.335148
2.717826,93,2614.612662
2.257647,62,2614.696175
-1.285148,240,2614.984122
3.188485,331,2615.628265
1.6,36,2615.680685
1.616667,199,2615.991
3.248929,219,2616.313992
3.518847,770,2618.333247
1.575651,384,2618.99007
2.665,77,2619.145434
3.310372,191,2619.491946
2.965673,147,2619.727723
4.008974,149,2620.061491
4.092558,359,2620.831648
2.269412,58,2620.908605
2.915238,65,2620.990322
1.649286,199,2621.232176
1.594167,107,2621.390885
1.755455,45,2622.659359
1.317857,247,2623.032613
3.407353,267,2623.645213
2.633043,132,2623.826435
1.897546,535,2624.663731
3.971429,72,2624.775311
2.605882,49,2624.852829
4.1025,142,2625.142363
1.593421,187,2625.439942
0.406277,67,2625.520797
2.942029,109,2625.752391
2.896897,286,2627.17941
3.218485,331,2627.841431
1.750909,46,2627.917444
2.989643,185,2628.206232
2.2625,167,2628.43897
4.436154,120,2628.743601
2.128235,106,2628.885376
2.116667,49,2628.972983
-0.213979,54,2629.082135
3.607353,131,2629.378159
2.381667,165,2629.701774
4.091347,656,2631.520229
4.321081,310,2632.055459
2.034737,211,2632.333974
2.27,90,2632.436482
3.056071,327,2632.926996
3.0425,120,2633.108649
2.980769,88,2633.237284
2.2325,307,2633.65817
2.792029,109,2633.793606
-4.654431,2000,2636.312431
3.047143,108,2636.461365
1.689286,143,2636.633658
2.8175,69,2636.723939
0.510603,230,2637.729041
2.475,82,2637.845991
3.20963,227,2638.157558
2.704737,78,2638.28231
1.5566,137,2638.47228
2.682778,53,2638.538982
2.276154,40,2638.595442
3.617647,124,2638.797088
2.370714,39,2638.848032
2.446818,173,2639.08977
1.15773,139,2639.308042
0.676932,176,2639.695454
3.613235,127,2639.889726
2.2125,187,2640.096133
3.232105,326,2640.492426
4.351471,101,2641.419798
3.39,256,2641.831021
1.604122,294,2642.259633
3.051667,347,2642.815587
-0.246232,51,2642.896753
1.7,140,2643.138572
2.329837,90,2643.406049
3.576505,162,2644.033647
3.275,123,2644.349401
1.176326,51,2644.460845
0.013848,13,2644.516849
1.678333,202,2644.891485
2.712,604,2647.183401
0.889335,527,2648.297004
0.185008,103,2648.562398
2.347778,62,2648.653782
1.78,66,2648.745115
1.094415,69,2648.847535
0.974966,139,2649.051474
1.877692,63,2649.166718
0.213396,92,2649.406256
2.497368,153,2649.835589
-0.071587,79,2649.959949
1.713125,207,2650.422369
3.954118,106,2650.725448
3.643333,228,2652.045879
3.036842,100,2652.244093
2.07875,90,2652.389568
3.966071,75,2652.516459
0.149717,48,2652.585756
0.581406,73,2652.704452
2.181875,57,2652.808228
4.717402,181,2653.260866
1.698248,55,2653.358271
2.394545,196,2653.659274
2.552857,87,2653.804749
2.256,407,2654.539449
3.595313,227,2655.108098
1.531111,34,2655.151023
1.374846,278,2656.319432
-0.283732,49,2656.379191
5.190212,485,2657.135932
3.875455,102,2657.31273
1.843333,131,2657.448589
2.461371,540,2658.65428
2.804286,78,2658.780117
1.82,280,2659.182221
3.76875,116,2659.395657
1.835385,74,2659.487865
4.328421,138,2659.731601
2.54625,213,2660.673922
3.705714,122,2660.906248
1.714545,54,2660.973814
1.830625,323,2661.329117
4.05,78,2661.453186
3.3775,264,2661.861156
1.828235,208,2662.141484
2.572712,226,2662.445345
0.235333,54,2662.528597
1.763333,155,2662.836167
2.956207,443,2664.155549
3.427845,68,2664.232193
1.756667,157,2664.391181
3.840606,125,2664.58288
1.60483,53,2664.647267
-0.294519,224,2665.394754
2.658333,164,2665.846433
1.47,169,2666.099457
3.136578,122,2666.34601
1.875789,336,2666.843955
2.403637,69,2666.955589
3.466563,111,2667.167755
1.798333,58,2667.268622
2.188125,55,2667.364087
3.779688,109,2667.689213
3.523103,236,2669.522924
3.382144,427,2670.616701
3.136071,103,2670.824332
2.242087,107,2671.097962
-0.327876,81,2671.245391
1.856178,376,2671.801668
3.498571,631,2673.269405
1.963125,127,2673.571073
3.0575,97,2673.969592
1.020582,108,2675.254042
-2.144622,597,2675.783374
3.785,126,2676.014606
1.912308,54,2676.078883
2.564762,82,2676.197653
2.614,233,2676.546233
0.485606,153,2676.747095
3.716667,272,2677.281249
3.3625,189,2677.679862
3.954063,247,2678.240193
3.826667,264,2679.658825
0.102539,66,2679.845814
1.536233,51,2679.917944
1.54875,234,2680.316254
0.226658,74,2680.424673
3.612857,131,2680.698733
3.7525,211,2680.999811
3.785,141,2681.30535
2.7825,83,2681.493383
0.509247,114,2681.747018
2.19,90,2681.928193
1.696667,175,2682.502971
3.713548,97,2682.749869
2.116667,49,2682.840241
2.191818,514,2684.572954
-0.331932,122,2684.785055
3.960513,179,2685.134251
2.718214,337,2685.55988
4.998881,310,2686.177755
2.76875,111,2686.340348
4.12125,503,2687.315704
0.53227,279,2689.213244
5.381437,479,2690.334011
2.037826,737,2691.422796
2.964286,78,2691.544999
4.215185,62,2691.649834
3.285,528,2692.761854
4.657907,148,2693.086708
1.527273,93,2694.03071
1.274693,410,2694.572197
1.794286,372,2695.053422
2.989916,269,2695.455133
2.275294,56,2695.53689
1.421341,170,2695.866727
-0.229811,144,2696.161173
4.65093,154,2696.54287
4.31625,283,2697.234945
0.725917,107,2697.380503
3.837618,175,2698.574874
2.726522,89,2698.719607
2.24875,74,2698.905152
3.828235,144,2699.176205
1.815625,123,2699.328684
1.437273,115,2699.44064
-2.417935,788,2700.317224
1.83305,255,2700.65345
1.628125,231,2700.934526
4.285641,175,2702.062335
2.033333,74,2702.197955
3.558333,318,2702.781389
3.358621,111,2702.96804
2.09,57,2703.069197
1.9775,277,2703.5132
8.994855,460,2704.407269
2.021429,50,2704.490595
1.892857,86,2704.601004
-0.099412,25,2704.639255
1.862308,67,2704.728914
2.398333,721,2706.444357
3.162,74,2706.540537
2.58619,73,2706.631268
0.085,693,2707.456657
1.960523,208,2707.784298
1.739286,129,2707.925429
3.830741,356,2708.411919
2.3975,113,2708.584903
2.746505,846,2710.954179
3.795313,99,2711.123543
4.186486,121,2711.360164
0.765513,106,2711.523228
3.962778,430,2712.200557
2.24,68,2712.290435
3.151034,98,2712.473938
3.539697,119,2712.675257
1.864286,94,2712.776119
2.4475,93,2712.900281
3.070588,496,2714.484604
0.669684,55,2714.54777
2.17,160,2714.747282
4.814286,151,2715.029899
3.917241,106,2715.197309
2.52625,46,2715.253191
1.78,208,2715.531645
2.557619,85,2715.696001
3.553664,125,2715.942184
3.192381,356,2716.406893
0.919415,118,2716.540505
2.92,156,2716.762755
4.181212,217,2717.945137
0.788108,87,2718.098597
3.421176,207,2718.342216
3.520606,125,2718.621108
3.225862,101,2718.859202
4.337604,96,2719.024196
3.537586,100,2719.234469
0.554869,144,2719.548913
2.187059,86,2719.714663
2.435,66,2719.827564
0.327561,57,2719.912796
2.562857,424,2720.492857
3.140323,254,2720.922068
2.51,68,2721.01379
2.538,266,2722.292751
3.798438,97,2722.578561
3.776923,330,2723.458552
1.599059,418,2724.356707
1.169091,174,2724.900378
2.208333,34,2724.980973
1.746364,47,2725.09425
3.198333,169,2725.48272
3.495477,252,2725.951006
6.594517,311,2726.635798
2.739565,83,2727.472863
2.662727,78,2727.568582
2.579048,76,2727.813888
2.2275,173,2728.240868
3.185294,418,2729.322474
2.72,92,2729.543519
0.606855,174,2730.00449
3.234375,101,2730.338094
3.54057,76,2730.535882
3.250417,67,2730.681248
2.52625,46,2730.80762
2.14913,465,2731.910148
-0.026408,104,2732.136217
3.547941,117,2733.355652
3.125,459,2734.446169
1.830791,155,2734.717616
4.525758,82,2734.910498
2.350556,61,2735.018555
2.110526,186,2735.343884
0.206462,66,2735.49145
2.073333,62,2735.655227
2.017857,51,2735.824623
-4.882322,2000,2739.652726
2.56625,190,2739.915825
3.612623,300,2740.653936
2.31,148,2740.941002
2.023186,153,2741.258471
2.163158,166,2741.52883
2.581429,75,2742.623903
3.441111,318,2743.649372
1.490631,378,2744.340262
2.829167,82,2744.685965
2.676364,72,2744.849962
1.367857,233,2745.186789
5.085714,80,2745.383595
3.407604,195,2745.943275
3.8,264,2746.696955
2.428054,108,2746.966708
3.062324,161,2747.279686
2.370714,39,2747.350074
1.028182,205,2748.998689
-6.364344,2000,2751.864959
1.244799,233,2752.217163
-0.04171,34,2752.2601
2.145238,254,2752.613531
1.721053,334,2753.126096
2.343958,102,2753.271569
2.743913,81,2753.377391
2.904545,108,2753.531265
1.643333,191,2753.791774
0.710994,105,2753.994544
1.980984,179,2754.280148
3.663704,187,2754.606085
2.07875,90,2754.781159
2.727143,332,2756.101828
2.161053,163,2756.311578
3.254444,508,2757.213408
3.967241,77,2757.338551
3.626496,405,2758.03507
1.950379,125,2758.33249
0.134627,57,2758.433222
3.789063,103,2758.68064
2.434737,59,2758.783942
2.631053,106,2758.961406
1.260714,263,2760.047909
2.526,277,2760.469308
1.954642,420,2761.099802
3.627941,117,2761.295229
0.1953,37,2761.345235
2.208889,112,2761.528584
3.333342,369,2762.194317
1.789286,115,2762.34801
1.848333,46,2762.414048
2.462105,136,2762.615854
2.195882,83,2762.722851
1.420367,269,2763.993486
1.069444,204,2764.301428
2.973333,164,2764.542537
2.120625,179,2764.801661
3.722419,405,2765.44594
5.068571,92,2765.608308
3.553333,184,2765.894401
1.996429,57,2765.973791
0.070465,30,2766.040463
3.00685,402,2766.725761
1.755455,45,2766.782932
3.156284,163,2767.04854
1.942694,198,2768.101045
0.995,201,2768.327517
2.003571,55,2768.400484
3.750625,454,2769.138229
-3.273367,2000,2773.287295
3.316667,98,2773.437024
2.555238,86,2773.54431
1.53,68,2773.61499
2.6225,147,2773.814104
5.313125,222,2774.200973
2.8075,69,2774.338074
3.477576,160,2774.635474
0.205689,61,2774.740745
4.367647,90,2775.064514
1.584577,407,2776.446935
-0.195294,12,2776.462811
1.6525,93,2776.587183
3.189655,122,2776.78025
2.827143,102,2776.941166
3.474091,205,2777.260724
4.213333,63,2777.37177
4.504737,270,2777.865432
0.738782,125,2778.042353
2.895385,174,2778.435902
-5.332188,2000,2781.400049
1.860714,95,2781.504321
1.746154,118,2781.667648
2.885,357,2782.256669
4.182727,150,2782.519301
4.641628,162,2783.690597
3.641176,108,2783.886651
1.682662,333,2784.424823
3.496875,290,2784.925062
3.518621,111,2785.103032
1.392857,226,2785.356745
3.255862,304,2785.808318
3.298333,109,2786.005164
2.13,220,2786.323049
3.054412,507,2788.19241
1.575191,110,2788.468219
-0.600379,219,2788.776742
2.5125,67,2788.883478
2.247778,98,2789.008069
1.534058,85,2789.141711
1.524193,274,2789.441432
1.9,84,2789.530159
-0.001078,34,2789.577768
3.325,93,2789.815796
1.87,171,2790.048084
2.68,51,2790.157778
1.07943,241,2790.479382
4.445714,94,2790.669691
2.194375,53,2790.751887
2.021429,50,2790.826049
2.877586,303,2792.073097
2.883529,230,2792.369276
2.2275,177,2792.631834
2.609474,175,2792.875523
2.764583,113,2793.054556
2.269524,206,2793.331985
2.11,51,2793.418362
2.35,132,2793.652657
2.70625,141,2793.849722
-0.181875,7,2793.861633
0.7891,261,2794.187416
3.175085,324,2794.606239
2.122778,143,2795.459723
2.737391,84,2795.590827
3.1575,91,2795.721395
4.478529,409,2796.307149
1.361111,79,2796.389506
2.435,98,2796.521359
4.322248,175,2796.860932
2.607778,80,2796.96097
2.403261,147,2797.169095
1.95,99,2797.320075
2.272353,57,2797.407477
4.263077,567,2798.373431
3.785,126,2799.330761
2.097438,58,2799.448699
3.550231,370,2800.282139
2.794,143,2800.573042
2.205238,233,2800.904332
1.74,162,2801.086297
3.225,105,2801.317505
2.485,78,2801.45732
0.817706,88,2801.57811
3.423426,118,2801.776231
2.906,87,2801.924276
2.402609,238,2802.270423
2.688333,51,2802.342693
4.432597,127,2802.653228
0.560369,99,2803.899477
0.589831,124,2804.531984
3.543901,199,2804.947648
3.88,99,2805.193129
4.325097,213,2805.602659
1.766717,136,2805.857013
1.996429,57,2805.943653
2.014286,52,2806.030041
3.35,306,2806.547642
3.822956,171,2807.083854
2.19125,54,2807.208934
1.461919,129,2807.403739
1.856667,44,2807.461722
2.057647,130,2807.629721
3.462581,451,2809.376743
1.839474,289,2809.990765
0.798158,116,2810.193018
1.455556,62,2810.294054
1.531538,153,2810.497831
2.032941,220,2810.799611
-0.408614,45,2810.840455
2.488125,71,2810.922363
-0.710283,138,2811.069731
1.557618,150,2811.371149
2.108939,130,2811.586839
2.73087,87,2811.776148
1.87,112,2811.930716
2.747917,121,2812.126825
3.780833,129,2812.387572
3.840321,173,2813.611905
1.875,322,2814.031049
3.148571,96,2814.186606
0.656069,162,2814.49802
2.308095,257,2814.904633
2.293125,223,2815.185832
1.268873,410,2815.637302
1.181933,130,2815.857102
3.761053,516,2817.868375
3.541034,98,2818.165901
0.31427,64,2818.26177
3.520345,110,2818.449474
1.531371,113,2818.615514
2.3925,83,2818.734443
1.037706,220,2819.078852
4.391429,167,2819.340134
2.268678,274,2819.698051
3.512809,61,2819.768951
1.290478,113,2819.955986
3.32,363,2820.538337
2.931429,264,2821.713624
2.524348,182,2821.938769
2.1725,60,2822.01625
3.096,187,2822.292298
2.613333,78,2822.393222
2.188125,55,2822.464695
3.825313,131,2822.689964
2.1975,52,2822.780535
2.043333,71,2822.882974
1.457623,132,2823.039618
2.052304,166,2823.27064
3.869394,106,2823.490412
0.759725,296,2823.902643
3.021304,96,2824.053217
1.991641,228,2824.404504
2.5175,65,2824.48975
1.69,255,2825.438316
2.330952,176,2825.668429
0.719291,216,2825.960053
1.825556,250,2826.28762
2.571905,79,2826.397615
1.880002,242,2826.721696
2.01497,111,2826.865017
1.435,89,2826.970063
1.971559,124,2827.141977
3.304063,215,2827.43101
1.504996,266,2827.773368
3.232759,97,2827.932553
3.876667,64,2828.684474
0.914059,143,2828.828728
3.206,92,2828.950333
2.250575,245,2829.367078
4.19951,107,2829.571184
3.969643,73,2829.67969
1.61801,48,2829.861788
3.472813,107,2830.089938
3.423889,386,2830.775562
2.742381,209,2831.086812
1.950694,97,2831.215606
2.350556,61,2831.299082
1.95936,296,2831.660484
3.963793,79,2831.768676
2.142087,153,2832.545416
3.786389,125,2832.758603
3.554828,90,2832.896655
0.405253,47,2832.965252
1.526373,238,2833.246006
2.1425,215,2833.514239
1.326893,254,2833.823379
4.328803,217,2834.177097
2.540938,206,2834.471956
1.767711,176,2834.704802
3.982143,66,2834.801885
2.672174,114,2834.951722
-0.1878,60,2835.013079
2.467143,123,2835.19999
2.752273,175,2835.993193
-0.79711,193,2836.200251
1.325556,143,2836.341603
2.4,76,2836.435951
2.573571,418,2836.99296
2.938462,435,2837.590048
4.07897,137,2837.851043
-6.8103,2000,2840.032457
0.7927,110,2840.155419
2.295385,35,2840.193395
3.133333,196,2840.426973
1.610123,272,2841.308035
-0.003881,19,2841.334758
1.551765,302,2841.660811
1.297871,127,2841.833259
2.580909,114,2841.978787
3.703871,103,2842.120821
2.532,274,2842.493249
3.439259,103,2842.634342
2.920155,263,2842.966278
0.788214,128,2843.139537
3.296872,149,2843.383039
2.263684,124,2843.542813
3.396296,83,2843.668418
3.755714,164,2843.954225
3.350645,322,2844.968926
3.25,138,2845.193865
3.263235,365,2845.743938
2.925786,249,2846.101524
2.284123,130,2846.269492
2.541893,204,2846.549468
2.900385,213,2846.874138
2.962304,56,2846.969988
-0.828294,111,2847.073804
1.993342,144,2847.238864
2.715652,94,2847.364996
-0.290547,65,2847.461699
1.505123,280,2848.70985
2.894,93,2848.848301
3.528048,121,2849.212689
2.306178,160,2849.445774
1.727024,91,2849.566799
1.409231,268,2849.825869
3.45,204,2850.091505
5.698847,538,2851.035131
-0.185,7,2851.045374
1.636746,90,2851.208099
2.187739,132,2851.379983
-0.018305,81,2852.152321
1.933077,85,2852.268459
0.112328,22,2852.30099
2.810092,589,2853.292196
0.227711,181,2853.728901
2.723462,288,2854.252851
1.953333,98,2854.390894
2.141998,105,2854.598356
0.658937,82,2854.877303
4.344375,266,2855.774753
0.199063,69,2856.012398
1.937059,171,2856.285633
2.479375,61,2856.367864
2.215882,185,2857.764639
2.297368,115,2858.108184
3.544242,116,2858.353411
-4.745852,2000,2861.12091
3.519225,161,2861.580109
2.297778,80,2861.757598
2.60619,199,2862.019908
2.1725,60,2862.090898
2.418421,69,2862.184315
3.12963,227,2862.540163
2.235455,266,2862.90038
-0.115432,30,2862.933935
2.8325,63,2863.031076
2.2075,189,2863.277065
2.169375,61,2863.364654
0.965429,310,2864.47628
3.622059,121,2864.670898
-0.008725,68,2864.747008
2.902,89,2864.897661
2.790927,311,2865.289935
0.824063,32,2865.349749
2.531429,96,2865.480967
1.855789,279,2865.794913
2.195238,233,2866.100089
2.235294,175,2866.30676
2.10327,169,2866.615266
3.139474,61,2866.687419
2.506,96,2866.823126
2.495,56,2866.905016
3.951579,128,2867.139654
2.415789,70,2867.233185
3.14871,348,2868.414011
2.418421,69,2868.506401
1.231373,150,2868.717353
4.635882,234,2869.097656
2.353636,214,2869.372244
0.631161,7,2869.381156
2.633182,91,2869.493424
2.524286,99,2869.619009
2.990909,70,2869.72931
3.781667,143,2869.936939
3.793333,120,2870.125661
1.575385,139,2870.289439
2.685217,108,2870.445114
2.277666,194,2870.682556
2.464762,124,2871.498683
4.85,418,2872.178748
0.441169,95,2872.321954
3.095,231,2872.679575
1.773636,41,2872.735102
1.473636,107,2872.886859
2.4225,167,2873.088759
2.455,90,2873.201191
0.050803,31,2873.243689
1.50796,282,2873.579027
2.893182,113,2873.711102
1.986054,329,2874.120708
2.95619,388,2875.133155
2.453125,95,2875.2385
3.585,270,2875.671361
3.765625,118,2875.859255
2.003571,55,2875.923701
2.163571,97,2876.036794
1.79702,131,2876.251086
2.917619,64,2876.337975
1.615,37,2876.378674
2.596471,110,2876.514101
2.1225,76,2876.644309
1.654192,428,2877.248458
2.436842,62,2877.323668
1.7975,353,2878.342619
0.136686,52,2878.392801
2.759615,203,2878.745128
3.24,224,2879.047503
2.126667,266,2879.370917
2.350556,61,2879.45214
3.557353,165,2879.712422
-0.107935,16,2879.731406
1.981111,194,2879.978366
2.542261,188,2880.212776
2.374286,38,2880.263826
2.263529,60,2880.338377
1.658462,120,2880.49013
4.217037,61,2880.580666
3.611667,209,2880.867508
1.774598,256,2881.806187
3.76875,116,2881.980385
2.026667,76,2882.066028
1.996667,85,2882.172201
2.204706,80,2882.270542
2.891667,353,2882.867916
1.934118,172,2883.102891
-3.298066,2000,2885.848382
1.871429,92,2885.94732
3.1325,105,2886.108618
1.531538,153,2886.326267
2.523342,480,2887.154403
2.43,100,2887.28903
2.413163,341,2888.96878
1.905294,345,2889.433742
4.450097,113,2889.611843
4.398974,149,2889.900582
3.143214,99,2890.067784
1.269498,141,2890.38331
3.165,54,2890.481607
0.253699,38,2890.533587
2.3375,193,2890.864508
3.798438,97,2891.01481
3.118333,169,2891.349919
-0.038001,26,2891.383296
2.532,274,2891.724924
3.933929,93,2891.893732
2.568,251,2892.873338
2.401579,102,2892.996147
1.456667,140,2893.128892
1.701917,112,2893.327164
1.595551,327,2893.739213
2.571905,79,2893.897379
2.822,89,2894.075004
3.478214,85,2894.232541
1.505,75,2894.335863
3.462759,97,2894.559942
0.731652,113,2894.73574
4.442432,161,2895.04605
-0.098329,46,2895.126292
1.916471,178,2895.352645
-0.510202,105,2895.47405
4.03875,193,2896.494927
3.038636,115,2896.63847
3.688816,115,2896.853944
3.472813,107,2897.030034
0.008746,17,2897.061141
1.670909,46,2897.113196
3.127143,108,2897.284016
0.06211,123,2897.488266
2.61,220,2897.757207
1.760063,88,2897.892029
1.708838,298,2898.413056
0.173966,73,2898.633453
2.036667,73,2898.741382
2.493913,196,2899.051677
2.4925,75,2899.189334
2.079167,65,2899.31379
3.782813,107,2899.486222
3.223333,80,2899.620739
2.600588,78,2901.139964
-5.407463,2000,2902.881235
2.655909,81,2903.882234
2.283391,88,2904.122472
2.4925,75,2904.238564
1.817826,146,2904.449698
4.832438,371,2905.073673
3.597027,313,2905.636363
2.035714,46,2905.694305
2.685556,52,2905.770173
2.649444,65,2905.857075
2.103333,53,2905.920671
2.339444,65,2906.005478
2.775625,123,2906.18128
-0.353801,185,2906.365072
1.688125,215,2906.749358
1.025,169,2906.95187
2.871795,115,2908.015322
0.019322,17,2908.046353
1.519412,313,2908.53849
2.609375,45,2908.682679
3.64,90,2908.838033
2.598095,68,2908.927114
0.302812,117,2909.077224
1.417024,77,2909.27817
2.02,180,2909.643423
1.008246,94,2909.821083
3.037931,210,2910.245096
1.717887,379,2910.759183
2.4975,73,2910.862548
1.893678,358,2912.003229
2.545382,101,2912.152448
2.567647,62,2912.226356
1.860833,43,2912.273928
2.219524,227,2912.592829
1.882428,325,2913.05355
2.583333,200,2913.38896
1.331104,127,2913.663767
2.485,78,2913.825353
3.856842,200,2914.220324
2.176912,293,2914.681881
1.672063,128,2914.877442
3.183873,242,2916.106546
1.658174,78,2916.216848
2.474348,205,2916.55314
0.135318,84,2916.661348
1.935,136,2916.835593
1.9425,236,2917.116042
2.3875,117,2917.327731
3.077037,88,2917.518914
1.593778,311,2918.159112
2.435953,345,2919.58914
2.592273,109,2919.905752
3.286765,349,2922.178003
3.734545,195,2923.090788
1.385833,157,2923.635201
1.423846,220,2924.321853
2.16,64,2924.527812
2.253724,246,2924.921263
2.317143,186,2925.207433
3.579412,150,2925.483923
2.914,83,2925.617789
2.208898,182,2925.865302
0.298161,109,2926.013705
0.764233,148,2926.213033
2.51,68,2926.30263
3.246,72,2926.416431
4.076267,139,2927.378553
2.725938,425,2928.177863
1.369091,130,2928.431457
1.603571,167,2928.801308
1.765714,384,2929.53674
1.83797,191,2929.971311
3.655676,277,2930.533976
1.533854,130,2930.734986
1.985625,171,2930.94504
2.475,82,2931.054999
2.260455,255,2932.08924
2.436384,182,2932.383398
14.545356,948,2933.280876
1.589047,285,2933.663277
3.647833,255,2934.362228
2.48,80,2934.62445
3.4,81,2934.85473
1.17201,122,2936.656101
2.739565,83,2936.846006
2.571905,79,2936.988754
3.907917,49,2937.099107
0.699063,76,2937.244378
2.914,83,2937.370722
2.837808,217,2937.767393
2.2825,159,2938.001512
3.027576,457,2938.783792
3.839091,126,2939.026184
4.115526,543,2940.310656
-0.080958,17,2940.353086
2.93317,118,2941.604585
2.344737,97,2941.759344
3.144737,59,2941.841286
2.181875,57,2941.923428
1.885714,88,2942.059708
3.491667,131,2942.280054
1.2775,183,2942.488756
0.557074,76,2942.614601
2.097273,38,2942.738337
0.724152,169,2943.396835
1.798333,58,2943.525029
1.369193,283,2944.03103
2.85939,487,2945.125025
1.737273,49,2945.218932
2.805,74,2945.355147
2.3275,141,2945.598652
2.156957,351,2946.901642
2.333889,67,2947.009764
2.504375,53,2947.092858
2.703333,222,2947.449074
1.51625,270,2947.799539
2.56,84,2947.973811
2.491739,197,2948.353905
0.258284,56,2948.442684
0.16289,33,2948.495419
1.70375,210,2948.800476
2.184118,87,2948.967281
0.025325,43,2949.022937
-0.617119,187,2949.279903
0.125608,74,2949.394516
2.241111,212,2950.708148
1.703529,247,2950.999245
2.08,60,2951.120643
2.643214,379,2951.702204
4.354737,118,2951.942211
0.756893,129,2952.106721
1.835833,49,2952.182581
1.802823,111,2952.586595
4.8425,110,2952.813405
2.61,348,2953.261189
1.787368,305,2953.658497
3.168333,68,2953.760704
4.589252,209,2954.749138
4.741429,111,2955.2244
2.988148,136,2955.563891
2.555172,490,2956.36286
0.219063,76,2956.592574
2.581429,75,2956.706038
3.556774,95,2956.880093
2.502609,192,2957.216643
1.472526,235,2957.51742
1.428182,117,2957.710668
2.595714,69,2957.830546
-0.04706,44,2957.894423
2.370714,39,2957.94466
3.0,63,2958.02764
-0.219245,33,2958.068338
2.083125,63,2958.181933
-5.481763,2000,2960.907512
4.975511,213,2961.984781
2.590952,71,2962.093569
3.1075,119,2962.276048
4.458649,149,2962.573822
1.741818,48,2962.634373
1.537059,307,2963.016165
2.845263,55,2963.110651
2.908,86,2963.252271
2.986538,85,2963.457707
1.913529,179,2963.690109
2.378889,465,2964.370507
2.680909,70,2964.500324
4.352941,100,2964.680472
1.7275,75,2964.761547
0.744999,159,2965.612412
1.254414,153,2965.825428
1.532547,78,2965.958697
1.865,42,2966.014051
2.252632,132,2966.19351
3.239583,269,2966.564556
2.394737,78,2966.677544
1.114642,31,2966.744868
2.84,60,2966.824991
4.342895,127,2967.073026
3.303333,106,2967.238794
1.7,174,2967.433935
2.203158,147,2967.729752
0.926667,186,2968.168446
2.407619,148,2968.421944
2.257647,62,2968.515935
0.49723,58,2968.708178
2.638824,65,2968.815169
2.816667,88,2968.938599
3.013939,466,2970.535539
1.48,80,2970.627285
2.358889,58,2970.717861
2.975385,96,2970.879917
4.621667,119,2971.051797
1.978947,236,2971.34602
3.674442,96,2971.520786
1.66,117,2971.653602
-0.170938,7,2971.66524
-0.41,50,2971.717231
3.924359,215,2972.142177
-0.113054,22,2972.167218
2.959524,80,2972.281798
0.104821,50,2972.355699
4.441212,85,2972.492524
3.359697,218,2972.897558
2.60913,143,2974.00942
2.369048,97,2974.146472
2.103333,53,2974.211279
3.715161,96,2974.35247
1.89,117,2974.512
0.38113,154,2974.736511
2.583043,155,2974.977213
3.027419,324,2975.496228
-0.18711,77,2975.591033
2.342222,64,2975.700503
3.801111,75,2975.816649
1.53685,167,2976.012453
3.47,208,2976.284119
2.34,72,2976.387916
0.269511,71,2976.490829
1.115,222,2976.721742
2.039375,253,2977.75964
2.336667,66,2977.872022
8.809627,380,2978.427742
2.1,54,2978.501048
0.31164,75,2978.629341
2.637391,130,2978.825268
1.869167,41,2978.878417
2.878839,87,2979.009307
2.757368,58,2979.096339
1.296131,238,2979.500214
2.564762,82,2979.631917
1.690625,211,2979.846066
2.9925,255,2980.147981
1.865,42,2980.300203
2.29,148,2981.207346
4.12125,127,2981.439907
3.555882,166,2981.728107
4.4325,126,2981.964698
3.546207,95,2982.246757
3.557879,107,2982.409016
3.098571,124,2982.576793
2.600476,67,2982.665826
3.588438,545,2983.444328
0.718342,65,2983.559504
3.611875,210,2983.877261
2.010714,53,2983.953299
0.153737,55,2984.039602
0.978571,342,2985.087503
2.667273,76,2985.189897
3.553333,110,2985.38178
4.507297,113,2985.597198
3.477813,91,2985.75288
0.02578,40,2985.807333
3.776667,132,2986.019939
0.823636,250,2986.350768
3.371081,559,2987.301259
2.294737,173,2987.507127
4.115,132,2987.7577
3.173684,48,2987.877286
3.8975,54,2987.985675
5.088571,78,2988.175498
3.165791,257,2989.389697
2.574286,78,2989.515774
2.0,228,2989.900479
0.61746,63,2990.026038
1.854893,180,2990.552095
2.541429,159,2990.865469
2.496087,195,2991.139752
4.420869,201,2991.583657
2.074974,154,2991.831733
3.068214,141,2992.059247
2.424211,63,2992.217362
1.695123,56,2992.317964
1.356418,260,2992.782296
2.8425,59,2992.875116
2.941667,323,2994.189575
2.440476,130,2994.356932
3.55931,186,2994.619894
3.058,171,2994.865592
2.400476,151,2995.08472
4.137826,323,2995.615575
3.593333,208,2995.906867
1.545,51,2995.962881
1.750789,266,2996.279672
2.44,96,2996.394602
1.835833,49,2996.448897
4.052258,228,2997.532622
1.320008,58,2997.596335
2.605909,103,2997.733403
4.167576,424,2998.558153
2.564762,82,2998.720661
3.703438,209,2999.043987
-0.066114,56,2999.110186
1.893077,59,2999.174689
6.208571,428,2999.765808
-0.227833,53,2999.828917
4.11875,129,3000.082807
2.496522,158,3000.298752
2.278235,55,3000.372861
2.0,56,3000.456033
-0.139917,84,3000.565772
6.152424,401,3001.828578
1.666154,118,3001.988588
2.356842,62,3002.16577
2.847895,54,3002.250433
2.140588,180,3002.536618
2.866111,221,3002.825862
2.811667,395,3003.387139
2.075625,91,3003.613719
0.047414,40,3003.826305
-0.111034,26,3003.857569
2.688,351,3004.340161
2.4925,75,3004.43502
2.876,102,3005.217517
1.45,86,3005.36832
1.612297,383,3006.110027
1.875625,155,3006.332142
3.95,87,3006.463201
3.141429,100,3006.606522
0.19294,88,3006.737751
4.204074,68,3006.83308
2.83125,81,3006.955444
2.553182,91,3007.083337
3.218966,105,3007.24355
4.728571,106,3007.429092
0.461868,32,3007.473274
3.016667,272,3007.927375
3.37375,164,3008.245353
2.894,93,3008.370791
3.186505,270,3009.600995
2.151765,98,3009.813928
41.101162,2000,3013.59326
3.046316,66,3013.726559
1.61625,238,3014.009945
0.336311,23,3014.04034
3.375,289,3014.504888
3.094688,349,3015.065186
2.403462,396,3015.642287
3.731579,584,3017.213263
3.392593,85,3017.344536
2.163125,63,3017.435301
2.233889,103,3017.595229
1.579936,277,3018.087643
3.771875,114,3018.30447
0.256199,37,3018.3593
-0.136987,40,3018.425744
0.404327,54,3018.525554
3.801212,151,3018.865531
3.387037,88,3018.985894
2.646818,85,3019.105272
3.468803,315,3019.647271
5.39,447,3020.219736
1.726697,260,3021.449071
0.780134,235,3021.801599
2.5025,71,3021.94378
2.265652,301,3022.393303
2.905714,232,3022.783437
3.52303,130,3023.064412
1.926955,160,3023.334662
2.805,74,3023.476625
1.943077,46,3023.545855
2.962069,254,3023.969916
3.710323,99,3024.115065
0.390784,35,3024.173362
3.639706,109,3024.344446
2.505,70,3024.438656
1.878571,90,3025.333563
1.901429,148,3025.760969
2.3275,141,3026.013992
2.742632,132,3026.215498
4.127618,101,3026.447752
-0.41155,106,3026.562732
2.743913,81,3026.681406
2.3275,141,3026.895958
2.17875,58,3026.977071
2.741739,82,3027.091697
2.374286,162,3027.34969
2.795833,98,3027.535205
1.575,175,3028.017393
4.7525,118,3028.291951
45.820357,2000,3031.74752
2.642273,87,3031.890197
2.45625,174,3032.263361
-0.029476,77,3032.379859
2.243889,157,3033.317037
1.390909,123,3033.477231
1.71,55,3033.674827
1.852037,133,3033.881745
0.407011,27,3033.915159
2.019375,109,3034.063471
1.32,112,3034.217574
3.075938,361,3034.871753
2.66,205,3035.241892
4.8325,118,3035.495634
2.655475,100,3035.679874
1.056373,158,3035.929917
2.754783,76,3036.065316
2.381429,159,3036.250532
1.039699,121,3036.398969
3.852727,117,3036.595279
3.337037,115,3037.525374
3.478276,88,3037.651212
0.910726,163,3037.845765
2.163125,63,3037.928958
1.606667,202,3038.130675
1.280726,55,3038.192242
3.932727,117,3038.360213
2.873333,358,3038.94613
2.89,290,3039.326388
3.624688,93,3039.485609
2.696087,103,3039.642815
2.1325,219,3039.929986
3.055161,406,3041.27824
-0.056658,76,3041.360449
1.324167,148,3041.541455
2.629565,129,3041.696268
2.42,104,3041.836181
1.881875,153,3042.003084
2.19,196,3042.249713
5.543962,381,3042.766731
4.1225,88,3042.903772
0.293124,51,3042.960048
2.345294,141,3043.112459
0.202311,31,3043.143681
2.555238,86,3043.256253
1.368248,199,3043.504289
2.48875,58,3043.579249
2.262,404,3044.88524
1.912096,62,3044.966363
4.147353,199,3045.312629
1.769167,65,3045.408084
3.688571,134,3045.641851
2.649091,84,3045.761596
3.765926,94,3046.054245
0.95796,108,3046.268297
1.746923,97,3046.384794
1.928333,213,3046.737088
3.937105,139,3047.016074
-0.045629,46,3047.075463
2.259524,206,3047.40567
1.269756,153,3047.66079
5.08,84,3047.82066
3.45875,116,3048.936023
1.935,117,3049.0784
3.79746,203,3049.41491
-0.203265,22,3049.437797
2.276364,248,3049.72606
3.657222,218,3050.094178
-0.075917,57,3050.155553
1.883333,119,3050.312168
1.2,108,3050.423968
0.258972,36,3050.467349
2.404545,131,3050.631634
1.055,165,3050.838133
3.575455,300,3051.287952
0.614347,154,3051.482319
2.910476,67,3052.322341
2.818571,72,3052.436704
4.25,320,3052.983029
2.1575,209,3053.265736
2.546667,369,3053.754795
2.562381,83,3053.893022
3.182759,126,3054.088032
3.077037,88,3054.225887
3.613333,106,3054.439494
4.32,231,3054.823989
2.800054,197,3055.155218
0.781893,74,3055.274113
2.906061,105,3055.512734
3.97069,75,3056.493499
2.733043,86,3056.614165
2.1225,76,3056.709924
4.2,222,3057.10277
1.654615,121,3057.236676
2.541869,121,3057.41699
3.907917,49,3057.492167
3.614194,109,3057.685697
2.646667,66,3057.775138
0.60222,62,3057.851298
2.6,240,3058.165194
3.118421,69,3058.26902
3.465,112,3058.452815
3.141429,100,3058.597649
2.605909,103,3058.743288
2.283043,293,3059.116777
2.847664,406,3060.479217
2.750435,78,3060.601192
3.292273,109,3060.761034
3.638235,110,3060.951405
2.608571,488,3061.619007
3.218966,105,3061.758535
1.515,126,3061.913801
1.92,108,3062.024473
3.707867,430,3062.808407
2.1,54,3062.885676
-0.41186,131,3063.044544
2.671818,74,3063.172967
3.71,119,3064.170466
4.626512,175,3064.524407
2.768,156,3064.775777
-0.33859,54,3064.850158
2.221905,226,3065.411501
3.22931,99,3065.570057
2.712632,75,3065.680516
3.565152,188,3065.979678
3.920313,211,3066.315239
0.476181,117,3066.445526
3.839091,126,3066.650023
2.3,189,3066.896973
2.26,190,3067.126015
2.53381,95,3067.263304
3.928974,149,3068.236335
4.354412,99,3068.38771
2.242941,67,3068.466836
-0.15353,39,3068.509673
12.946067,738,3069.836398
1.814705,70,3069.929681
3.245,141,3070.144377
1.573491,190,3070.500729
2.247895,130,3070.662784
3.4025,152,3070.907587
2.003333,83,3071.02024
2.3925,115,3071.178891
2.915238,65,3071.268202
0.147285,59,3071.37395
2.235305,162,3072.268578
7.326757,402,3072.935421
25.721293,1345,3074.81913
1.700909,57,3074.889082
3.309283,124,3075.715022
0.238787,34,3075.766889
4.42303,97,3075.907155
2.904,88,3076.031814
0.155924,45,3076.096664
1.644602,77,3076.201704
2.471905,121,3076.358122
3.831563,127,3076.550889
1.6,180,3076.780838
2.63,225,3077.092173
2.737391,84,3077.208341
2.944286,300,3077.636439
2.700435,101,3077.762414
1.215,133,3077.894285
0.902828,91,3077.996799
2.465,86,3078.107585
1.15,146,3078.279386
3.407222,398,3079.622694
2.990476,67,3079.715202
1.788291,196,3079.9456
4.103847,198,3080.309849
2.626818,305,3080.700715
8.848966,506,3081.220322
1.885,152,3081.380901
2.65,168,3081.596751
2.741739,82,3081.713349
3.14,120,3082.473137
1.347574,266,3082.886885
2.752609,77,3082.995236
1.680833,67,3083.072387
2.074091,337,3083.475586
2.221053,144,3083.894795
0.625603,180,3084.099621
4.035172,171,3084.363859
3.225,105,3084.522424
2.175625,59,3084.602476
2.898,91,3084.747112
3.231212,250,3085.125001
2.498,291,3086.319797
3.7175,117,3086.576263
2.606818,239,3086.869709
0.63347,47,3086.936308
3.548333,187,3087.229464
2.654167,166,3087.45187
2.116471,110,3087.666668
2.071818,338,3088.186391
1.816154,79,3088.269742
2.101667,147,3088.495446
-2.280587,1244,3090.651085
1.678866,134,3090.884779
2.990909,70,3090.976208
1.998824,150,3091.194938
2.372174,252,3091.500742
2.995238,170,3091.766385
3.636765,111,3091.966634
1.763333,203,3092.253308
1.3966,169,3092.489723
3.546207,95,3092.664929
2.27619,199,3093.71021
0.335411,112,3094.017151
1.850694,232,3094.33872
2.185,56,3094.407546
2.29,242,3094.768926
2.551364,127,3094.955897
3.926923,213,3095.332547
3.289706,347,3096.008424
2.436842,62,3096.103677
2.168824,65,3096.180028
1.598333,106,3096.322657
-0.164367,66,3096.38608
3.57978,388,3097.618504
2.598095,68,3097.720454
2.750435,78,3097.834745
2.605833,133,3098.015243
1.658462,120,3098.157137
3.883125,94,3098.302115
1.8525,45,3098.359545
3.796347,548,3099.259127
2.276667,203,3099.508104
2.870741,194,3099.786964
2.908077,131,3099.964662
14.716276,904,3101.937163
3.75625,124,3102.12937
5.160321,284,3102.605909
0.197828,61,3102.676973
4.525758,82,3102.825849
3.907917,49,3102.891848
3.625687,143,3103.149822
0.253522,136,3103.468063
0.442142,64,3103.542031
1.930379,142,3103.718983
3.583824,147,3103.969342
3.96,102,3104.140931
3.24,115,3105.011841
2.455,90,3105.159276
5.083333,184,3105.432306
1.84,48,3105.491583
3.800278,115,3105.713496
2.374286,162,3105.916998
1.545,65,3106.000298
3.22125,81,3106.116993
3.755833,147,3106.379451
3.921905,184,3106.643923
1.475,81,3106.723508
3.323704,79,3106.827786
2.2575,169,3107.020463
0.738651,89,3107.138212
-0.245452,71,3107.235724
2.294348,251,3107.535484
4.527273,81,3107.648691
3.132759,155,3108.610004
2.490952,113,3108.82086
2.124545,32,3108.865235
2.816667,88,3109.01295
1.978947,236,3109.255062
2.308873,154,3109.419223
3.607353,131,3109.63249
3.174375,298,3110.045423
3.759118,463,3110.733875
4.34,168,3111.113827
4.09685,232,3111.520386
0.538403,202,3112.647025
2.231176,71,3112.730719
0.242237,40,3112.795647
2.724869,305,3113.226146
3.21125,268,3113.85901
2.118235,106,3113.994151
2.096667,55,3114.067941
4.20037,70,3114.173924
2.11,32,3114.215485
4.286667,253,3114.689156
1.81,176,3114.956883
-0.033599,67,3115.041594
2.68,297,3115.495505
1.831667,50,3115.558425
3.566087,218,3116.685634
2.574,253,3117.050978
1.68,40,3117.10058
2.908,86,3117.33147
1.400909,123,3117.508525
1.943077,46,3117.576862
0.699642,73,3117.680732
3.454412,235,3118.407497
1.96,96,3118.599806
1.589231,138,3118.818641
3.922564,154,3119.195145
2.911905,100,3119.324122
2.874,103,3119.45451
2.711304,96,3119.588189
4.812188,229,3120.103976
2.45,92,3120.224255
4.392222,150,3121.088835
7.94959,470,3121.628036
3.875172,84,3121.756282
2.741579,121,3121.881989
4.37166,299,3122.325244
4.583243,116,3122.549599
1.778343,427,3123.11937
-0.129873,39,3123.171188
2.120833,55,3123.228029
2.434211,63,3123.329313
1.437273,115,3123.461868
2.171971,66,3123.620639
3.419286,118,3123.846917
3.075699,210,3124.894803
2.397059,120,3125.033595
6.3025,486,3125.850812
2.671818,74,3125.993862
0.074476,37,3126.06531
3.790909,105,3126.400348
-0.002685,76,3126.527367
2.995455,68,3126.638576
2.739565,83,3126.751641
2.237059,69,3126.855145
3.163438,305,3127.396698
2.189474,156,3127.596918
-6.621301,2000,3129.65959
3.134286,104,3129.799385
3.957674,475,3131.507491
2.65,215,3132.06034
-0.358774,75,3132.277464
1.506667,128,3132.430018
1.65,46,3132.492114
2.284762,334,3133.004651
3.237931,94,3133.135529
3.405556,78,3133.238676
2.461304,211,3133.519828
4.025161,96,3133.715341
2.081875,89,3133.847575
2.692759,358,3134.498217
2.717826,93,3134.645302
2.245882,66,3135.382466
3.687754,332,3135.917742
12.008291,648,3137.00854
1.462308,171,3137.225146
4.131667,167,3137.481752
3.7925,66,3137.56436
2.034476,209,3137.859412
2.986667,290,3138.301814
2.251765,64,3138.379639
2.215789,146,3139.30199
2.976923,90,3139.424785
2.5125,67,3139.53173
1.57,143,3139.825023
2.997619,64,3139.90992
4.506061,95,3140.233217
2.671667,57,3140.308485
1.810379,159,3140.689663
1.5,99,3140.856233
2.169375,61,3140.98185
2.317222,73,3141.136539
2.171765,64,3141.256752
2.257647,62,3141.373582
2.113158,185,3141.688229
2.34,136,3141.946242
0.841893,64,3142.055191
2.5025,71,3142.200874
2.816429,282,3142.721954
3.231667,76,3142.860682
1.84375,162,3143.786702
1.615,102,3143.924322
1.968291,220,3144.1967
3.146,122,3144.423663
3.23,80,3144.545394
0.147963,87,3144.66373
2.339444,65,3144.761998
2.267778,62,3144.885395
2.671818,74,3145.007215
2.574286,78,3145.112181
2.287368,115,3145.243422
2.5025,71,3145.328429
0.303699,168,3145.504674
2.562381,83,3145.635101
2.59454,269,3146.089566
1.82,138,3146.286457
2.684815,289,3147.517491
2.51375,50,3147.578941
1.456667,140,3147.908671
3.274545,294,3148.673036
0.375761,37,3148.801844
1.82,252,3149.102573
4.005128,152,3149.365492
1.143093,140,3149.502544
2.637619,148,3149.72925
3.225862,101,3149.887947
3.461724,144,3150.107427
-0.061626,34,3150.157279
1.578571,174,3150.373429
3.328214,253,3150.710516
2.15,212,3151.726253
2.162981,136,3151.946635
2.5075,69,3152.070491
1.635714,158,3152.25564
3.417273,54,3152.329618
3.197188,277,3152.831976
1.58,92,3152.987397
3.225313,259,3153.373339
2.259091,282,3153.828411
3.521111,264,3154.149013
2.581429,75,3154.249382
2.4225,103,3154.377571
2.595833,194,3155.343595
2.4975,73,3155.447149
1.407826,184,3155.67536
2.371739,473,3156.198477
4.420811,177,3156.519944
2.400455,189,3156.755729
2.14,216,3157.037124
2.116667,56,3157.103183
3.045217,85,3157.22328
45.653213,2000,3159.88622
1.731667,74,3159.969074
3.215,272,3160.419397
3.514118,412,3161.980082
2.536,352,3162.486446
2.4775,81,3162.61407
1.425,217,3162.997864
4.39125,159,3163.360909
3.523939,334,3163.842014
3.651667,222,3164.20963
4.051667,77,3164.401945
1.778182,40,3164.477863
2.963636,82,3164.631986
2.668889,58,3164.715325
-0.086301,46,3164.769237
3.103929,121,3164.938517
1.232645,238,3165.98218
3.232759,97,3166.137708
2.265882,168,3166.315778
0.613438,31,3166.351728
2.868,101,3166.495419
1.835714,102,3166.643536
1.233735,152,3166.910498
2.02,78,3167.009631
1.713521,97,3167.179909
1.254167,145,3167.378706
2.222521,116,3167.535767
0.486897,72,3167.62964
3.189708,116,3167.825592
2.234211,139,3168.020967
3.548788,146,3168.253901
2.271053,125,3168.437025
3.7575,203,3168.839453
3.353939,235,3169.907462
3.027586,216,3170.210297
2.429048,139,3170.453788
1.89685,252,3170.760671
1.9225,140,3170.94257
1.838125,167,3171.156546
2.165789,165,3171.350489
2.755,94,3171.462812
-0.093138,22,3171.486134
0.430309,106,3171.640561
3.618205,446,3172.452921
3.547931,94,3172.588309
3.118947,407,3173.714222
4.327941,117,3173.927463
2.226316,142,3174.097557
3.015789,108,3174.250907
0.815058,109,3174.391623
3.3025,216,3174.727286
2.626957,98,3174.858024
1.84125,166,3175.09423
1.92875,138,3175.296418
3.886667,422,3175.940056
0.388088,119,3176.087519
2.500357,459,3177.347808
3.139643,101,3177.507707
4.173058,165,3177.774169
2.015115,167,3178.062676
2.590952,71,3178.149722
2.737391,84,3178.25692
2.385,114,3178.387401
3.483917,609,3179.334335
3.301667,107,3179.499328
1.648333,94,3179.634102
2.395714,153,3180.437143
2.108889,148,3180.583828
2.44375,267,3180.8992
3.690606,224,3181.282615
1.26,138,3181.433405
5.074286,88,3181.586884
1.46,110,3181.830317
4.075,402,3182.272116
0.276281,42,3182.328882
2.899838,534,3183.196969
2.619855,194,3184.154624
1.192043,187,3184.378134
1.623529,332,3184.797619
2.872759,91,3184.918175
0.778158,201,3185.188105
2.2,36,3185.238532
2.746842,62,3185.318605
2.13619,262,3185.622248
4.01,214,3185.881192
0.386176,133,3186.067092
3.139643,101,3186.210872
43.464751,2000,3189.625757
-0.524906,64,3189.68846
2.389474,80,3189.77979
2.39,198,3190.842621
3.348148,109,3190.993083
2.524,278,3191.354973
4.707059,172,3191.664525
2.348095,173,3191.884342
1.395,129,3192.058861
1.95625,126,3192.258147
2.132534,282,3192.652853
3.513448,114,3192.832609
4.352857,103,3193.086025
0.115306,159,3193.316715
3.547941,117,3193.552866
2.748276,378,3194.820254
2.571875,57,3194.907302
0.863707,187,3195.148494
2.977273,76,3195.260708
2.381579,83,3195.362631
2.02,54,3195.430035
3.557879,107,3195.619921
2.375882,185,3195.856191
2.2875,157,3196.060548
3.478571,281,3196.53427
2.474348,205,3196.81388
2.093333,56,3196.882498
2.574286,78,3197.018255
1.831875,169,3197.249912
1.722727,50,3197.319193
2.590952,71,3197.414229
3.524545,129,3198.430687
2.846552,321,3198.994873
3.304063,215,3199.379738
2.502857,108,3199.519192
2.717826,93,3199.645207
2.851429,352,3200.205382
2.874483,299,3200.645684
3.938125,206,3200.937615
2.6875,150,3201.153802
1.794375,181,3201.405518
2.086667,58,3201.483306
1.677623,132,3202.381482
1.695,35,3202.416567
1.810833,55,3202.482493
3.538182,120,3202.664264
2.06,66,3202.763325
3.008056,131,3202.991134
2.046667,70,3203.205434
3.137586,245,3203.654311
2.227895,111,3203.864898
3.101579,45,3203.97992
-0.22211,91,3204.110595
2.1675,205,3204.467345
0.28939,258,3204.865171
2.922381,62,3204.973563
2.297778,80,3205.106983
2.026842,214,3205.509404
0.724139,84,3205.632737
2.28,160,3206.745476
2.276667,203,3207.077721
3.232105,307,3207.586592
2.621641,109,3207.907895
1.682319,202,3209.261188
2.237368,134,3209.613485
2.455652,209,3209.959971
2.567143,81,3210.090797
1.841538,153,3210.275399
2.3475,197,3210.572778
3.972414,74,3210.825511
0.125378,65,3210.904652
2.62307,153,3211.186488
2.03,51,3211.266684
4.513721,272,3212.660142
2.010714,53,3212.742215
2.025,49,3212.840942
3.324091,95,3212.986848
4.197297,113,3213.230134
0.74535,339,3213.760231
2.574286,78,3213.895963
2.083333,59,3213.97705
1.929048,349,3214.47706
0.117241,52,3214.541221
0.354484,128,3214.688715
0.958603,114,3214.7998
0.223886,162,3215.005497
2.091579,254,3216.073834
2.173333,96,3216.196474
0.531134,61,3216.275134
3.110937,338,3216.894319
1.89,187,3217.183743
1.39285,119,3217.355546
2.571905,79,3217.484162
1.164545,175,3217.711351
1.025136,149,3218.027813
9.080313,563,3219.088512
0.607691,66,3219.20346
3.605882,132,3219.438147
3.697419,107,3220.436012
1.378182,128,3220.581178
1.558664,80,3220.667382
1.985714,60,3220.754884
3.136842,62,3220.846496
-0.002453,18,3220.894683
2.445674,362,3221.575278
3.392813,107,3221.772449
2.613478,141,3221.996509
4.465097,165,3222.288877
3.156207,95,3222.473766
2.26,210,3222.770752
1.465003,219,3223.048689
4.4075,146,3223.331187
1.782857,444,3224.465784
2.657391,84,3224.59331
3.613333,106,3224.755924
2.5875,52,3224.821306
-0.127296,59,3224.895752
0.837906,118,3225.05326
3.928205,329,3225.629168
0.201714,70,3225.71395
5.169541,759,3226.987227
3.142083,119,3227.149519
1.92875,138,3228.049165
3.19,140,3228.241662
3.583939,136,3228.696415
2.531053,144,3228.923613
3.711935,98,3229.104106
2.721481,361,3229.623727
-0.064129,51,3229.68678
2.846,117,3229.981122
2.866364,270,3230.336079
3.112,254,3230.659721
2.036667,174,3230.907612
0.468476,79,3230.99661
0.999602,88,3231.09537
0.96035,283,3232.023397
4.43359,122,3232.236689
1.700909,57,3232.316376
3.03375,388,3232.957845
2.574286,78,3233.131612
3.627941,117,3233.353823
2.5075,69,3233.448945
3.96,84,3233.619197
2.056875,97,3233.737975
21.529398,1074,3235.897227
2.884286,78,3235.990808
1.085833,229,3236.242329
1.707143,138,3236.415475
1.736971,111,3236.546862
2.993182,69,3236.631655
1.65,46,3236.689835
1.966471,161,3236.915392
4.347143,107,3237.129118
2.988462,84,3237.292555
3.528056,311,3237.989335
2.573529,60,3238.095256
1.583333,39,3238.150767
1.927692,50,3238.224023
1.855385,48,3238.284508
2.13381,263,3238.62731
2.879524,80,3239.393151
2.485625,59,3239.470923
1.72,30,3239.506507
3.508929,107,3239.69735
0.170879,75,3239.78275
3.206897,112,3239.942998
2.663913,81,3240.054385
1.573333,112,3240.206663
2.089474,194,3240.43038
0.150633,39,3240.487298
1.005928,99,3240.610212
2.725263,131,3240.830712
2.397368,77,3240.935084
0.158117,35,3240.972818
3.517353,301,3241.500734
3.03,270,3241.917143
3.690968,111,3242.09276
2.418421,69,3242.215451
2.630909,92,3242.329111
1.466401,279,3243.285934
3.793704,79,3243.641629
2.03375,258,3244.07761
0.086166,73,3244.193027
3.451429,300,3244.716237
3.488159,219,3245.085906
4.7175,210,3245.47158
3.020029,537,3246.33441
2.774,153,3247.291208
0.349134,47,3247.355119
0.095333,75,3247.471642
1.7275,75,3247.577891
2.9925,59,3247.676416
3.033158,71,3247.779751
2.756695,420,3248.399271
0.061999,101,3248.543584
1.780833,43,3248.595558
2.426316,66,3248.682294
3.157895,54,3248.7567
3.601579,394,3249.629275
2.791667,100,3249.908771
3.294193,368,3250.612485
3.610263,509,3252.209971
3.093214,127,3252.40371
1.535385,152,3252.594959
2.712069,399,3253.231022
2.506087,264,3253.644229
3.037778,363,3254.128837
4.407879,107,3254.300873
2.735217,85,3254.442731
1.969405,210,3255.40528
2.642174,91,3255.538793
2.011667,183,3255.753594
3.429063,135,3255.970216
3.163158,52,3256.040476
0.257862,41,3256.101049
2.208349,390,3256.638222
0.342647,131,3256.804072
2.115455,34,3256.855754
2.244737,135,3257.030724
3.986154,159,3257.298251
2.258421,69,3257.413565
1.923846,51,3257.494671
1.803571,111,3257.678128
3.59875,276,3258.192999
1.764855,97,3258.360135
1.494375,277,3259.351461
2.0725,92,3259.455333
3.242,74,3259.549881
3.861818,111,3259.714828
1.951765,166,3259.888494
3.080526,53,3259.949754
1.9975,116,3260.1077
3.025185,116,3260.292996
3.549394,106,3260.486759
1.816471,212,3260.867826
2.786071,299,3261.364362
0.935714,136,3261.603355
1.938125,135,3261.766788
1.062711,156,3261.99212
3.472813,107,3262.873025
2.58,85,3262.971397
3.403704,79,3263.081814
3.888919,393,3263.727774
-0.188006,26,3263.765943
4.613847,166,3264.09255
4.438947,244,3264.503932
1.225,131,3264.655566
45.319145,2000,3267.396925
1.798333,58,3267.458092
2.359545,207,3267.804352
1.908462,55,3267.900545
3.561667,143,3268.151788
1.993333,62,3268.216754
1.842857,100,3268.342034
1.614545,76,3268.432322
2.540952,92,3268.804382
9.308235,429,3270.12644
2.065556,160,3270.329078
2.332,374,3270.893337
0.160489,42,3270.959681
3.762778,142,3271.230571
2.319524,185,3271.45271
1.735714,130,3271.612859
2.651128,332,3272.133275
3.416563,143,3272.371235
2.3425,199,3272.655116
2.082759,135,3273.472584
2.4275,101,3273.69337
1.124545,219,3273.961894
0.029499,29,3274.01081
1.506904,331,3274.519027
1.277709,105,3274.708507
2.2525,171,3274.919693
2.628636,93,3275.056285
1.245356,267,3275.559114
2.136667,138,3275.725804
2.09,57,3275.799459
3.04,112,3275.98165
1.167429,105,3276.119762
-0.101222,63,3276.191035
2.460625,67,3276.27678
3.465,112,3277.149181
1.773333,64,3277.424274
2.768048,427,3278.2423
3.161559,76,3278.36871
1.306475,159,3278.609891
3.125938,329,3279.151124
3.133342,505,3279.950969
2.314444,74,3280.039409
3.204412,405,3281.502515
2.906,87,3281.62365
3.206998,162,3281.904601
3.087931,181,3282.161578
4.681575,345,3282.543549
4.424286,109,3282.733555
3.405556,78,3282.829204
1.766667,154,3283.021994
3.425,240,3283.389709
2.921667,335,3283.87097
-0.351277,83,3283.954006
3.039643,157,3284.181324
3.790625,102,3284.359477
0.484672,66,3285.127356
3.533636,123,3285.347314
3.285152,287,3285.802186
1.043333,165,3285.982733
0.600939,168,3286.230931
4.509091,93,3286.386148
2.1,54,3286.454945
3.301786,223,3286.793458
0.738261,98,3286.925858
2.741739,82,3287.026693
3.927586,100,3287.167613
2.542273,131,3287.371059
2.174,453,3288.157195
1.971429,64,3289.032339
3.322373,161,3289.290523
0.394996,186,3289.501764
0.639314,40,3289.544003
4.351471,101,3289.728852
2.4575,89,3289.857945
3.941622,354,3290.450908
1.423846,181,3290.665362
2.702609,100,3290.801884
1.42,92,3290.901267
3.499655,122,3291.092584
2.633182,91,3291.213609
2.245882,66,3291.305368
1.71,171,3291.500045
3.436389,377,3292.772243
2.776,112,3292.937135
2.695417,223,3293.306589
2.532,354,3293.748847
2.943214,211,3294.022871
1.978333,195,3294.217194
3.88,102,3294.363858
1.751006,259,3294.717334
-1.315688,395,3295.17849
2.285,126,3295.969292
-0.097624,30,3296.018861
2.421053,68,3296.120464
3.408182,58,3296.207704
0.373392,81,3296.331574
3.366667,99,3296.467762
2.37625,94,3296.572703
1.964444,200,3296.904449
2.307887,444,3297.598599
1.739854,228,3297.941336
1.355556,80,3298.048453
3.049565,83,3298.179313
2.089375,109,3298.332686
3.462647,175,3298.594089
45.9897,2000,3301.095627
3.709063,103,3301.247836
2.724348,90,3301.349486
3.767143,443,3302.631873
3.64,90,3302.810521
4.525758,82,3302.942698
2.345625,566,3303.853715
3.291667,113,3304.013951
1.808637,114,3304.16309
3.435313,131,3304.375416
0.192148,311,3304.765029
2.702609,100,3304.886037
2.824138,334,3306.027462
2.069375,93,3306.25116
3.255625,246,3306.818764
-1.131439,125,3306.984467
2.922381,62,3307.072056
3.463438,113,3307.501605
3.449643,101,3307.690654
3.521515,131,3307.960378
0.339134,92,3308.118616
-4.94704,2000,3310.772793
3.128947,65,3310.875814
2.096667,210,3311.116601
0.805308,76,3311.245736
1.574957,81,3311.366433
1.761364,323,3311.763048
2.756,242,3312.778736
2.81,72,3312.870914
4.271818,309,3313.354587
2.906,87,3313.628692
2.523462,324,3314.157148
2.5,240,3314.483252
-0.029489,136,3314.644516
1.71,171,3314.843724
2.782143,285,3315.162908
2.342222,64,3315.255934
0.485253,47,3315.312187
1.823668,249,3315.619598
2.472609,169,3316.569088
3.062857,144,3316.818999
2.759286,314,3317.226944
1.831538,75,3317.408916
2.025625,107,3317.631318
2.048125,151,3317.923133
3.253333,136,3318.190396
2.33381,179,3318.486339
0.004325,108,3318.729291
1.694615,108,3318.855637
0.084715,30,3318.899805
4.70875,340,3319.46619
3.228,286,3320.528133
1.67,42,3320.574182
1.9225,140,3320.781418
1.74,238,3321.035598
3.95,87,3321.167733
2.157647,96,3321.281052
2.948438,225,3321.617381
0.33296,120,3321.796264
1.963125,127,3321.954701
1.714545,54,3322.017519
-0.532114,196,3322.217542
2.007143,54,3322.286206
3.1525,114,3322.477109
-0.43171,97,3322.586293
1.902054,406,3323.129456
0.248989,112,3323.978273
2.439141,256,3324.324776
2.09,190,3324.553273
2.467826,208,3324.847485
1.24,128,3324.998413
2.854118,70,3325.088078
2.722174,91,3325.208356
-0.110489,78,3325.301113
1.846057,367,3325.922824
2.922188,197,3326.212062
2.995,182,3326.589574
2.063529,128,3326.740306
2.651364,83,3327.776987
3.834545,129,3328.138741
3.72427,184,3328.554342
3.035116,379,3329.295949
0.502884,53,3329.380332
0.531277,37,3329.413535
3.444483,154,3329.673568
1.960714,67,3329.758749
3.416563,143,3329.97483
2.743913,81,3330.100527
2.762632,56,3330.182017
3.327778,120,3330.350571
1.111361,97,3330.45403
2.678696,111,3330.62333
1.05809,204,3330.869322
3.301667,107,3331.015981
2.647273,296,3331.973492
2.395714,153,3332.171323
2.480952,113,3332.326453
1.215,133,3332.488804
1.614286,164,3332.654953
1.751765,234,3332.943122
2.791667,100,3333.100309
-0.123988,51,3333.156681
2.138125,71,3333.239932
1.548871,80,3333.348754
-0.258169,36,3333.405863
1.992857,58,3333.484032
2.439524,164,3333.821131
2.308261,188,3334.077785
3.188889,195,3334.360098
1.033284,68,3334.495456
3.6,136,3335.436784
0.57775,226,3335.684287
4.752597,727,3337.262915
3.901724,115,3337.577287
0.27539,78,3337.7635
1.105556,125,3337.943685
2.236352,150,3338.227163
3.840938,121,3338.42766
7.419744,359,3339.106371
2.342222,64,3339.865775
3.865938,105,3340.021964
2.231176,71,3340.106251
2.217222,163,3340.390188
3.592857,201,3340.728211
2.242105,136,3340.910107
1.685714,144,3341.096428
2.905714,69,3341.210185
3.588387,125,3341.401825
-0.1179,66,3341.469447
-0.115357,30,3341.50719
0.053099,52,3341.587966
2.046667,70,3341.693988
0.782212,256,3341.980536
2.178937,544,3342.88242
-0.149864,39,3343.709442
3.399412,218,3344.074339
2.405263,74,3344.16441
2.720833,134,3344.345147
3.615625,214,3344.697405
1.264167,167,3344.893523
-0.08504,97,3345.007559
0.066275,34,3345.082581
3.435357,109,3345.246234
2.772857,129,3345.417335
3.773438,113,3345.590633
2.107647,113,3345.781895
1.44,88,3345.892238
2.302526,271,3346.228219
2.44,48,3346.288941
3.726579,299,3347.514798
0.848217,54,3347.576522
4.231316,151,3347.810821
0.946841,91,3347.929168
2.425,102,3348.046105
2.591739,151,3348.237359
2.169375,61,3348.317435
2.229887,123,3348.848375
0.364938,53,3348.929878
1.607647,283,3349.271911
2.757407,347,3349.755677
3.539697,119,3349.945584
2.0475,100,3350.074302
3.186123,403,3351.327797
2.327895,282,3351.644506
1.009152,345,3352.157808
3.4025,223,3352.477554
2.4525,91,3352.618868
2.412381,146,3352.803447
1.575,175,3353.014798
2.360625,99,3353.167589
2.115,261,3353.486569
3.268333,127,3353.694965
2.430118,275,3354.71451
-0.063064,81,3354.822623
1.945263,321,3355.275046
3.182188,293,3355.861655
2.4425,95,3356.012928
2.812609,192,3356.250285
2.72,180,3356.498696
4.526486,158,3356.793547
1.373636,129,3356.943463
1.735833,73,3357.028734
0.407493,54,3357.116674
1.971429,64,3357.194136
3.88,96,3357.36965
2.824211,63,3357.452542
2.473125,63,3357.533462
1.519393,145,3358.327134
3.491563,159,3358.555069
1.344444,82,3358.637306
1.860833,43,3358.689789
5.068571,92,3358.844514
2.832857,129,3359.01961
2.947727,89,3359.176417
0.387709,42,3359.224921
4.166216,136,3359.454013
2.187273,252,3359.793597
3.330909,237,3360.166248
3.944828,90,3360.313399
1.889231,60,3360.398755
2.004756,351,3360.887577
3.96,84,3361.039743
4.022051,131,3361.279823
3.085,237,3362.539365
2.65,215,3362.81323
3.373571,530,3363.680909
2.410526,72,3363.786672
1.760714,123,3364.002426
2.3025,151,3364.193524
1.778571,118,3364.341547
5.057143,100,3364.525556
2.025,49,3364.611091
2.357143,165,3364.817864
2.305263,112,3364.9609
2.555238,86,3365.102897
0.83285,247,3366.005081
1.731875,201,3366.21251
3.399375,154,3366.43819
-2.463834,493,3366.922457
5.027879,272,3367.389891
2.214762,229,3367.693706
1.27437,36,3367.743053
2.628696,134,3367.926444
1.768556,142,3368.178795
2.349091,216,3368.668456
2.744,168,3369.566952
2.904,88,3369.678969
2.848519,125,3369.85259
-0.014066,325,3370.222955
1.960714,67,3370.410843
2.025294,141,3370.585813
2.994483,183,3370.873753
4.164,253,3371.190554
3.213333,160,3371.414363
2.912857,66,3371.502035
3.151515,461,3372.260055
1.478182,106,3373.431762
3.579091,390,3374.095988
2.671176,54,3374.159108
3.591429,146,3374.398698
0.329025,208,3374.763905
1.543333,148,3375.03291
2.169375,61,3375.184985
2.667826,116,3375.410376
1.475596,83,3375.528361
2.281579,121,3375.741203
1.700625,211,3376.04672
2.543913,173,3376.349616
2.234118,70,3376.465557
1.670631,204,3376.738682
0.288261,65,3377.475639
2.724348,90,3377.592532
3.181579,45,3377.646057
2.196316,180,3377.831138
2.053077,98,3377.953688
3.06,125,3378.162599
3.624167,357,3378.875099
1.687273,60,3378.966224
-0.495029,133,3379.105321
1.769167,65,3379.212764
1.846429,99,3379.355321
2.478636,159,3379.569478
3.470909,105,3379.775044
1.946667,100,3379.919777
2.135,72,3380.013732
2.175625,59,3380.110731
3.999091,324,3381.348428
2.418704,426,3381.984833
2.689565,106,3382.121246
2.891429,240,3382.516677
1.65,46,3382.575087
1.881875,153,3382.793359
2.67,115,3382.976967
1.313125,335,3383.413824
1.725,29,3383.465697
3.864848,109,3383.671688
2.992692,87,3383.786303
1.613773,250,3384.095806
-0.106869,70,3384.170317
0.099642,111,3384.932819
3.571875,242,3385.291815
1.887778,224,3385.573461
0.295401,202,3385.85725
1.205455,166,3386.021073
2.917546,216,3386.325914
0.28046,69,3386.39884
1.667857,149,3386.54652
1.764545,43,3386.597133
2.266054,224,3386.904596
2.014286,52,3386.982148
3.953448,85,3387.127431
7.521953,383,3388.701978
2.724348,90,3388.851202
2.025625,107,3389.01301
2.73087,87,3389.12359
2.835263,150,3389.313064
2.056875,97,3389.436417
2.576316,123,3389.57957
2.791667,100,3389.728053
1.910366,252,3390.126529
2.4,76,3390.393286
2.545833,218,3390.660313
3.857941,117,3390.862198
2.595833,194,3391.157295
4.71875,329,3391.767224
2.245882,66,3392.907982
2.260159,130,3393.134067
2.726522,89,3393.300426
2.1225,76,3393.439038
8.612353,431,3394.222008
4.522727,84,3394.375405
3.63,96,3394.563497
1.798333,58,3394.645693
2.648353,85,3394.776305
3.394545,162,3395.082713
2.425,70,3395.192724
0.113261,79,3395.346743
2.321364,259,3395.73859
-0.108247,92,3395.851693
0.227142,230,3396.220808
2.183291,138,3397.533192
2.895,328,3398.096255
1.165703,76,3398.267793
2.09125,86,3398.437339
3.270625,134,3398.77155
2.635417,175,3399.15619
2.557143,144,3399.474404
4.698182,285,3400.220278
2.0775,241,3400.661799
1.889286,87,3400.799263
5.187143,233,3401.274171
1.574697,192,3402.522032
1.44,86,3402.659953
1.368121,363,3403.252598
2.053333,68,3403.354712
3.851212,118,3403.596665
3.136,127,3403.840163
1.705,35,3403.89417
3.362894,143,3404.174249
3.314,78,3404.274536
2.288291,124,3404.43381
2.502222,118,3404.587997
2.092727,39,3404.637407
2.906,87,3404.79847
-0.179585,21,3404.833319
2.364286,162,3405.060362
3.480606,158,3405.33404
0.887273,236,3405.579667
1.725843,91,3406.626128
0.943226,136,3406.765139
-0.03461,36,3406.801758
4.301471,135,3407.128306
1.961667,201,3407.538729
0.436639,49,3407.625506
4.198649,112,3407.853778
1.867857,93,3407.9696
2.108879,157,3408.164107
1.585887,166,3408.468625
3.548045,131,3408.768334
3.491034,127,3408.93872
3.19,330,3409.464158
3.862813,107,3409.642509
2.967308,95,3409.939872
3.252121,388,3411.106265
3.305862,652,3412.04952
1.294122,357,3412.515844
4.099063,103,3412.811688
3.535766,117,3413.023296
0.084041,14,3413.059716
0.094076,23,3413.106592
4.397143,128,3413.342824
2.611304,142,3413.532727
2.649444,65,3413.61191
3.149247,345,3414.800677
4.60125,439,3415.58014
3.208621,111,3415.758528
2.183333,40,3415.807151
2.318,381,3416.31327
-0.62,76,3416.398773
0.119355,61,3416.458255
2.292,394,3416.987447
2.8475,57,3417.074781
4.334813,504,3418.487566
1.935385,48,3418.546355
1.986772,513,3419.36436
4.005,105,3419.549442
2.113125,79,3419.707887
2.192941,84,3419.810257
2.910476,67,3419.891437
2.328333,69,3419.976211
1.84,48,3420.038793
1.014098,241,3420.414106
2.251111,68,3420.538515
-0.496892,442,3421.079708
4.109118,225,3422.302384
0.214101,66,3422.393677
0.091263,95,3422.579173
3.799697,152,3422.979306
0.588318,86,3423.18103
2.225294,73,3423.352909
2.331053,144,3423.99524
2.431511,61,3424.146043
1.572222,41,3424.297832
2.397368,77,3424.470067
1.948571,408,3425.056201
3.189655,122,3425.275863
0.511496,333,3425.640546
1.397534,197,3425.876707
-0.589992,236,3426.740221
2.547932,872,3427.926369
2.773158,52,3427.994152
4.013333,100,3428.149239
0.422119,85,3428.262319
1.555,65,3428.340609
2.575,63,3428.440513
3.966667,80,3428.58233
3.393125,158,3428.846281
3.703056,185,3429.187836
1.5875,292,3430.636955
2.555238,86,3430.784655
4.49875,137,3431.026204
1.228571,272,3431.329511
3.145,98,3431.522964
1.665,43,3431.584644
2.1725,60,3431.668773
2.245882,66,3431.754141
1.118174,162,3431.988106
2.428947,65,3432.084574
2.678636,71,3432.194786
2.900417,187,3432.455055
1.769091,42,3432.5089
2.113125,79,3432.613594
2.568125,686,3434.270646
0.234957,93,3434.391258
2.138947,236,3434.686638
3.031496,438,3435.345118
2.362196,102,3435.497606
4.040097,321,3436.098474
1.621373,54,3436.171354
2.163529,94,3436.2938
2.0475,100,3436.424488
-0.229465,126,3436.619135
2.283333,301,3436.984035
2.07,63,3437.057016
2.734271,107,3437.810599
0.921933,176,3438.033548
2.667273,76,3438.171299
2.46,88,3438.288696
2.792,179,3438.776242
1.934167,91,3438.938837
2.979142,329,3439.53405
3.165789,51,3439.600825
2.873077,144,3439.847523
3.04087,87,3439.97858
2.311667,75,3440.084288
2.292857,192,3440.358041
2.000556,187,3440.599188
1.856667,44,3440.651354
2.910476,67,3440.733931
0.322846,115,3440.907954
2.642273,87,3441.033672
2.762616,460,3442.51157
1.931538,49,3442.579914
3.117604,360,3443.201677
2.050588,129,3443.360853
4.872655,633,3444.000209
3.965517,78,3444.104382
3.036207,211,3444.424055
0.552494,84,3444.552185
2.010714,53,3444.626479
0.102337,27,3445.369698
2.742851,202,3445.652961
3.87625,251,3446.127561
10.326199,724,3446.864795
-0.004687,63,3446.944147
2.973684,219,3447.245035
2.993214,183,3447.505502
1.585075,302,3448.16208
1.416667,69,3448.236996
-0.530389,275,3449.475091
1.203333,220,3449.751231
4.577273,840,3451.344789
1.894118,240,3451.658847
0.018723,44,3451.711809
1.561111,43,3451.777255
1.706957,558,3453.094576
1.638333,94,3453.193003
0.146382,50,3453.261358
1.239654,285,3453.838171
1.415,91,3453.938212
2.826,127,3454.11423
0.233723,55,3454.209159
2.123684,181,3454.470875
3.439259,103,3454.622674
1.075,315,3454.992233
2.204375,149,3455.179202
2.046667,70,3455.272554
-8.149392,2000,3457.346241
3.02069,220,3457.694801
2.425238,107,3457.865568
2.667273,76,3457.985983
2.483182,157,3458.913879
3.0375,105,3459.052903
0.786832,70,3459.125488
2.768571,261,3459.474135
4.785,156,3459.807437
-0.184556,192,3460.026492
2.044783,398,3460.688961
1.8525,45,3460.744838
0.851758,211,3461.008389
2.664211,63,3461.0975
2.638,181,3461.377134
2.316667,182,3461.622931
2.163125,63,3462.385688
2.746087,80,3462.49646
1.9625,311,3462.902875
0.939058,65,3463.01567
3.043333,262,3463.482708
-0.113804,25,3463.515959
3.134211,63,3463.600152
3.960345,81,3463.740801
1.052143,523,3464.352314
1.322149,585,3465.099158
4.50625,131,3465.970031
-0.012433,32,3466.019087
1.635833,97,3466.158627
1.587889,157,3466.432327
1.786503,251,3466.809097
2.270714,67,3466.894756
2.239444,101,3467.0419
3.435313,131,3467.247309
2.537368,210,3467.471187
2.335455,222,3467.758843
1.984118,155,3467.952747
1.61,54,3468.023169
2.13619,262,3468.408281
1.69125,214,3468.803569
2.523571,83,3469.497469
2.84381,95,3469.622076
2.341818,184,3469.926108
3.349091,84,3470.052955
1.623248,79,3470.172747
3.173214,211,3470.506887
1.540909,90,3470.775242
-0.17514,13,3470.796892
3.221667,155,3471.031877
1.626734,256,3471.33341
4.48973,126,3471.546685
9.9e-05,8,3471.563369
3.822424,137,3471.79463
3.67,147,3472.060126
0.348284,84,3472.16768
4.535714,241,3472.607471
2.246111,95,3473.400251
6.395097,469,3474.318638
2.552941,67,3474.429458
3.37963,92,3474.576122
2.334211,101,3474.707757
2.5075,69,3474.797137
2.155455,354,3475.3309
2.248824,65,3475.425589
1.831667,291,3475.810194
0.049717,78,3475.912431
1.842569,465,3477.421257
2.040827,438,3478.047232
2.125294,107,3478.193353
0.378435,72,3478.289163
4.017097,101,3478.470493
2.954762,82,3478.57516
3.494848,142,3478.82456
-0.182077,44,3478.907665
2.660102,719,3480.051941
0.257038,22,3480.095149
3.905526,163,3480.420005
0.716855,275,3481.443345
3.219643,269,3481.831724
3.677166,312,3482.385322
1.655,45,3482.465353
2.14125,70,3482.572987
3.056667,99,3482.742984
0.739725,328,3483.262627
1.010726,139,3483.425758
2.075238,254,3483.854805
1.962857,402,3485.650157
-0.242594,44,3485.726686
1.936667,151,3485.935328
1.483616,444,3486.482629
2.637727,89,3486.619051
4.271395,274,3487.157244
3.042,174,3487.375621
2.495,56,3487.437586
3.70871,100,3487.579827
0.06544,31,3487.612784
1.577692,141,3487.75452
1.485,280,3488.064086
2.588571,72,3488.190833
0.915118,113,3488.321929
0.228435,129,3489.172973
2.051178,268,3489.478514
3.367273,213,3489.813577
3.767419,138,3490.037242
4.328421,138,3490.288666
9.328284,702,3491.253521
1.19,204,3491.445068
2.584211,120,3491.621423
2.630417,163,3491.843144
3.965814,468,3493.331134
1.710714,137,3493.498048
2.892,94,3493.655648
2.662632,94,3493.774305
2.118276,755,3494.751372
2.700435,101,3494.886056
3.866364,108,3495.055204
4.171622,132,3495.289025
2.053333,68,3495.365384
2.251588,105,3495.509961
2.486364,292,3496.512321
3.422813,139,3496.717198
3.766944,139,3496.95047
2.106364,36,3496.993016
3.591176,142,3497.291372
2.725789,70,3497.382671
2.356842,119,3497.589686
2.416,332,3498.094707
2.131176,105,3498.263387
1.335123,120,3498.421655
2.586,247,3498.851409
2.228353,199,3499.150511
0.140396,31,3499.17846
2.413158,71,3499.270775
1.646842,385,3500.364973
2.999394,469,3501.04599
3.932759,97,3501.190152
3.884483,125,3501.369802
3.470927,283,3501.765777
4.345526,125,3501.981934
3.493753,108,3502.140857
4.177442,286,3502.679033
2.556471,93,3502.784017
3.156364,372,3504.058904
1.185488,318,3504.460871
2.207895,149,3504.66146
2.924762,61,3504.751695
3.468125,110,3504.921176
1.746667,160,3505.106577
3.560294,163,3505.362926
3.040994,98,3505.492015
2.696842,81,3505.596678
0.609642,36,3505.639925
2.296667,161,3505.81747
1.36633,339,3506.183189
4.520097,289,3507.320927
0.231199,79,3507.417589
2.598717,182,3507.847668
1.707143,138,3508.014763
2.524286,99,3508.167146
1.419555,171,3508.427348
3.92931,99,3508.646248
2.4925,75,3508.738585
1.9,372,3509.190328
3.148803,315,3509.736629
1.58,60,3509.818614
4.214545,129,3510.062994
-0.178066,197,3511.117153
2.086667,58,3511.187075
3.554828,90,3511.333961
0.452851,148,3511.608543
-5.388171,2000,3514.172728
0.232057,152,3514.383348
1.766154,92,3514.513547
2.63,72,3514.649251
0.312906,300,3515.042385
2.856538,111,3515.206516
5.088571,78,3515.358126
0.27546,39,3515.4086
2.435,98,3515.570382
3.245,333,3516.065469
0.595582,171,3516.306998
3.202057,451,3517.633094
2.106875,81,3517.72557
2.185741,163,3517.925244
2.444577,165,3518.184598
-0.177868,23,3518.213844
2.134054,315,3518.641608
1.451795,172,3518.868301
3.611765,128,3519.088155
1.635,49,3519.14081
3.181167,420,3519.712425
1.438333,142,3519.84834
2.7,190,3520.088222
1.148241,236,3521.334072
-0.169137,80,3521.445406
2.38,112,3521.605173
3.686129,114,3521.775053
3.36,252,3522.138473
2.286185,238,3522.475948
2.829167,82,3522.580387
2.311667,75,3522.671962
3.099984,333,3523.188277
3.621667,101,3523.344205
2.460455,167,3523.571225
1.053488,175,3523.802659
1.441818,114,3523.91959
0.305894,61,3524.632561
1.92685,362,3525.051323
2.306111,77,3525.148499
3.512338,381,3525.923134
0.763482,219,3526.28242
1.819375,173,3526.482976
3.715926,121,3526.72293
2.336842,100,3526.892215
2.326316,104,3527.070337
2.039495,445,3527.64333
2.824,128,3528.467905
5.019655,586,3529.401557
2.716667,136,3529.602434
3.044688,381,3530.241637
2.593333,70,3530.33377
0.734694,44,3530.381883
1.755791,281,3530.738965
1.248163,232,3531.003057
-0.164864,11,3531.019314
3.552424,104,3531.172979
2.4825,79,3531.285428
2.578636,115,3532.138845
1.444996,266,3532.591252
-0.194755,107,3532.820272
2.432941,135,3532.983734
1.74762,147,3533.221372
3.79875,148,3533.444659
2.063333,65,3533.522907
2.512381,104,3533.679293
1.015,246,3533.946721
-0.104239,50,3533.993772
0.607705,110,3534.135921
2.7373,93,3534.410671
1.065,195,3534.585341
2.548,266,3534.978096
3.372188,229,3536.05974
-0.108292,20,3536.086503
1.769618,247,3536.435723
2.729524,143,3536.620091
5.604595,374,3537.261299
2.6125,186,3537.490312
1.791971,120,3537.665562
3.52303,130,3537.864744
2.175625,59,3537.941725
-0.158292,41,3537.984604
43.226545,2000,3540.626611
2.083182,333,3540.98221
2.933077,118,3541.15181
3.553125,254,3542.233098
3.184706,335,3542.604897
0.941641,108,3542.724236
2.070833,67,3542.800731
2.538095,89,3542.932219
2.646818,85,3543.048665
3.777037,88,3543.184423
4.56973,126,3543.405513
2.371053,87,3543.519429
2.841429,96,3543.676277
1.899062,724,3544.746832
0.213082,100,3544.856389
0.566104,53,3545.633561
1.864375,133,3545.803252
2.910476,67,3545.909755
3.030741,113,3546.071893
1.966667,94,3546.184415
2.402632,75,3546.280205
3.608485,265,3546.688061
3.826842,162,3546.991196
2.642273,87,3547.100484
1.527778,49,3547.159456
2.455238,128,3547.325631
2.929231,120,3547.501493
2.50619,73,3547.605052
1.258556,303,3548.008498
0.562739,249,3548.303567
1.98,340,3549.404176
2.09125,86,3549.519476
3.769722,137,3549.745459
2.07,63,3549.830147
1.35625,318,3550.19785
7.3725,430,3551.07594
2.259412,279,3551.390012
2.164444,128,3551.559215
0.768174,358,3552.779841
1.46,82,3552.86734
3.806364,438,3553.538332
3.549974,571,3554.277766
3.959375,90,3554.427745
1.551205,169,3554.649878
4.327105,139,3554.898112
2.808421,164,3555.093026
2.806,137,3555.273682
2.537391,176,3555.504992
-0.161579,9,3555.519273
2.351364,215,3556.456098
3.8625,326,3557.013617
0.650323,191,3557.2885
2.393125,63,3557.370547
1.9225,140,3557.53396
2.675551,558,3558.199093
3.556552,89,3558.326841
2.516717,129,3558.513066
2.435,98,3558.700692
4.041316,303,3559.188656
1.87,123,3560.032436
3.520345,110,3560.184669
3.831842,219,3560.579863
1.02168,75,3560.662056
2.517826,185,3560.910087
3.632353,114,3561.201481
1.797692,63,3561.297436
3.210313,275,3561.711394
2.185,56,3561.780074
2.72555,572,3562.438761
2.3875,294,3563.442855
3.190303,343,3563.947793
2.476364,160,3564.15835
0.993077,67,3564.255309
2.519837,279,3564.585036
3.549655,93,3564.734815
4.628837,173,3565.06312
1.995,189,3565.292972
2.074167,107,3565.411538
1.728571,132,3565.567096
2.988438,417,3566.167481
2.605714,400,3567.236837
3.498235,314,3567.956301
1.044444,136,3568.099564
1.066429,295,3568.542694
4.352105,120,3568.811282
1.432199,276,3569.16195
1.706875,209,3569.421115
2.094695,230,3569.713351
3.513579,560,3571.182088
1.255556,98,3571.300669
1.92875,138,3571.453206
4.507576,94,3571.601446
1.083971,177,3571.861261
3.365455,234,3572.220705
3.603243,375,3572.953542
2.516875,49,3573.01805
3.188333,217,3573.336015
1.703775,474,3574.689795
2.384211,82,3574.778979
2.764928,151,3574.996499
3.443125,126,3575.163327
1.756899,67,3575.230649
2.819312,283,3575.599359
1.76,44,3575.656154
3.605882,132,3575.866056
3.472813,107,3576.032587
1.793333,146,3576.209349
3.7025,248,3576.550371
3.818333,181,3576.826974
3.447813,123,3577.003345
2.094733,378,3578.106717
3.45,288,3578.515917
1.96,176,3578.726196
1.775385,87,3578.829725
2.392105,79,3578.928289
2.741739,82,3579.035851
2.525882,49,3579.095094
3.137778,592,3579.977095
2.608095,131,3580.150017
1.68,40,3580.193572
-0.071334,51,3580.247068
3.843103,294,3581.408609
3.27,126,3581.681898
1.875625,155,3581.871338
3.996757,254,3582.293767
3.193333,341,3582.765562
0.399717,186,3582.999262
1.453571,209,3583.193166
3.663058,297,3583.6338
4.045,81,3583.756887
-0.077136,59,3583.822598
0.63796,69,3583.929265
2.935,117,3584.083779
1.764545,43,3584.131354
2.322559,100,3584.933631
3.354848,241,3585.255268
1.916,257,3585.634595
0.286384,77,3585.728543
-0.246114,34,3585.768872
4.493784,123,3585.972701
2.368421,88,3586.119725
3.130028,167,3586.357528
3.429063,135,3586.576545
4.34375,133,3586.820357
0.922751,66,3586.924515
4.793125,286,3587.348621
1.571429,176,3587.512263
3.348529,307,3588.513072
3.884483,125,3588.766904
2.021429,50,3588.823463
2.145,25,3588.84793
-8.149392,2000,3590.74013
1.192739,95,3590.833871
2.163125,63,3590.90321
2.026316,218,3591.136207
0.148151,201,3591.34584
0.666893,99,3591.44482
2.288571,198,3591.832188
1.664545,65,3591.908292
2.115556,142,3592.054111
2.633462,306,3592.458674
3.078929,135,3592.672131
3.871316,189,3592.971008
3.058333,253,3593.947959
3.495,219,3594.297461
2.591739,151,3594.497604
0.554807,44,3594.569215
1.764545,43,3594.623271
2.1725,60,3594.703169
3.953448,85,3594.822627
3.053611,739,3595.888827
0.110098,55,3595.95525
2.318421,107,3596.098743
2.194737,154,3596.27904
1.070115,592,3597.68433
0.181046,51,3597.744746
2.240952,218,3598.004579
3.392593,85,3598.123094
1.48,78,3598.221637
2.756511,176,3598.489626
2.335,394,3598.959904
2.756957,75,3599.061862
2.705,114,3599.196428
2.370714,39,3599.248571
2.181875,57,3599.329723
3.383333,90,3599.469562
2.579048,76,3599.563401
-0.043432,57,3599.629037
1.45,182,3600.501382
0.064075,53,3600.574703
4.859841,824,3601.851952
3.844138,102,3601.994345
0.143431,41,3602.046598
4.8375,114,3602.255662
-0.07167,75,3602.384216
3.903571,110,3602.555855
0.421146,54,3602.630084
-3.817683,2000,3605.485889
2.251765,64,3605.586401
0.61857,29,3605.629016
3.78125,108,3605.810081
3.646667,253,3606.219118
3.0,63,3606.344835
3.401364,61,3606.657964
4.8375,114,3608.344464
-0.20923,350,3609.15656
2.131875,73,3609.275971
3.465,112,3609.523607
3.549655,93,3609.777414
1.971429,64,3609.932947
2.56,84,3610.151988
3.412143,122,3610.570707
3.173684,48,3610.655053
2.722,419,3611.867023
2.083125,63,3611.946855
1.097941,101,3612.101761
1.090909,189,3612.337762
0.528369,40,3612.399498
1.199817,415,3613.79569
3.723333,737,3614.870649
3.893684,172,3615.140249
2.010714,53,3615.200186
1.921825,285,3615.56894
3.108803,259,3615.998822
5.650909,864,3617.816889
3.557222,290,3618.259288
0.710115,92,3618.385436
1.610714,165,3618.675042
1.925556,214,3618.955479
2.181875,57,3619.023821
-0.087511,12,3619.039686
1.675833,85,3619.131283
1.56,256,3619.412023
3.883125,94,3619.54697
3.185556,240,3619.82712
1.705789,336,3620.900339
3.626667,98,3621.032147
2.046667,70,3621.106083
2.429375,77,3621.193808
2.907241,280,3621.576155
-0.053417,377,3622.012775
2.686,192,3622.259039
2.08,240,3622.54945
1.1,264,3622.838556
-0.075083,12,3622.861192
4.591351,110,3623.038658
43.850008,2000,3625.502879
0.114059,431,3626.545208
1.533333,48,3626.615814
4.172973,131,3626.851074
2.44296,150,3627.053258
2.693939,664,3628.261033
2.56,84,3628.382745
1.685,248,3628.697202
3.266667,128,3628.931949
8.194545,526,3630.870275
3.452384,158,3631.137541
1.183707,107,3631.341425
2.15,212,3631.710317
2.973571,194,3631.991083
2.52625,46,3632.071337
1.935,298,3632.43607
2.73087,87,3632.570872
-6.541301,2000,3635.159147
2.09,57,3635.276674
3.532759,387,3635.897783
1.978571,62,3635.993476
4.193243,116,3636.222802
2.065,341,3637.501263
1.84,48,3637.561531
2.858,111,3637.737748
3.838148,136,3637.969337
2.086667,58,3638.038187
2.3325,139,3638.217116
-3.732576,2000,3640.889973
2.5175,65,3640.969467
2.28087,294,3641.33144
2.669545,75,3641.42838
1.31131,129,3641.576226
0.445134,39,3641.628087
0.120787,61,3641.690093
3.613235,127,3641.902666
2.497857,93,3642.020152
0.432526,172,3642.193723
1.066998,257,3642.501279
3.845625,118,3643.314934
3.351429,370,3643.852427
2.621154,275,3644.181577
1.375153,136,3644.373916
3.125357,109,3644.522671
2.642273,87,3644.633886
1.992857,58,3644.717748
3.534138,102,3644.858317
2.23619,220,3645.117703
1.388163,118,3645.244348
3.462857,88,3645.383251
0.835761,138,3645.592316
1.674953,140,3645.7854
2.552857,87,3645.896321
-0.049121,49,3645.956292
2.89,95,3646.69441
1.895,200,3646.897159
0.426658,192,3647.106546
2.169231,112,3647.25959
3.762222,96,3647.397909
2.387391,245,3647.732153
2.583182,113,3647.872724
1.487273,104,3647.973378
1.685791,245,3648.285563
3.012381,104,3648.405879
2.37,253,3648.789009
1.106893,57,3648.85164
2.355625,155,3649.030167
3.557353,165,3649.952604
1.815833,169,3650.123564
2.577222,91,3650.228445
2.352632,94,3650.327083
2.87,84,3650.445419
3.971429,419,3651.062087
2.131875,73,3651.147224
3.141818,375,3651.791373
1.619288,93,3651.929477
2.618,391,3652.415707
2.748261,79,3652.526733
3.926786,97,3652.66926
3.396296,83,3653.43864
1.882956,309,3653.793604
1.589286,171,3653.947893
1.74,162,3654.115257
1.91,144,3654.283045
3.393125,158,3654.535004
0.859987,209,3654.863756
1.773846,90,3654.964598
1.737273,49,3655.020981
1.594444,37,3655.065663
2.58381,74,3655.171037
5.020032,607,3656.683392
2.596667,203,3656.961388
2.593333,70,3657.058259
3.239655,93,3657.199679
3.344074,284,3657.577808
0.816442,94,3657.691044
2.2275,181,3657.953247
3.078889,87,3658.07705
2.113125,79,3658.172877
1.578571,174,3658.342644
2.325263,74,3658.431486
0.875125,172,3658.66286
1.355908,195,3658.918491
2.691111,50,3659.007881
1.615,53,3659.064803
3.287778,174,3659.275954
2.970676,227,3660.244405
1.845874,420,3660.855015
1.742857,128,3660.998013
2.4925,75,3661.107269
3.052963,101,3661.263316
1.659531,131,3661.420505
2.741739,82,3661.528578
3.179706,415,3662.13462
2.235,178,3662.342277
2.17875,58,3662.415443
2.975714,372,3663.514707
3.485789,393,3664.020169
1.869375,157,3664.207172
0.41689,183,3664.446877
1.7525,69,3664.532315
-0.10705,53,3664.59335
3.265455,300,3665.012182
4.515405,107,3665.177108
4.200476,298,3665.543808
1.5547,72,3665.636017
1.769091,42,3665.679273
2.308571,366,3666.70152
3.294688,221,3667.073353
3.179375,410,3667.685747
0.006178,22,3667.715273
3.394545,64,3667.80021
1.938125,135,3667.989482
3.401852,80,3668.157405
2.894,93,3668.32669
2.97381,74,3668.446547
2.144375,69,3668.560472
2.923333,322,3669.077248
3.145,98,3669.253963
3.955357,81,3669.382299
0.973357,101,3669.549172
3.760938,121,3669.737094
6.041667,227,3671.138113
1.3691,101,3671.301896
0.812906,164,3671.592302
2.730448,446,3672.605419
2.308889,76,3672.812041
9.921802,444,3673.448641
9.265135,360,3673.947144
2.512727,144,3674.231301
2.761304,73,3674.365294
1.396559,44,3674.442869
1.413333,260,3675.739234
2.479524,353,3676.487037
2.043333,301,3677.101101
-5.49843,858,3677.916666
1.691262,580,3679.716459
2.66397,159,3679.974396
3.096667,230,3680.312686
1.890625,99,3680.447392
2.5375,68,3680.535549
-0.255655,15,3680.554014
3.731818,144,3680.789796
3.020097,689,3681.976315
0.295,285,3682.263249
2.15,24,3682.288709
2.695833,146,3683.0403
2.822381,104,3683.172811
2.876123,133,3683.38355
0.523808,62,3683.453212
2.650952,176,3683.705883
1.52,72,3683.792591
2.105,56,3683.864723
2.2325,227,3684.164577
2.294211,139,3684.337169
2.204211,120,3684.474219
2.33,108,3684.599682
2.917619,64,3684.688886
2.550952,155,3684.896886
2.611765,47,3684.96084
4.352105,120,3685.175734
2.411775,195,3685.435016
1.861304,487,3686.528006
2.976667,302,3686.949379
2.169375,61,3687.038492
0.776667,284,3687.316466
1.877692,63,3687.390945
2.0825,239,3687.799785
2.013125,111,3688.06096
4.089688,109,3688.36877
-3.70336,2000,3692.847285
3.84069,394,3693.457248
1.869167,41,3693.536728
2.12,144,3694.064068
1.35345,299,3695.304111
2.602941,50,3695.380741
3.047368,96,3695.519419
1.813333,140,3695.728704
10.787931,616,3696.841643
5.679633,300,3697.462948
3.186207,124,3697.709001
3.782759,242,3698.198085
3.52303,130,3698.518392
2.4125,107,3698.696882
4.050097,297,3700.056467
3.694194,109,3700.311653
2.005882,338,3701.201336
3.303333,106,3701.454842
4.156552,147,3701.795147
2.106957,374,3702.564009
4.04125,191,3703.020199
3.153929,93,3703.201082
2.47,153,3703.468954
3.103448,172,3703.732831
1.531365,232,3705.075993
2.588333,87,3705.268679
2.110909,35,3705.319303
2.70913,97,3705.468473
2.388054,88,3705.618353
8.481579,786,3706.713679
3.023478,95,3706.908784
1.581875,249,3707.328799
4.488378,127,3707.608206
5.004286,137,3707.987305
4.451892,154,3708.342269
2.431579,64,3709.592273
2.25,240,3709.945625
3.560294,163,3710.234745
4.063889,386,3710.963582
2.19125,54,3711.048183
3.569063,295,3711.784873
-0.234514,93,3711.931282
0.353284,82,3712.079711
3.045,154,3712.440371
3.894516,177,3712.842632
2.845,58,3712.947468
2.286667,84,3713.116078
1.981429,327,3714.58715
2.150625,67,3714.719074
1.860714,95,3714.890308
3.867879,107,3715.135385
2.787619,85,3715.257101
1.8475,164,3715.481858
2.4925,75,3715.611299
3.96,102,3715.788414
4.06375,173,3716.07692
1.082024,126,3716.206558
2.545714,90,3716.320249
1.066667,492,3716.883668
2.1275,221,3717.194947
2.717826,93,3717.329699
0.618189,221,3718.418107
4.599459,104,3718.616789
2.565714,111,3718.759502
4.58814,208,3719.199976
3.036667,266,3719.584142
2.964828,438,3720.193892
3.961667,83,3720.327608
0.656463,119,3720.459619
1.867857,93,3720.574812
2.003571,55,3720.659216
3.067778,93,3720.810997
3.179063,295,3721.207477
2.028571,48,3721.974236
3.125357,109,3722.111069
0.396094,183,3722.312237
2.28881,426,3722.845032
5.12375,245,3723.285802
-0.084568,11,3723.302756
1.585385,139,3723.483193
2.772917,109,3723.684256
1.85,129,3723.826785
0.627068,149,3724.027647
4.201034,156,3724.245656
-3.72158,2000,3726.785983
1.931538,49,3726.848924
3.485556,78,3726.944064
3.886071,75,3727.038508
4.135625,886,3729.000936
0.764537,183,3729.229931
3.432424,137,3729.439695
-0.425489,191,3729.624594
4.82,128,3729.873015
3.710938,153,3730.102326
2.595714,69,3730.194961
2.567143,81,3730.301714
2.562381,83,3730.47111
0.406752,115,3730.743883
1.54,120,3730.87699
2.4425,95,3731.00932
0.73509,152,3731.832418
5.218824,779,3732.713504
0.084325,54,3732.788517
2.480909,158,3732.999313
2.003333,186,3733.212674
3.155938,521,3733.952791
3.553333,110,3734.125631
1.604545,76,3734.210249
3.122222,244,3735.17065
2.675714,316,3735.53946
3.172,109,3735.691909
2.04,72,3735.790928
2.15,24,3735.837189
2.995238,65,3735.924392
2.67,325,3736.349008
3.189474,42,3736.410594
0.906855,140,3736.57518
2.855714,90,3736.686718
0.122925,20,3736.71084
0.104476,50,3736.761977
3.362188,197,3737.061025
2.123684,181,3737.249065
2.495,74,3737.339056
1.514545,98,3737.44429
0.638693,142,3738.271459
2.237895,320,3738.755725
-0.149412,47,3738.823421
0.881538,322,3739.204759
2.2,192,3739.436664
3.123571,110,3739.597293
2.242304,100,3739.728082
3.777647,283,3740.048938
2.915238,65,3740.136089
3.615,105,3740.290728
2.505238,107,3740.45094
3.778125,110,3740.625106
2.504211,158,3740.837453
-0.112459,60,3741.483027
1.560833,115,3741.595225
2.878,101,3741.716529
1.069091,196,3741.918003
1.835385,74,3742.006847
2.909086,153,3742.250157
1.116667,325,3742.675491
0.689694,53,3742.740056
4.018372,698,3743.936115
2.660455,79,3744.048371
2.125625,75,3744.138072
-5.012935,2000,3746.290254
2.133684,200,3746.492573
1.69,38,3747.170785
0.298693,62,3747.241996
-0.166114,10,3747.254046
1.586299,139,3747.418125
3.180568,217,3747.759726
1.689444,299,3748.128342
3.994516,115,3748.350018
4.066347,172,3748.759893
2.150625,67,3748.837763
2.808333,92,3748.955411
3.937949,142,3749.176105
3.426429,114,3749.35631
4.329091,159,3749.600765
18.491429,946,3751.383333
0.467948,103,3751.633607
1.79125,182,3751.826281
2.234118,70,3751.92
1.66625,222,3752.159173
1.982143,61,3752.228499
1.893333,116,3752.356165
3.24697,431,3752.951637
2.295,120,3753.115848
2.761739,220,3754.10229
3.048,126,3754.253438
3.425278,385,3754.753978
2.5,72,3754.845579
2.25125,134,3755.020861
2.88,100,3755.164859
3.261667,131,3755.369657
25.046,1177,3757.53687
2.898529,613,3758.378974
2.58381,74,3758.477519
0.794627,131,3758.658892
0.598203,34,3758.713673
3.633824,113,3758.903777
1.9475,132,3759.058742
3.758611,145,3759.28756
1.934537,162,3759.484944
2.393333,154,3759.689685
3.294517,185,3759.965879
3.025152,452,3761.140721
2.635455,90,3761.257498
1.538889,47,3761.31526
2.646087,126,3761.507609
1.656111,311,3761.839667
2.067222,163,3762.054376
2.342222,64,3762.128798
1.252323,96,3762.256492
2.113333,50,3762.313458
4.342895,127,3762.504898
2.878408,282,3762.855607
1.52796,99,3762.991032
45.387065,2000,3766.011312
2.455909,169,3766.329732
2.836695,387,3767.66367
3.084348,67,3767.756136
1.232727,160,3767.919856
2.602609,146,3768.152672
3.461389,359,3769.254024
0.843839,86,3769.422102
3.13375,324,3769.966753
2.1475,68,3770.054003
2.43619,136,3770.288269
3.833056,437,3771.29142
2.929524,59,3771.395209
3.433611,379,3772.892759
2.739565,83,3772.998932
2.876,102,3773.161076
1.583333,39,3773.198393
2.866,107,3773.33322
2.49,76,3773.427582
2.197619,232,3773.70817
3.123571,110,3773.875248
2.003571,55,3773.960778
1.838125,215,3774.193771
2.453646,101,3774.328629
2.421579,64,3774.422211
1.692857,142,3774.563562
1.605556,35,3774.599375
2.01,81,3774.688744
2.689565,106,3774.809293
2.33,112,3774.937323
3.237931,94,3775.768663
1.311111,88,3775.854941
5.950791,947,3776.965177
3.849211,145,3777.214598
3.668684,343,3777.732906
1.8275,51,3777.798414
3.863333,110,3778.001231
2.71,188,3778.244324
0.941577,205,3779.108732
2.2,188,3779.32384
2.556957,167,3779.530622
1.271998,137,3779.701892
4.447838,157,3779.972193
-0.088292,21,3779.999463
3.308333,103,3780.143737
1.58,289,3780.421883
2.075625,91,3780.531972
2.680909,70,3780.624242
1.943333,101,3780.760696
2.542718,387,3781.266269
0.310475,214,3781.504902
2.160526,167,3782.22842
4.8325,118,3782.423045
0.633855,157,3782.655125
4.078421,328,3783.19019
2.676364,72,3783.285801
2.025,49,3783.34817
3.059286,146,3783.625393
0.786979,50,3783.675458
2.225,182,3783.876567
3.526207,240,3784.235728
0.224815,60,3784.309415
2.994737,116,3784.454721
1.272222,95,3784.547614
1.8275,51,3784.609319
-0.205043,69,3784.681203
1.883333,119,3784.842858
3.655128,425,3786.070097
-0.041855,90,3786.186648
1.750909,46,3786.238144
2.998571,180,3786.466092
1.928571,76,3786.557112
4.516667,88,3786.719269
3.551379,92,3786.855474
3.044,258,3787.190893
2.565,121,3787.37803
1.400625,307,3787.757994
1.705558,182,3788.038727
0.755,225,3788.252326
3.141379,150,3790.05211
3.419286,118,3790.338739
2.006667,82,3790.7134
3.198276,117,3791.036405
3.794722,119,3791.610721
1.3975,135,3791.904087
2.49,240,3792.348484
2.487143,312,3792.908918
1.359286,325,3793.336211
2.12,33,3793.376019
2.245882,66,3793.460546
1.755455,45,3793.525733
-0.507943,202,3793.749893
2.673684,124,3793.946206
2.662727,78,3794.800749
-0.102192,17,3794.831588
5.374669,378,3795.530322
3.052963,101,3795.726145
2.461071,481,3796.408393
2.272353,57,3796.479818
2.243333,217,3796.785282
4.045625,86,3796.923861
1.141818,180,3797.09741
1.936667,103,3797.209764
42.481386,2000,3799.914382
3.104211,44,3799.992159
1.950312,142,3800.121503
3.97069,75,3800.207945
-3.543145,1371,3802.2615
1.40156,217,3802.574797
2.194375,53,3802.645429
1.450313,1139,3804.862829
3.148182,318,3805.320524
2.009375,61,3805.401218
3.315,99,3805.556087
2.214762,229,3805.835299
3.466563,111,3806.058611
0.802078,68,3806.158504
3.296667,110,3806.332241
0.336855,72,3806.407713
0.416223,160,3806.628851
1.680714,179,3806.817045
1.21142,52,3806.885206
1.325,111,3807.647047
22.953786,1135,3809.071508
2.148889,130,3809.193512
-0.358875,160,3809.339356
3.077037,88,3809.466068
-0.120139,46,3809.507159
2.55913,166,3809.714766
0.559773,83,3809.805581
1.478435,161,3810.004541
-0.980765,194,3810.830102
2.784545,306,3811.2164
2.025,49,3811.276098
-1.373503,304,3811.60986
2.137391,360,3811.99948
3.12,135,3812.198428
2.166471,93,3812.30987
-0.716509,370,3812.857069
1.6425,415,3814.017914
1.778182,40,3814.056985
2.208333,34,3814.087156
3.898108,327,3814.550204
2.085,88,3814.685827
1.157143,292,3815.124762
-0.101277,80,3815.235986
2.371905,163,3815.687132
2.342857,171,3815.873757
2.809511,302,3816.355837
4.713738,436,3817.64713
7.147438,422,3818.328971
2.656471,59,3818.423973
1.627273,71,3818.518376
3.14,64,3818.625963
2.825385,174,3818.927795
3.238333,97,3819.073505
4.296061,128,3819.266283
-1.967377,1459,3821.80925
2.76,57,3821.913981
2.58619,73,3822.00394
2.125,54,3822.057193
1.42,92,3822.153911
0.093707,87,3822.246155
0.786757,222,3822.543277
2.557619,85,3822.693801
3.401852,80,3822.853751
4.295526,163,3823.150261
2.678636,71,3823.272969
1.59,207,3823.52837
2.367273,208,3823.854426
0.209498,477,3825.015842
0.574792,69,3825.083225
2.562381,83,3825.177274
4.52375,117,3825.426607
1.627778,31,3825.458798
4.023077,138,3825.753426
1.981176,156,3826.129504
1.689913,361,3826.760617
0.908701,121,3826.910242
2.142222,136,3827.091585
1.437623,164,3827.363367
3.88,96,3827.625647
1.945,49,3827.775391
2.906842,100,3827.946898
-0.898333,686,3830.251271
5.447317,329,3830.85566
2.358182,212,3831.170802
0.608294,182,3831.642089
-0.226763,67,3831.779934
0.38,300,3832.194761
1.800625,179,3832.501746
3.703818,245,3833.773068
0.253387,44,3834.022897
2.797059,205,3834.359671
2.426316,66,3834.494189
2.523125,47,3834.569465
2.14125,70,3834.669909
1.66,66,3834.766214
47.920308,2000,3838.842835
2.51,1054,3840.337586
2.160769,70,3840.429455
0.880031,44,3840.500218
2.474286,120,3840.658791
2.643913,127,3840.865122
2.974,333,3841.876319
-3.694407,1535,3843.68869
2.072308,210,3843.92948
1.334118,682,3845.386165
3.787778,124,3845.602844
3.104211,44,3845.659468
1.675455,45,3845.711422
2.195556,88,3845.820319
3.216667,110,3845.996648
1.497506,896,3847.265487
1.26,124,3847.40418
0.279119,279,3848.382959
3.602895,393,3848.988276
2.808333,92,3849.12964
2.172778,125,3849.284292
0.33402,47,3849.336036
2.571905,79,3849.436852
2.518349,234,3849.74251
2.905,345,3850.156132
1.529048,517,3851.457686
2.934074,122,3851.62316
1.331111,70,3851.702623
1.916154,53,3851.781898
3.633824,113,3851.988026
2.014286,52,3852.050922
2.619545,97,3852.183055
4.411795,139,3852.441875
1.8425,335,3852.938213
2.696087,103,3853.072086
0.30794,60,3853.159984
1.089185,271,3853.504256
3.830526,220,3854.017955
2.987857,186,3854.315145
3.79375,100,3854.468933
3.882917,61,3854.53548
2.842632,56,3855.193483
1.553571,181,3855.424133
2.678636,71,3855.533576
2.464643,479,3856.33238
3.568621,82,3856.468993
2.6,48,3856.532809
2.51375,50,3856.59313
2.032143,47,3856.676274
2.124545,32,3856.728367
3.595152,287,3857.273251
1.835714,384,3857.82683
3.152143,94,3857.980226
2.975714,148,3858.264163
1.831667,50,3858.345427
3.087857,130,3859.536721
1.946923,45,3859.628446
3.785882,336,3860.426874
3.205172,113,3860.637844
0.880714,120,3860.895092
1.6775,87,3861.028994
1.088996,74,3861.150923
0.801496,294,3861.548904
0.549603,61,3861.620089
1.871429,92,3861.752834
2.84619,94,3861.925636
2.923099,250,3862.472773
1.443684,485,3864.283513
2.14125,70,3864.380569
2.417143,144,3864.614281
3.982143,66,3864.785208
3.724839,90,3865.002871
1.239512,39,3865.060971
1.023889,535,3865.781421
3.923636,123,3866.023879
1.736054,409,3866.695655
0.284629,55,3866.7619
3.15,198,3867.042408
3.066957,75,3867.168701
3.586765,145,3867.525331
2.154167,406,3869.518131
2.495,74,3869.659441
2.356111,59,3869.776091
3.644118,106,3870.028178
-0.181301,116,3870.185736
2.1725,60,3870.287994
2.185455,288,3870.674778
0.288646,65,3870.778284
3.103333,226,3871.289734
2.202632,151,3871.533331
2.096667,55,3871.616222
0.592655,213,3871.908085
4.0325,198,3872.340437
2.433291,314,3873.413448
1.731492,100,3873.540221
1.661538,231,3874.065815
2.916,82,3874.195646
3.407407,77,3874.340398
3.651563,191,3874.620933
2.416818,151,3874.808969
2.713478,95,3874.938715
2.609375,45,3874.987762
2.36875,122,3875.127066
1.36,88,3875.208845
2.626364,94,3875.321334
0.872323,138,3875.50353
3.365385,651,3877.139269
1.398333,154,3877.301487
1.519375,269,3877.592005
4.961364,193,3877.859567
3.8,96,3878.00745
2.738182,260,3878.299786
2.293684,86,3878.431862
2.906,87,3878.543813
1.982143,61,3878.610494
1.66,44,3878.656203
2.876667,362,3879.124973
5.085714,80,3879.259869
1.699386,365,3880.544461
2.505,70,3880.632357
0.707449,730,3881.354544
3.231212,316,3881.784186
2.704783,99,3881.922102
2.335455,222,3882.190285
3.178438,289,3882.683395
2.384091,271,3883.618818
3.288333,115,3883.808005
3.145,98,3883.958075
2.585217,154,3884.171224
2.510625,51,3884.234092
2.8325,63,3884.319277
3.520345,110,3884.475895
1.070562,119,3884.695968
2.665,77,3884.815359
1.796667,145,3884.968428
1.628235,344,3885.489212
3.336667,352,3886.139498
2.28125,150,3886.355095
0.392986,243,3887.637121
2.415789,70,3887.723014
2.19125,54,3887.796941
3.946667,92,3888.001659
2.5325,44,3888.127142
2.038125,103,3888.328828
1.685833,85,3888.5085
1.210692,81,3888.79631
2.824483,328,3889.476589
3.616176,125,3889.747776
5.682691,360,3890.878646
3.02,276,3891.38485
4.025455,178,3891.733457
2.07,63,3891.818506
2.407234,343,3893.006563
2.646538,267,3893.530448
2.892,94,3893.719536
3.91,48,3893.795008
3.052692,139,3894.100964
2.929524,59,3894.260605
2.722174,91,3894.64288
0.06053,152,3894.931272
2.162941,118,3895.079961
-0.488774,352,3895.623693
2.336667,66,3895.747607
3.470588,224,3896.243357
2.81069,336,3897.592608
3.622059,121,3897.79284
1.876667,121,3897.982402
2.345714,46,3898.039585
2.922,79,3898.152678
2.110909,35,3898.19773
2.43619,136,3898.402542
2.845,375,3898.91795
1.308462,211,3899.131126
3.313333,100,3899.283855
2.923571,222,3899.583313
2.436071,495,3900.891812
2.91,130,3901.114455
4.047941,151,3901.3572
0.400338,125,3901.505001
2.608824,48,3901.590745
2.094706,114,3901.732688
1.824737,401,3902.176983
0.841001,91,3902.29802
3.325,323,3902.804389
3.279937,242,3903.19112
0.042476,48,3903.250298
2.703529,43,3903.30636
2.455927,157,3903.510246
2.1975,52,3903.633732
3.82697,134,3904.511939
3.132121,388,3905.075961
1.213851,131,3905.267488
2.188125,55,3905.33363
0.46486,74,3905.426698
2.706,187,3905.725672
2.736284,503,3906.451151
3.296061,260,3906.844374
0.832856,162,3907.084028
1.592953,101,3907.219856
2.22,108,3907.962559
1.850625,163,3908.148183
2.676,202,3908.430381
3.825455,135,3908.631521
2.578125,55,3908.700035
1.860833,43,3908.752053
0.259393,32,3908.796047
3.036296,110,3908.977626
1.98,90,3909.087419
1.881176,190,3909.267429
2.200625,51,3909.32861
4.509091,93,3909.490205
3.264167,501,3910.253944
0.444158,253,3910.610052
1.778182,40,3910.654046
3.615556,248,3911.644321
2.43,68,3911.734139
1.97,198,3911.972117
2.205807,346,3912.476243
1.717623,148,3912.643946
2.305457,216,3913.095786
2.01,112,3913.232286
2.25,172,3913.446121
0.268288,51,3913.554992
3.128929,107,3913.805704
1.548333,118,3913.935381
2.994231,81,3914.047754
2.688333,51,3914.127553
2.169375,61,3914.228129
1.856667,44,3914.274629
2.982692,87,3914.971322
3.631842,371,3915.557509
3.711935,98,3915.722099
9.934225,892,3917.002391
1.58,210,3917.247868
1.865,42,3917.296103
1.67544,219,3917.524475
2.1975,52,3917.588698
1.943333,101,3917.719291
2.857143,123,3918.453125
4.495455,102,3918.740536
3.948235,110,3918.920101
3.893684,172,3919.203437
2.261667,93,3919.316713
3.967241,77,3919.429127
2.028571,48,3919.500008
0.277434,79,3919.624741
4.4725,158,3919.90526
-0.470867,114,3920.051769
3.588235,144,3920.267413
1.931538,49,3920.324892
1.200008,46,3920.374342
-0.023062,46,3920.429664
1.242216,138,3920.671627
3.401818,210,3920.976169
1.485,280,3921.269249
3.118214,113,3922.066018
3.625943,174,3922.345413
3.426364,50,3922.406185
0.895,197,3922.595288
2.816,92,3922.719382
1.92875,138,3922.88881
2.2375,169,3923.099959
2.877419,417,3923.678819
1.617625,160,3923.909603
1.899091,119,3924.036076
2.141739,358,3924.457663
3.48,81,3924.589809
2.321905,184,3925.45562
2.505,70,3925.540456
0.051365,48,3925.603581
2.19125,54,3925.674545
3.163901,226,3925.983962
3.215,84,3926.098149
0.216004,54,3926.163563
2.525,72,3926.252895
2.4025,79,3926.379016
3.193103,120,3926.542637
2.5075,52,3926.603778
2.257647,62,3926.681448
3.332353,318,3927.158015
1.573248,95,3927.271984
1.194995,169,3927.567016
2.5125,67,3927.743653
1.610179,199,3928.062878
2.754783,76,3928.153294
4.141111,102,3929.018475
2.356111,59,3929.089439
2.692308,238,3929.41177
3.031563,383,3929.930241
2.550476,88,3930.058043
0.858886,218,3930.405757
2.330526,72,3930.491823
0.045135,59,3930.552462
2.642273,87,3930.661359
2.4875,77,3930.77828
3.318333,97,3930.91818
4.063668,183,3931.139872
0.157717,35,3931.180343
3.455625,118,3931.370512
0.480116,86,3931.462329
0.989304,184,3931.675205
2.129091,31,3931.712602
3.191132,609,3933.220682
1.57875,250,3933.514499
3.123182,157,3933.739366
3.837105,215,3934.237774
2.576667,77,3934.328977
2.376316,85,3934.428967
1.548333,118,3934.549537
1.127778,121,3934.670318
2.924762,61,3934.76515
2.691111,50,3934.84118
1.819167,53,3934.900207
2.738947,65,3934.976882
2.617273,98,3935.110801
1.456893,266,3935.978739
3.542727,117,3936.163995
1.921016,117,3936.314289
2.09,57,3936.388485
3.068333,247,3936.737548
1.116577,128,3936.896164
5.12,203,3937.20686
-0.042139,35,3937.240755
2.756957,75,3937.358243
3.739005,333,3937.895453
3.275,123,3938.099702
0.803571,391,3938.500693
4.438718,118,3939.36268
2.648,211,3939.614925
2.2475,173,3939.840986
5.08,176,3940.13166
2.917586,274,3940.578734
2.646818,85,3940.684648
2.3825,119,3940.830331
14.716759,1042,3943.161695
3.405556,78,3943.259882
3.627143,177,3943.558037
3.122581,265,3943.931398
0.554139,94,3944.064632
1.832143,103,3944.175854
2.056667,67,3944.260828
-3.820238,609,3944.758406
4.189259,76,3944.846378
2.698261,102,3944.978476
1.719375,205,3945.183646
1.323668,121,3945.316071
1.369595,203,3946.182523
2.815483,269,3946.555152
3.374074,95,3946.840548
1.35,104,3946.943061
3.828438,129,3947.153858
2.573056,164,3947.388082
3.712778,178,3947.67983
3.358,181,3947.891336
2.22619,220,3948.146916
2.509079,95,3948.31989
3.632813,203,3948.730586
2.918077,287,3949.760898
2.328947,103,3949.887489
2.2875,157,3950.09375
3.135186,458,3950.727768
0.9519,47,3950.779627
2.271818,250,3951.088618
-6.284344,2000,3953.206836
1.635,49,3953.27096
3.863333,110,3953.496019
1.775385,87,3953.583643
1.871111,230,3953.837785
2.6075,228,3954.101948
2.579048,76,3954.208764
1.615554,294,3954.813134
3.501379,121,3955.698025
3.228438,257,3956.094592
1.696667,105,3956.208582
2.235625,139,3956.380056
1.513342,216,3956.600395
3.639706,109,3956.765796
-0.485389,341,3957.191048
0.695,221,3957.411375
2.390952,155,3957.622222
1.975,63,3957.706619
2.448261,217,3957.981657
3.132424,368,3959.160718
2.485455,156,3959.363564
2.76,57,3959.43252
-0.034392,304,3959.879325
1.619498,141,3960.045224
2.515,66,3960.140774
2.909286,230,3960.472021
1.434443,140,3960.670694
2.647917,169,3960.906996
3.22931,99,3961.037149
-0.666324,140,3961.207765
-0.014297,36,3961.2584
2.564706,63,3961.329318
3.175,50,3961.405253
18.613273,1069,3963.067713
3.957143,80,3963.162903
1.554545,87,3963.254891
2.241875,137,3963.398079
1.92,52,3963.464107
2.765263,55,3963.540345
3.304,83,3963.739564
2.467647,96,3963.843206
0.293544,64,3963.90977
0.154521,86,3963.993922
3.053333,442,3965.236581
0.393186,38,3965.275511
-0.075959,14,3965.293926
2.276111,113,3965.414472
2.1625,175,3965.627111
2.898571,236,3965.949542
-0.04461,296,3966.367683
1.224966,95,3966.464344
2.47,84,3966.580753
3.883158,180,3966.89662
2.4825,60,3966.959983
1.494167,131,3967.091103
2.5075,69,3967.177681
2.569444,65,3967.267027
3.674876,606,3968.75174
-0.029239,39,3968.794691
2.8275,65,3968.870319
2.988095,68,3968.952314
1.913125,143,3969.099516
0.539063,76,3969.236497
3.556899,220,3969.463205
2.1475,68,3969.553463
1.97,198,3969.77291
1.930526,224,3970.03669
1.710833,79,3970.122473
0.178027,28,3970.160638
1.598333,106,3970.255106
2.594815,343,3970.713342
2.392273,197,3970.965015
4.388718,157,3971.916722
1.828125,167,3972.080273
1.511111,52,3972.136987
2.545833,218,3972.494973
2.948125,430,3973.122098
1.523333,124,3973.278262
2.629712,182,3973.549224
0.885406,167,3973.871756
0.772462,179,3974.056489
2.505238,107,3974.196163
2.5,72,3974.30527
0.810763,34,3974.347312
4.252368,135,3974.558059
-0.546667,440,3975.77304
1.925,77,3975.854443
2.235,178,3976.028346
2.068095,257,3976.341053
3.772727,117,3976.52502
3.882727,150,3976.760129
1.825625,171,3976.994034
4.315263,148,3977.242162
2.352857,171,3977.447983
2.058054,293,3977.798583
2.36,360,3978.969537
2.792,584,3979.851932
2.940323,578,3980.664674
3.671795,145,3980.888982
2.276842,233,3981.225051
2.026875,129,3981.430135
0.569949,79,3981.609645
3.370938,121,3982.444469
3.711935,346,3983.06503
4.32,216,3983.554673
2.081176,122,3983.701881
1.746429,127,3983.872244
2.185,198,3984.205346
1.670909,46,3984.284069
-0.275758,56,3984.410718
1.838125,167,3984.804089
3.545,119,3985.050315
4.612973,205,3985.387628
4.683682,438,3986.825981
1.458462,172,3986.979166
2.898,91,3987.101794
2.611765,47,3987.161897
1.823182,377,3987.842322
3.9525,262,3988.434094
1.950769,44,3988.501991
3.751667,221,3988.995868
4.345588,105,3989.172208
1.48,80,3989.27373
2.24,68,3989.348948
2.469545,163,3989.53419
-6.611034,2000,3991.606421
2.700952,155,3991.774122
0.153274,575,3993.182542
4.252583,326,3994.018472
2.521905,100,3994.159667
-0.008631,66,3994.264345
1.875,91,3994.402078
3.665625,182,3994.690912
2.12625,174,3994.869182
2.820526,91,3995.049281
2.50125,54,3995.127085
2.022873,290,3995.547342
2.5025,71,3995.637513
2.585,66,3995.743472
1.820625,147,3995.925852
1.322888,53,3996.665579
2.2125,33,3996.70158
2.427352,376,3997.312738
2.88,100,3997.461926
9.919932,662,3998.565741
2.650588,61,3998.64588
1.619412,279,3999.014868
3.715405,588,4000.745124
3.775,112,4000.9498
0.149798,41,4001.02744
1.490008,55,4001.095991
3.244167,70,4001.20421
3.112857,116,4001.374272
1.68,40,4001.422188
3.566774,188,4001.695181
1.815,54,4001.779572
2.937931,268,4002.144193
2.063125,95,4002.253865
3.455625,118,4002.448554
2.024286,136,4002.586883
2.626,222,4002.877891
1.946923,45,4002.934261
3.638235,110,4003.105532
-0.039239,93,4003.19086
2.918462,471,4004.522973
1.875,152,4004.697029
2.126287,383,4005.229314
2.086667,58,4005.297674
2.826302,468,4006.087628
1.438889,65,4006.154624
2.915238,65,4006.233066
1.756875,193,4006.431725
0.996427,160,4006.611785
2.5175,65,4006.692477
2.652609,123,4006.862603
1.054177,177,4007.738555
0.775919,192,4007.962973
2.968966,250,4008.314897
0.440784,47,4008.370413
4.063784,382,4009.061021
2.5075,69,4009.140747
2.995238,65,4009.226707
1.933889,211,4009.483641
2.615625,43,4009.543245
0.78421,55,4009.630097
2.260588,61,4009.711607
-0.153732,7,4009.720874
1.825625,171,4009.954296
3.083333,238,4010.273327
2.435714,132,4010.448428
2.39,198,4011.313769
1.832143,103,4011.43721
0.229404,109,4011.571917
1.796923,84,4011.666049
0.18039,39,4011.742462
1.622222,32,4011.783433
2.906,87,4011.903188
1.709286,157,4012.090924
3.1275,173,4012.329522
2.303333,78,4012.424642
2.884828,293,4012.940434
2.26,168,4013.14051
3.632353,114,4013.345128
0.473527,32,4013.391431
0.855843,203,4013.623754
3.776667,132,4013.854676
2.314762,187,4014.750066
6.056071,439,4015.328555
6.2375,370,4015.991037
3.28,112,4016.15885
3.812222,69,4016.256982
3.103342,199,4016.536555
3.607368,286,4016.823852
2.133611,144,4017.026591
4.357353,97,4017.17912
2.194375,53,4017.2483
2.241365,372,4018.345423
4.439394,139,4018.592178
-0.301277,116,4018.704023
1.791818,37,4018.752195
1.715,78,4018.850656
2.850588,142,4019.095952
1.545015,136,4019.33526
2.906,87,4019.478292
2.1725,60,4019.549659
0.108182,183,4019.799351
1.538889,47,4019.844873
2.746,167,4020.062503
2.181111,122,4020.207707
3.41,198,4020.492487
2.394054,240,4020.818961
3.976667,122,4021.576061
2.249091,260,4021.852816
3.717143,114,4022.038455
2.930952,197,4022.292267
4.358684,115,4022.493149
1.694167,83,4022.601667
2.087059,120,4022.753539
1.864286,94,4022.861482
2.515,66,4022.942667
2.667273,76,4023.041792
1.770295,178,4023.290806
2.82,68,4023.378283
2.336774,97,4023.49755
2.06,96,4023.679167
2.45125,70,4023.762199
2.55963,362,4024.237609
1.86625,158,4024.963931
2.624118,70,4025.052679
3.140032,233,4025.297839
3.805758,148,4025.518129
3.462143,94,4025.708243
2.988182,102,4025.837715
3.59,305,4026.246584
3.588235,144,4026.477749
0.515778,210,4026.712404
1.992857,58,4026.786022
2.912,79,4026.904145
1.052112,58,4026.977265
3.619118,123,4027.184346
2.75,165,4027.423258
2.278636,247,4028.314843
2.9,90,4028.4421
2.467143,123,4028.611092
3.785789,254,4029.015207
1.803333,143,4029.179103
1.976316,237,4029.468375
2.824138,334,4029.904057
1.766154,92,4030.001322
3.400938,153,4030.220914
2.505,70,4030.313603
0.254511,30,4030.372414
2.52,64,4030.546772
2.916,82,4030.653518
2.0,56,4030.715024
2.384211,82,4030.819299
3.778125,110,4031.591814
0.283543,25,4031.619294
3.847166,482,4032.436428
1.371373,182,4032.633289
2.7275,237,4032.933888
1.027272,155,4033.086091
-0.11204,98,4033.207315
-0.050676,51,4033.260528
2.48,295,4033.640384
2.345,63,4033.724488
-0.088868,23,4033.759932
3.06931,186,4034.022608
2.1225,76,4034.123733
2.112037,152,4034.293121
4.314286,340,4035.340636
2.746087,80,4035.464374
2.801775,525,4036.112635
0.129733,56,4036.169433
3.636765,111,4036.333746
2.5025,71,4036.432571
2.017857,51,4036.511107
4.82875,121,4036.712924
2.537931,500,4037.377753
1.713333,170,4037.556475
2.4,76,4038.208241
2.805,74,4038.2947
2.9075,231,4038.636772
2.217368,172,4038.856037
3.0175,313,4039.21302
1.83832,106,4039.35011
1.950769,44,4039.406746
2.05,69,4039.505161
3.767188,117,4039.690526
3.860303,112,4039.865109
2.567143,81,4039.963145
2.175625,59,4040.048072
5.394194,450,4040.671714
1.938125,135,4040.813442
2.635584,211,4041.754893
3.436875,130,4041.976357
2.76,57,4042.057513
2.530791,259,4042.366514
3.419541,255,4042.817937
2.578125,55,4042.887721
7.794167,347,4043.246886
2.331111,68,4043.336446
2.669545,75,4043.591511
0.285924,24,4043.623403
1.996429,57,4043.68607
3.075455,530,4044.296873
0.540191,61,4045.050095
3.226667,194,4045.315756
-0.333834,97,4045.401044
-0.305917,120,4045.543586
3.937273,114,4045.716842
4.368,236,4046.040649
2.611765,47,4046.099385
46.20539,2000,4048.957366
1.137273,181,4049.121773
2.669545,75,4049.212227
2.85,56,4049.284135
3.902564,232,4049.674943
3.148571,96,4049.814421
1.719167,77,4049.898468
3.00518,256,4050.304602
3.24,75,4050.406298
2.7875,102,4050.534106
2.296667,329,4051.711739
3.68875,337,4052.307617
3.32,96,4052.475833
4.036667,418,4053.05452
1.788291,196,4053.269113
3.474706,330,4053.836497
2.0225,108,4053.952735
2.81875,87,4054.05769
4.166216,247,4055.038081
3.92,152,4055.297872
1.806667,142,4055.475213
1.596667,205,4055.705647
3.137957,333,4056.187505
2.814583,89,4056.307846
3.64,90,4056.453493
1.953333,98,4056.632621
2.761304,73,4056.734219
3.76875,116,4056.917655
3.960345,81,4057.044356
2.355238,170,4057.259722
1.842105,288,4057.582063
0.738707,227,4058.462411
3.44,128,4058.647618
0.133575,46,4058.717048
2.986538,85,4058.843612
1.648333,94,4058.97018
2.0,56,4059.045154
0.214214,59,4059.121254
2.251765,64,4059.191084
-0.065202,35,4059.223528
1.994375,117,4059.356318
2.025625,107,4059.493786
2.078333,159,4059.68234
2.84619,94,4059.805163
2.655909,81,4059.923565
3.474375,106,4060.09123
4.045129,191,4060.386865
2.006667,82,4060.5717
1.278182,150,4060.700186
2.916,82,4060.801329
2.558291,80,4060.905052
1.755455,45,4060.948754
2.272308,41,4060.990045
4.075294,248,4061.89816
4.15037,97,4062.042164
3.679677,118,4062.223694
0.693191,80,4062.331054
1.96,128,4062.483904
4.49875,137,4062.734981
2.104762,271,4063.060418
5.065714,94,4063.228669
4.10625,139,4063.488652
-0.956568,149,4063.639273
3.310909,468,4064.305155
1.876667,121,4064.447099
3.165,54,4064.510816
3.222414,103,4065.351767
1.287866,89,4065.489364
2.83,528,4066.245043
2.978846,89,4066.364725
1.88,187,4066.587263
2.653043,86,4066.706316
3.953103,236,4067.071597
1.860833,43,4067.121676
2.5025,71,4067.202535
3.598529,137,4067.39696
0.302574,53,4067.458377
0.188845,13,4067.473726
2.667273,76,4067.576072
0.080008,35,4067.612403
3.164815,208,4067.89258
2.932029,399,4069.140766
1.743077,98,4069.255959
-0.243986,99,4069.343235
2.753291,66,4069.431427
3.114643,115,4069.615382
2.495714,111,4069.752857
-0.4977,118,4069.871518
2.140191,42,4069.946925
1.36,104,4070.05818
2.041217,211,4070.362644
0.076261,82,4070.465545
3.807201,280,4070.84376
2.101765,115,4070.976158
2.399474,194,4071.215676
1.392732,216,4072.033435
2.069053,181,4072.234897
4.516667,88,4072.356215
3.15,198,4072.789382
3.666667,308,4073.223192
3.30069,278,4073.608687
2.128333,141,4073.789599
0.326725,106,4073.90744
4.361053,478,4074.63586
3.576818,239,4075.534922
3.914359,215,4075.897543
17.9116,977,4077.067208
0.821423,87,4077.161862
0.908706,134,4077.322988
31.23805,1393,4079.904808
1.558343,371,4080.385412
2.225587,143,4080.632413
5.092308,552,4081.513548
2.81,95,4081.662084
1.66,42,4081.721508
-0.187396,18,4081.741269
2.5075,189,4082.571353
3.495997,339,4083.161261
3.936471,118,4083.36868
1.461111,61,4083.435174
1.271373,166,4083.724628
1.861407,151,4083.926555
1.968291,128,4084.072062
5.55,406,4084.545598
1.825,168,4084.740674
-0.05956,81,4084.826201
4.131667,215,4085.188803
3.134286,104,4085.90597
1.643538,230,4086.136275
3.668333,210,4086.494504
4.795,148,4086.773711
2.548095,89,4086.885236
3.341471,305,4087.359038
3.118333,217,4087.680779
4.372059,87,4087.824333
9.980455,695,4088.692231
19.974443,829,4090.235511
3.475758,247,4090.673675
1.66625,222,4090.898983
2.871765,115,4091.045169
1.014632,215,4091.26949
2.225294,73,4091.345467
1.746226,186,4091.600371
2.674444,56,4091.666371
2.946897,257,4092.779888
2.600435,147,4092.948433
1.831667,50,4093.009876
1.652143,173,4093.178512
3.394688,157,4093.44553
0.53296,64,4093.527145
3.786389,125,4093.742099
2.82,68,4093.845746
2.945455,90,4093.965346
3.47,205,4094.223505
3.189474,42,4094.290245
0.035869,103,4094.417794
1.172942,215,4094.658066
2.570917,122,4094.891257
3.728125,142,4095.104288
2.17875,58,4095.183073
-0.075542,49,4095.246813
1.660588,265,4096.061362
3.098333,229,4096.343796
2.651364,83,4096.458085
-0.089403,47,4096.506983
2.019375,109,4096.624943
0.005608,62,4096.680537
2.765263,55,4096.752078
0.042032,16,4096.770397
2.563671,153,4097.013509
3.923947,149,4097.252504
2.319524,185,4097.492366
4.591351,110,4097.66465
1.588889,38,4097.702645
1.84586,97,4097.799547
3.426667,187,4098.06123
1.9775,249,4098.366409
-0.02135,40,4098.421561
0.180008,53,4098.473943
1.306373,206,4099.446784
-0.091277,53,4099.505323
3.414561,221,4099.862463
1.59,108,4100.008372
2.422353,278,4100.378815
2.251765,64,4100.475917
1.974545,65,4100.546414
1.809371,187,4100.802377
1.075655,248,4101.147186
-0.452946,445,4101.637096
4.327941,117,4101.815365
2.958077,105,4101.946085
3.226,82,4102.584928
2.315385,113,4102.720684
1.649893,60,4102.80961
0.08764,29,4102.855951
3.553939,103,4103.01379
-0.318442,79,4103.133424
3.242727,315,4103.589466
0.72296,168,4103.864669
2.227647,181,4104.071175
1.605556,35,4104.112174
2.032143,47,4104.166243
0.302942,60,4104.241481
2.618462,315,4104.685964
4.625263,224,4105.063169
2.010102,313,4106.171951
4.462703,146,4106.418133
2.028571,48,4106.475945
1.881111,230,4106.752759
2.653043,86,4106.884722
4.224865,322,4107.387944
2.94,276,4107.918838
1.51,74,4108.000385
4.451515,131,4108.204636
3.526786,97,4108.338292
0.410708,124,4108.470061
-0.79,612,4110.003791
3.345,346,4110.475356
1.8275,51,4110.542646
3.231111,129,4110.727013
1.985714,60,4110.803044
2.303636,236,4111.097385
4.212857,243,4111.601709
-0.159239,42,4111.658872
2.322381,209,4111.940696
3.008485,628,4113.505067
1.550625,259,4113.904959
2.778,151,4114.071901
0.737454,152,4114.285025
2.73125,129,4114.473249
1.971579,235,4114.735231
4.36875,177,4115.074554
3.038148,109,4115.251804
2.754737,59,4115.328524
3.377778,93,4115.445935
1.199337,54,4115.500179
4.744211,316,4116.002848
3.784483,241,4116.347791
2.287842,185,4117.259021
2.481429,117,4117.433084
3.139643,101,4117.581251
2.5025,71,4117.678903
1.244754,155,4117.918315
11.651579,1192,4119.806252
2.633684,105,4119.942337
2.53125,225,4120.931619
4.74397,391,4121.427328
2.475,88,4121.557421
2.08,64,4121.640218
1.1885,64,4121.725779
2.093333,56,4121.790395
-1.260276,835,4122.568939
0.716868,177,4122.86322
3.16,115,4123.000155
2.951667,221,4123.939549
0.0459,37,4123.975039
4.813761,372,4124.423118
2.144116,338,4124.836334
3.963793,79,4124.946611
0.919091,229,4125.19086
6.505325,347,4125.517376
3.181579,45,4125.568587
2.632,219,4125.80698
1.714545,54,4125.858223
1.660833,91,4125.949347
2.75,64,4126.036488
2.166471,93,4126.17294
2.223707,118,4126.973855
3.875263,186,4127.274143
1.7225,204,4127.475748
6.729817,711,4128.666894
1.766316,313,4129.039115
2.396087,241,4129.345605
3.202,179,4129.603685
3.67,128,4130.401212
0.93885,171,4130.593578
2.594737,116,4130.739983
0.865,187,4130.939365
1.233333,102,4131.042229
2.567143,81,4131.145647
45.811952,2000,4133.896895
2.46381,221,4134.162304
0.375663,95,4134.283793
3.885658,311,4134.738119
2.914074,176,4134.974078
2.06625,94,4135.078392
2.095714,279,4135.408955
2.17875,58,4135.482296
9.819437,589,4136.724329
2.850526,53,4136.784922
1.744375,197,4137.002034
3.9,112,4137.149202
3.521579,394,4137.774493
1.705455,56,4137.829761
3.247143,443,4138.448869
2.463913,173,4138.691782
3.688824,402,4139.899136
2.096667,55,4139.971925
2.175,42,4140.02111
2.102381,272,4140.375318
3.872424,104,4140.537691
1.724286,178,4140.847182
3.694194,109,4141.028627
2.073333,62,4141.156986
1.924746,44,4141.230285
1.167956,291,4141.594504
3.993704,133,4141.7861
3.216667,158,4142.076908
1.145746,364,4142.51553
3.283438,273,4143.719818
1.371875,393,4144.120399
2.4975,73,4144.208638
1.897778,224,4144.459758
2.34,136,4144.632606
3.225,153,4144.836906
1.485714,200,4145.0342
4.124194,140,4145.24302
3.232,79,4145.368012
1.507857,191,4145.793819
2.26645,186,4146.105198
3.831622,502,4147.545033
3.591818,276,4147.978144
1.923846,51,4148.038696
2.082381,251,4148.337479
-0.029992,128,4148.472142
1.996429,57,4148.559058
2.700588,44,4148.613732
2.52,48,4148.671389
1.794375,181,4148.860834
0.017414,17,4148.881297
0.994915,79,4149.009453
2.4325,67,4149.096055
2.669928,163,4149.312819
1.583333,39,4149.357035
4.682326,127,4149.607644
3.641667,89,4150.404447
1.707143,138,4150.612001
2.9,130,4150.79414
2.590952,71,4150.879545
3.388889,87,4150.989228
1.267496,137,4151.205081
2.577391,84,4151.322411
2.237059,69,4151.420965
2.06,66,4151.503708
0.780026,117,4151.668748
2.515,66,4151.881508
2.743913,81,4151.997635
3.321429,212,4152.277955
2.894,93,4152.405009
1.491716,301,4152.776645
4.648605,156,4153.039436
2.666248,63,4153.13229
-0.003461,66,4153.203179
2.115652,370,4154.334865
3.068571,96,4154.481961
2.1475,68,4154.572348
2.333889,67,4154.660167
1.415,93,4154.752998
2.715263,74,4154.84939
5.270625,230,4155.220114
3.29,114,4155.380488
-0.059777,57,4155.439981
2.904118,223,4155.715462
1.8475,164,4155.882472
2.445,122,4156.048021
2.990385,83,4156.179835
2.197529,174,4156.403057
2.015,266,4157.314957
1.335,109,4157.422785
1.453939,123,4157.575388
2.816998,354,4158.054258
1.578174,302,4158.473166
2.374286,38,4158.517272
-0.123246,28,4158.555786
-2.309791,1047,4159.452872
1.705,35,4160.083626
2.557619,85,4160.188441
-0.146002,49,4160.248734
3.542068,413,4160.925384
2.292857,192,4161.139855
2.33,204,4161.37295
2.172778,125,4161.553631
2.517143,102,4161.683634
1.705791,233,4161.941807
1.396277,129,4162.167622
1.981579,235,4162.422271
2.898571,72,4162.524757
3.581538,537,4164.085515
2.086667,58,4164.15802
3.054211,63,4164.240646
3.723333,516,4165.027131
2.129857,156,4165.282125
2.567692,308,4165.655491
2.581429,75,4165.762749
1.873846,64,4165.835968
2.950357,207,4166.111645
1.572222,41,4166.173581
44.839145,2000,4168.934626
-0.320646,198,4169.116889
2.671818,74,4169.791431
3.22125,81,4169.909074
2.075294,124,4170.058454
2.989422,108,4170.23178
3.586364,135,4170.407315
-0.054525,88,4170.487984
3.098571,124,4170.656224
2.717826,93,4170.781083
2.545714,90,4170.913561
1.394444,73,4171.096535
3.668,266,4171.529035
1.127206,253,4171.832588
4.706807,294,4172.365846
3.623333,100,4172.528979
3.450938,121,4172.706107
1.589882,93,4173.521153
0.775897,167,4173.819354
1.997059,171,4174.006403
3.40875,148,4174.212689
2.34,136,4174.375124
1.664286,150,4174.566545
2.140714,151,4174.737089
1.492856,147,4174.971416
2.09,57,4175.0502
3.064737,59,4175.138222
1.912308,54,4175.205848
1.939887,228,4175.503284
1.7,36,4175.541987
2.234118,70,4175.621372
3.066957,75,4175.724171
0.675008,91,4175.842426
2.884,98,4175.979932
1.989286,59,4176.055164
0.643935,180,4176.968402
3.544242,116,4177.135698
3.877647,158,4177.393873
0.599627,98,4177.612854
2.132392,397,4178.168462
3.133529,213,4178.390834
0.246882,117,4178.521522
5.80983,703,4179.473616
1.026373,270,4180.417012
4.519697,86,4180.624564
5.567235,324,4181.014152
2.367778,170,4181.200852
0.87917,130,4181.373452
3.234,78,4181.467962
-0.000655,4,4181.473641
1.746667,160,4181.62533
4.519375,186,4181.92629
0.882783,176,4182.133429
3.093684,48,4182.186905
2.880625,243,4182.425882
1.925625,139,4182.598012
0.13289,45,4182.645126
0.962416,86,4182.744909
2.603529,77,4182.826338
2.039286,45,4183.430749
2.608333,188,4183.641955
4.835,116,4183.819697
1.168939,341,4184.26272
1.05694,139,4184.418967
2.028571,48,4184.475536
2.633333,176,4184.711359
0.707142,201,4184.994194
4.28,392,4185.558209
1.793333,146,4185.712828
3.899583,53,4185.781333
4.194595,115,4185.965042
3.474545,162,4186.842999
2.163125,63,4186.918523
2.32,72,4187.00658
1.881538,62,4187.077486
3.4225,387,4187.759889
2.331111,68,4187.857482
2.1775,201,4188.072913
2.158125,87,4188.172147
3.269118,361,4188.786253
3.15375,387,4189.249759
2.5075,52,4189.31666
2.47,265,4190.38559
1.495882,321,4190.702426
3.713548,97,4190.850696
3.236207,95,4191.003678
2.926207,269,4191.416451
1.695,37,4191.460786
3.430625,134,4191.65482
4.301471,135,4191.879393
2.29086,196,4192.100136
4.515152,89,4192.227446
2.52,240,4192.539895
2.005075,155,4192.729877
2.630909,92,4192.872177
2.210588,78,4193.112371
2.584,328,4194.068333
0.289139,54,4194.120258
1.395833,193,4194.291846
3.312727,100,4194.406009
2.604,318,4194.836041
2.684,193,4195.107761
1.698333,82,4195.200543
-0.03405,109,4195.335993
1.147436,146,4195.581665
3.593704,322,4196.006579
1.891765,183,4196.217945
3.014,193,4197.163458
2.644706,63,4197.232273
3.719091,456,4197.903283
2.858,111,4198.058433
1.74955,185,4198.314582
2.835,62,4198.392141
2.28381,200,4198.622961
3.761389,143,4198.863766
-0.247192,43,4198.906056
4.505,132,4199.221684
1.957143,68,4199.30753
2.218421,145,4199.485569
1.693456,107,4199.687006
2.275294,56,4199.763581
0.324679,98,4199.884578
-0.05706,48,4199.932416
2.375263,169,4200.787786
2.150625,67,4200.867389
2.443427,164,4201.104637
2.181875,57,4201.173015
2.182,409,4201.651102
1.010387,52,4201.718263
0.342057,38,4201.772754
1.660984,179,4202.003016
2.150526,167,4202.187907
2.927143,60,4202.264324
1.835833,49,4202.319731
2.47125,166,4202.52658
-0.08889,11,4202.540797
2.0575,249,4202.830108
1.939286,73,4202.9181
2.948571,208,4203.963887
-0.227474,74,4204.042222
2.593333,70,4204.130212
0.441176,147,4204.33504
1.927692,50,4204.393774
3.232,79,4204.506843
-0.107192,19,4204.52858
3.862813,107,4204.709412
-0.1775,7,4204.718273
2.843333,382,4205.246575
3.776563,111,4205.408666
2.083889,157,4205.621283
2.1,54,4205.683185
-4.985193,2000,4208.309381
3.823462,234,4208.590287
1.888884,208,4208.900698
1.6475,228,4209.20897
3.390741,86,4209.347562
3.801563,95,4210.128258
3.690556,194,4210.515368
4.585946,114,4210.828103
3.421071,117,4211.007868
2.363158,90,4211.121567
-0.094447,25,4211.167165
2.347368,96,4211.306753
-0.036061,52,4211.391261
2.383043,247,4211.732104
2.543333,91,4211.843299
3.1775,102,4211.966019
3.39,66,4212.04501
2.368421,88,4212.145605
1.377778,76,4212.217354
1.988125,119,4212.35465
2.5825,413,4212.944037
3.950909,105,4213.11298
3.0,120,4214.00897
3.296969,493,4214.849154
4.72625,139,4215.262118
1.000461,79,4215.353731
2.135,72,4215.45301
2.020625,147,4215.639114
1.335975,262,4215.90345
1.617857,163,4216.088121
1.863125,159,4216.305897
2.526522,181,4216.535144
2.103333,53,4216.607486
2.770833,110,4216.806497
1.223707,213,4217.746981
0.19539,78,4217.86016
1.669091,64,4217.940265
3.886893,267,4218.321868
3.671111,183,4218.639093
4.258438,257,4219.038832
2.086667,156,4219.237926
2.303333,137,4219.387021
4.024359,137,4219.633118
1.415,150,4219.78798
2.01,81,4219.891017
2.761061,505,4221.214651
2.7525,63,4221.280405
4.321563,223,4221.574491
-0.429447,89,4221.656802
2.66,205,4221.892887
2.339444,65,4221.970323
3.479063,103,4222.182826
2.169412,143,4222.340579
2.106667,52,4222.405113
1.475,81,4222.500233
2.016667,79,4222.594209
2.0875,237,4222.913553
4.527273,81,4223.04169
1.554512,221,4223.471606
2.334211,101,4223.595658
3.1725,51,4223.662441
2.053333,68,4223.740724
7.614433,405,4224.901022
2.101893,300,4225.317613
2.222353,74,4225.404755
2.38619,157,4225.623166
1.803571,111,4225.789445
2.71125,201,4226.03261
2.674091,73,4226.12425
4.646695,420,4226.702663
0.067298,40,4226.742763
3.178571,379,4228.161173
1.848333,46,4228.219699
2.672609,77,4228.309495
2.249231,47,4228.363458
-0.129618,26,4228.390249
4.619474,350,4229.104272
1.756384,146,4229.296398
0.25501,41,4229.361848
1.241818,158,4229.559008
2.52625,46,4229.616298
3.095625,342,4230.127427
2.328333,69,4230.230614
3.610231,377,4230.857655
4.664884,142,4231.118676
3.514063,279,4232.180251
2.408182,190,4232.422302
0.703266,83,4232.556846
1.919288,335,4233.022589
3.315,99,4233.169338
1.936667,103,4233.287696
2.612,234,4233.650253
3.125,70,4233.757426
0.001111,24,4233.795394
2.637727,89,4233.909187
2.212167,105,4234.08991
0.08039,34,4234.13148
11.857355,629,4236.029571
2.653684,162,4236.266125
0.058813,48,4236.348704
2.397368,77,4236.471641
2.29,375,4237.026979
1.453333,248,4237.417285
3.377778,93,4237.580011
2.5325,44,4237.654178
5.052857,103,4237.834087
1.978571,62,4237.905674
-0.03695,64,4237.968163
2.392105,79,4238.06912
3.891818,144,4238.399455
1.74,238,4238.911532
2.557619,85,4239.014026
2.04,72,4239.105456
3.239655,93,4239.29527
-0.126797,62,4240.202114
0.838713,29,4240.243087
2.586496,189,4240.614196
2.984615,86,4240.779022
0.725917,75,4240.933189
2.469048,118,4241.160062
-0.00461,27,4241.191345
2.895,77,4241.28229
2.216471,76,4241.377387
0.564076,38,4241.419689
4.2,111,4241.670616
1.519091,97,4241.824689
3.667888,493,4242.714008
3.705714,122,4242.909365
2.330486,290,4243.253336
3.477576,160,4243.495932
-0.17514,74,4244.310421
2.026667,308,4244.680693
0.125155,53,4244.786838
3.951667,89,4244.945629
3.63,648,4246.061154
1.174332,190,4246.294274
4.7875,154,4246.584781
-0.114692,44,4246.666189
2.169375,61,4246.765007
2.3,330,4247.143845
0.692526,95,4247.248294
2.076875,161,4248.083203
1.939231,47,4248.136453
2.245882,66,4248.220079
2.365,126,4248.377239
3.974138,73,4248.511812
1.953571,69,4248.664641
2.984444,138,4248.845266
2.370392,298,4249.346603
3.24,256,4249.720133
-2.268801,887,4251.050353
2.752812,167,4251.351131
2.415,106,4251.509434
0.136938,46,4251.570764
2.588,246,4251.88214
2.574286,78,4252.005254
1.494167,131,4252.144264
-0.209409,82,4252.230013
2.90087,156,4252.461008
3.769722,137,4252.697407
2.575382,209,4253.022802
2.778846,193,4253.323433
2.51375,50,4253.389056
2.322778,71,4253.493627
1.712694,282,4253.868734
2.741111,264,4255.041893
1.860833,43,4255.109694
1.443093,62,4255.200531
-0.234921,67,4255.471211
1.853333,128,4255.630126
0.152854,37,4255.674604
6.76345,338,4256.085355
3.776563,111,4256.264844
0.14739,49,4256.335723
3.026667,272,4256.853778
2.704783,99,4256.990581
2.768947,84,4257.101132
1.327778,85,4257.193236
2.9325,217,4257.538089
2.360526,91,4257.668085
3.32963,119,4257.914855
2.81,135,4258.903207
4.096923,330,4259.48829
1.72702,414,4260.17727
1.700891,141,4260.388383
2.58381,74,4260.491119
2.43619,136,4260.663521
2.5,72,4260.775713
0.431346,42,4260.825013
2.51375,50,4260.889771
3.7875,104,4261.066614
3.248,236,4261.376081
2.4775,81,4261.523922
-2.195508,1401,4263.469563
2.774211,82,4263.624936
3.215,159,4263.837025
0.77,453,4264.373889
2.795,78,4264.47868
2.039932,149,4265.357668
1.416124,165,4265.584007
24.944528,1265,4266.800284
0.068369,40,4266.836298
3.535862,101,4266.976217
4.204517,283,4267.452263
2.76,160,4267.674352
4.207778,66,4268.793044
3.162857,88,4268.917078
2.743913,81,4269.015584
3.061846,212,4269.353184
2.185,56,4269.423328
2.264444,92,4269.630557
1.700833,43,4269.69564
3.757813,123,4269.903465
3.867353,165,4270.206182
3.495758,148,4270.425772
3.330313,243,4270.885949
-0.229257,136,4271.052468
3.472121,157,4271.293862
2.900952,71,4271.385663
3.561538,498,4272.894737
2.395,114,4273.056015
0.877145,127,4273.249117
2.145294,73,4273.341504
-0.148732,38,4273.383008
2.861364,127,4273.550298
1.55,45,4273.608125
3.398054,183,4273.847991
4.06625,171,4274.130058
3.181579,45,4274.187123
4.519655,180,4274.906765
0.520704,64,4275.03025
46.982317,2000,4278.690493
2.315,174,4278.897023
-3.662725,2000,4281.252517
4.336316,132,4281.482713
2.900952,71,4281.595001
1.610305,218,4281.973985
2.351287,495,4283.289673
3.073571,138,4283.514334
1.883044,110,4283.693283
3.070938,569,4284.483882
1.006259,242,4284.840478
1.965625,123,4284.983943
2.896,92,4285.165485
1.664253,119,4285.356053
3.145,237,4285.732285
2.896,92,4285.84967
3.803125,94,4286.642791
2.448095,131,4286.785529
-0.153615,81,4286.867362
1.860308,256,4287.271239
0.657691,46,4287.364972
0.103438,118,4287.533737
3.143214,99,4287.737435
1.4025,153,4287.945441
5.582727,254,4288.306599
1.72673,102,4288.425095
2.75913,74,4288.524363
2.103333,53,4288.659411
0.675704,132,4288.894954
2.386248,158,4289.092828
-0.095519,23,4289.11983
2.195489,340,4289.641754
-0.051933,117,4290.847677
1.695385,191,4291.107322
0.988939,60,4291.19738
1.831667,50,4291.258256
0.146014,51,4291.328854
3.227778,174,4291.718322
2.5075,52,4291.788339
1.99,162,4291.982441
-0.701059,270,4292.216136
2.986667,290,4292.586727
3.903448,114,4292.771953
2.53,275,4293.120341
-1.089992,266,4294.151499
0.131174,91,4294.258512
1.915789,260,4294.527478
2.975862,246,4294.913942
3.298333,109,4295.099435
-0.013614,21,4295.126569
0.338342,203,4295.419826
2.68,200,4295.72375
0.227385,42,4295.791196
1.75702,152,4296.00535
2.527526,242,4296.372359
3.902121,190,4296.727454
3.225695,143,4296.954816
3.413438,145,4297.171007
2.874517,479,4298.604022
2.357619,169,4298.828377
2.542,264,4299.281637
2.588571,72,4299.375811
1.675625,219,4299.66524
2.515,66,4299.778185
2.997619,64,4299.870384
0.655606,180,4300.085119
1.54125,262,4300.405752
1.216434,149,4300.726709
0.36294,80,4300.850111
0.974061,95,4301.695093
1.989286,59,4301.764778
3.577097,132,4301.941384
2.384211,82,4302.037861
3.8925,310,4302.532993
3.827179,283,4303.055145
4.871515,395,4303.773074
2.391579,197,4303.995499
2.717826,93,4304.134996
3.373333,286,4304.577725
2.070366,186,4305.616315
3.355714,423,4306.259477
0.272319,35,4306.309047
1.473636,107,4306.440039
2.392105,79,4306.554063
0.187813,101,4306.733486
0.090352,75,4306.831115
1.563529,298,4307.151528
2.490952,113,4307.338602
45.421162,2000,4310.265295
2.485217,200,4310.526953
2.428947,65,4310.609421
2.964516,363,4311.301582
2.08,460,4312.532785
1.609375,237,4312.783407
3.010313,403,4313.372905
1.982143,61,4313.452376
3.728182,186,4313.798572
2.630909,92,4313.937554
2.850952,92,4314.082401
1.903077,137,4314.278609
3.031071,117,4314.44915
2.750435,78,4314.556684
0.319717,63,4314.636023
2.71875,135,4314.823076
1.414437,167,4315.062168
0.170008,32,4315.09866
2.637727,89,4315.992519
-0.114692,22,4316.018197
3.153448,143,4316.245311
2.822,89,4316.393096
1.7625,367,4316.882416
2.036667,73,4316.96994
2.657895,92,4317.085383
3.12069,162,4317.41653
1.760833,67,4317.514313
-0.384746,107,4317.648753
2.509524,101,4317.825126
1.199295,341,4318.30963
-0.045547,61,4318.405725
2.272174,298,4318.802515
3.463438,113,4319.644911
4.092703,479,4320.474226
1.99125,118,4320.635842
2.49,76,4320.745861
3.533847,342,4321.404197
2.1975,193,4321.71897
1.785833,61,4321.807952
2.296899,139,4322.084664
1.471187,313,4322.839253
2.299286,59,4322.954179
1.639231,125,4323.164767
1.942222,208,4324.540682
3.72931,215,4325.020809
2.814828,293,4325.692934
4.4225,134,4326.021154
3.882143,122,4326.284647
3.613889,134,4326.687237
3.177586,129,4327.086327
1.130975,126,4327.262982
3.548788,113,4327.51264
3.441176,244,4327.997043
2.874375,490,4329.489687
1.846875,161,4329.728879
2.417826,231,4330.198467
0.97027,125,4330.448833
1.66,186,4330.806833
2.254706,63,4330.900214
0.892763,219,4331.218607
1.075625,411,4331.780976
4.04875,185,4332.128408
1.956667,97,4332.233058
2.544118,70,4332.315812
2.100625,83,4332.415871
2.443333,191,4333.697572
2.589643,409,4334.412458
-0.167594,55,4334.584429
1.511161,292,4335.375377
1.651765,268,4335.822698
1.053174,64,4335.909894
3.483275,287,4336.381381
3.113333,220,4336.744335
4.048333,79,4336.878008
2.58381,74,4337.031421
3.713704,79,4337.152876
2.854,113,4337.314255
2.048756,154,4338.127519
2.737391,84,4338.27001
1.678571,146,4338.488659
2.836,122,4338.809626
3.913793,108,4338.988214
1.770714,207,4339.245872
2.900952,71,4339.34699
-0.158517,7,4339.362467
4.487027,128,4339.587345
4.476216,136,4339.808055
1.375625,315,4340.217043
0.588531,145,4340.432548
1.606667,202,4340.723108
2.022353,142,4340.930766
2.808,136,4342.188829
2.766,157,4342.451874
2.58381,74,4342.59045
2.904,88,4343.190979
3.210345,110,4343.408604
2.295,346,4344.022918
3.465,112,4344.257987
2.26,70,4344.348519
2.617273,98,4344.509679
3.926579,147,4344.815711
1.8225,172,4344.996894
1.514545,98,4345.110425
0.59,258,4345.411924
4.32375,149,4345.739387
1.327778,85,4345.856155
2.748261,79,4346.750003
1.2625,535,4347.48436
1.9475,132,4347.797902
1.896923,58,4347.899529
2.957065,244,4348.28324
0.668265,88,4348.418441
4.493784,123,4348.740841
2.879524,80,4348.869378
2.921361,140,4349.075972
4.516667,88,4349.465318
1.337526,280,4349.839052
0.31919,51,4349.918185
1.69875,250,4351.144911
1.282732,216,4351.417701
3.728056,167,4351.698673
2.357619,169,4351.904042
2.570588,61,4351.986334
2.729063,583,4352.881595
0.376003,57,4352.968399
-0.071739,14,4353.003592
3.70871,100,4353.185356
2.916,82,4353.306094
1.876667,97,4353.465943
3.684138,334,4354.118594
2.662,204,4355.204836
2.49,76,4355.294929
1.454706,335,4355.675119
3.791429,440,4356.542493
2.934286,120,4356.728102
3.926786,97,4356.886882
2.56,648,4357.894122
2.15625,405,4359.1456
3.454063,119,4359.339179
-0.159906,8,4359.354382
1.63125,230,4359.604426
1.825625,171,4359.825714
0.640359,276,4360.223052
1.773636,41,4360.266487
2.213529,77,4360.365322
1.0,176,4360.632404
1.015,173,4360.828083
1.903529,179,4361.047623
1.406667,152,4361.25353
-1.059791,354,4362.209859
2.2775,157,4362.468075
2.770741,248,4362.902754
0.389901,30,4362.947002
3.530606,125,4363.154088
2.285,126,4363.339484
2.155,23,4363.373143
6.082188,581,4364.444729
2.674091,73,4364.545474
1.944498,533,4365.282966
3.385455,68,4365.370401
1.8775,39,4366.082187
1.853028,229,4366.374484
1.537317,76,4366.502148
0.235313,54,4366.58203
0.312163,57,4366.652549
2.025,49,4366.72314
1.381303,170,4366.993539
0.068768,21,4367.019245
2.646667,66,4367.108536
2.898,91,4367.236229
2.8325,63,4367.360113
2.479412,92,4367.514269
0.99813,76,4367.632073
0.336747,39,4367.7024
2.68,51,4367.784727
1.983889,193,4368.02189
3.978824,235,4368.313678
1.410833,151,4368.745418
1.871176,190,4368.948445
1.786667,148,4369.749849
1.2275,195,4369.949335
3.374063,119,4370.120829
-0.168824,6,4370.131967
3.478148,82,4370.260242
2.353591,108,4370.405206
1.770532,157,4370.623518
1.48309,182,4370.86131
1.704694,105,4371.066526
2.53,275,4371.445469
1.310833,175,4371.658031
1.009587,336,4372.084646
4.66309,288,4372.562472
-1.600567,981,4374.281721
0.574766,79,4374.385691
0.858475,210,4374.584375
1.150008,133,4374.74417
4.523514,101,4374.928294
2.491875,57,4374.993006
1.813529,213,4375.249801
1.627778,31,4375.294164
2.169545,295,4376.435412
0.079815,93,4376.52448
0.270669,50,4376.578865
0.747887,207,4377.013716
3.93375,277,4377.541922
2.1725,60,4377.633171
2.377201,396,4378.267563
2.033333,74,4378.379742
3.039655,209,4378.72717
0.574461,63,4378.812148
1.953571,69,4378.915156
0.178989,85,4379.02649
1.69,177,4379.259452
3.33069,220,4379.604856
1.369167,161,4380.449182
2.717826,93,4380.581047
2.7075,109,4380.725648
1.806111,257,4381.037474
1.867857,93,4381.166895
1.307143,250,4381.48044
1.747819,349,4382.16071
-0.063988,89,4382.278351
1.222222,104,4382.387088
5.672984,288,4382.987385
2.585294,56,4383.059554
0.414984,59,4383.148663
3.556552,89,4383.29157
3.887083,59,4383.377793
1.462653,326,4384.651431
1.709375,205,4384.888752
4.127188,85,4385.024463
3.843939,400,4385.731342
3.056667,99,4385.866923
-0.222707,81,4385.964374
2.58619,73,4386.050557
2.99,135,4386.271483
1.989286,59,4386.339177
1.629841,208,4386.697618
2.055,250,4386.976307
3.423462,282,4388.064212
1.86,126,4388.211919
14.008342,833,4389.662233
2.795,363,4390.233567
1.842857,100,4390.349811
4.31375,221,4390.889351
4.039677,87,4391.093167
0.85,171,4391.298476
1.44,88,4392.101606
4.42,136,4392.32684
3.182414,306,4392.76524
3.892857,481,4393.396219
2.514,278,4393.783245
1.862308,67,4393.878643
3.239655,93,4394.026138
1.49,76,4394.120151
1.927692,50,4394.191063
2.025,49,4394.253535
2.216667,32,4394.303444
2.576667,77,4394.532337
1.28,120,4394.692021
4.132059,189,4395.044727
0.815092,260,4396.053131
0.001703,58,4396.133666
2.56,84,4396.249517
3.70871,100,4396.393769
1.57,213,4396.607058
4.741371,437,4397.347008
1.757705,160,4397.649532
3.383182,69,4397.733027
0.970614,358,4398.242237
1.65375,226,4398.493465
3.125357,109,4399.406365
42.168939,2000,4401.448931
2.007143,54,4402.113717
2.711304,96,4402.259974
2.45,92,4402.541862
2.148824,99,4402.684235
2.715652,94,4402.81883
2.110455,321,4403.214233
2.934483,270,4403.664921
1.8525,45,4403.749568
1.515,126,4403.891813
2.856667,211,4404.122922
3.081034,185,4404.450797
3.78125,108,4404.62464
4.035313,195,4405.006059
1.617456,322,4406.112775
2.671818,74,4406.215075
2.647917,169,4406.567934
2.102526,91,4406.713972
5.094286,74,4406.850136
4.168919,134,4407.146595
2.792,144,4407.368702
1.7475,196,4407.672345
2.169375,61,4407.852476
2.195969,161,4408.119662
1.638054,343,4408.790779
2.313158,109,4409.014047
3.3,108,4409.190445
2.951739,427,4410.639036
-0.02196,94,4410.781037
0.458606,222,4411.124776
2.575238,170,4411.549377
2.246248,101,4411.674895
1.503333,366,4412.168475
4.867241,222,4412.533226
3.845625,118,4412.748879
0.665828,39,4412.8093
2.103333,53,4412.882803
-0.140425,49,4412.946006
2.91,85,4413.060811
2.12875,74,4413.160422
2.594,243,4413.471913
3.716774,95,4414.414561
2.814,133,4414.616171
0.600188,80,4414.710043
2.612727,100,4414.851284
3.598529,137,4415.087101
2.175625,59,4415.16036
0.419431,234,4415.528099
2.4025,111,4415.659396
2.3625,127,4415.817571
2.895517,426,4416.393433
1.36,320,4416.749547
2.4975,73,4416.836123
2.5025,71,4416.922855
-0.157026,7,4416.932195
1.475015,457,4418.414834
0.829879,167,4418.785911
1.781968,146,4418.978971
3.303333,106,4419.155659
3.723125,94,4419.291217
2.3525,131,4419.443532
0.536897,53,4419.499536
2.696667,288,4419.907629
3.908529,137,4420.156188
3.22,330,4420.836665
2.526667,98,4420.981658
2.163529,94,4421.122895
-0.138068,124,4422.026869
4.034615,129,4422.257103
0.639408,68,4422.343781
1.544375,261,4422.846189
3.613235,127,4423.049963
0.678514,148,4423.300956
-0.30206,292,4423.72191
1.797199,207,4424.046298
2.768966,366,4424.584635
2.491429,464,4425.844966
2.0925,108,4426.003326
2.205,190,4426.270131
0.515225,68,4426.370171
4.586207,211,4426.707338
2.264444,92,4426.822638
3.338182,252,4427.226533
2.858947,103,4427.37545
0.212903,58,4427.452308
2.3975,113,4427.606438
2.175294,90,4427.737863
0.891441,50,4427.7965
3.53931,99,4427.949071
1.616667,33,4427.986234
3.31,102,4428.148111
-0.031822,168,4428.341909
1.923846,51,4428.400941
3.349091,84,4428.787284
3.801563,95,4428.97119
3.638235,110,4429.877951
2.416875,81,4429.967556
1.881875,153,4430.18016
2.341875,105,4430.308255
2.564762,82,4430.421591
2.418421,69,4430.519106
-0.019782,37,4430.571572
0.93,190,4430.747959
1.445,71,4430.825664
2.591739,151,4431.034882
2.585294,56,4431.117767
2.139091,304,4431.8099
2.848,116,4432.03835
-0.002935,18,4432.067667
2.03,75,4432.188087
3.700645,105,4432.375102
3.961667,83,4432.56225
4.347179,127,4432.849594
2.837857,270,4433.924967
1.925,77,4434.042612
2.725385,226,4434.37677
1.846429,99,4434.595717
-0.07204,82,4434.689416
3.784375,106,4434.850364
3.935758,115,4435.046804
2.156519,161,4435.315142
1.335714,242,4435.575275
2.835,266,4435.945789
2.550769,478,4436.566115
-0.000283,69,4437.278451
2.828095,68,4437.382626
0.500267,71,4437.484144
3.864737,194,4437.864404
1.695,297,4438.209494
3.098947,46,4438.273416
1.56,62,4438.348242
0.269413,134,4438.563355
3.926364,207,4438.942596
0.807323,225,4439.312277
2.355238,170,4439.533562
0.359031,81,4439.639963
-0.177949,14,4439.664339
2.5025,71,4439.756707
2.990385,83,4439.894076
2.662029,225,4440.239074
-0.018801,115,4441.07614
2.01,112,4441.210332
-4.840855,2000,4443.646954
-0.068837,59,4443.715613
3.447813,123,4443.929699
2.889286,510,4444.646874
3.168421,50,4444.715264
2.331667,147,4444.941452
3.02,168,4445.186226
3.635,234,4445.59887
2.727778,444,4446.213637
3.241379,92,4446.388791
4.525758,82,4446.532705
-0.043265,44,4447.27779
2.430741,437,4447.906384
3.066563,463,4448.824949
2.278235,55,4448.910734
-4.55598,2000,4451.496748
2.02,180,4451.851525
2.3075,149,4452.024509
2.557619,85,4452.124058
2.142941,101,4452.22693
2.086471,144,4452.399352
2.633684,105,4452.559596
1.538889,47,4452.622768
0.154157,98,4452.7838
2.652222,64,4452.867819
4.487027,128,4453.111421
1.622222,32,4453.149345
2.795,78,4453.869942
1.317895,548,4454.611721
2.151364,303,4454.949179
2.77,155,4455.176868
1.906875,145,4455.347861
3.532121,124,4455.570951
3.297059,342,4456.132309
0.734017,73,4456.241089
0.696479,72,4456.336933
4.83125,119,4456.573154
0.863894,354,4457.660852
3.498788,146,4457.911782
1.11,153,4458.081532
0.713934,92,4458.219863
1.945,207,4458.459678
2.580909,114,4458.725529
2.010909,57,4458.794827
1.268776,111,4458.919551
3.160695,160,4459.416931
2.681154,249,4459.787483
0.048151,165,4459.943747
2.557619,85,4460.078266
2.451429,96,4460.234771
3.1775,102,4460.386236
2.975185,143,4461.223792
3.7725,135,4461.438384
2.7925,79,4461.552466
3.537778,304,4462.05415
2.896,92,4462.206042
2.832,124,4462.395756
2.882,99,4462.532364
2.3675,125,4462.709226
4.83125,119,4462.948638
2.678929,359,4463.413045
1.570625,227,4463.701656
1.815721,219,4463.998704
2.339444,65,4464.08797
0.445267,63,4464.843241
2.172778,125,4464.98483
2.717826,93,4465.103303
-0.042526,36,4465.147066
1.906667,112,4465.263036
1.943077,46,4465.320495
1.946429,71,4465.442345
1.201409,261,4465.928453
2.250476,214,4466.186776
3.177941,423,4466.805155
2.655,63,4466.891484
0.108765,118,4467.055215
2.390952,155,4467.292976
2.701284,154,4467.556907
1.164545,175,4468.811884
1.395455,122,4468.932151
3.256,107,4469.107532
3.250417,67,4469.211892
3.876667,64,4469.319526
-0.176667,7,4469.330366
1.715,78,4469.44036
2.505,70,4469.559173
2.563478,164,4469.784611
0.497424,68,4469.92538
1.954271,410,4470.861826
3.888636,159,4471.116166
-0.123689,23,4471.150044
2.704783,99,4471.45545
2.540769,322,4471.885923
2.195887,220,4472.189473
0.537815,160,4473.159791
3.127143,108,4473.336179
2.428,326,4473.966342
2.899141,256,4474.393831
0.705325,54,4474.608514
2.85,115,4474.795908
3.768438,353,4475.394215
1.94125,134,4475.587411
0.099797,251,4475.891867
-0.453046,203,4476.224098
1.496923,162,4477.092237
2.016185,418,4477.759864
3.458571,96,4478.003674
1.12,152,4478.209202
3.174138,131,4478.435334
0.380477,72,4478.568193
4.0775,218,4478.979413
3.212917,85,4479.116645
0.170892,202,4479.343089
5.270303,277,4479.846013
4.41125,143,4480.178355
0.345317,74,4480.339006
0.554853,88,4480.517716
0.169861,33,4481.395828
1.369167,161,4481.610666
1.569775,296,4481.986956
2.281009,210,4482.24983
4.380698,309,4482.836888
3.293333,112,4483.016081
1.94,102,4483.125832
2.64,88,4483.244217
3.127143,108,4483.398371
2.293333,196,4483.650682
0.441226,44,4483.731903
2.269545,251,4484.029936
1.728182,51,4484.087545
2.360625,99,4484.230179
-0.193333,14,4484.25156
2.944211,101,4485.079073
0.251066,90,4485.179135
1.988774,445,4485.840282
2.641111,68,4485.929944
1.632341,206,4486.323678
1.578437,87,4486.478034
3.863333,110,4486.659661
4.301613,123,4486.912175
3.471875,210,4487.296083
5.084286,81,4487.446334
3.310313,211,4487.778405
2.294,453,4489.135849
3.135,84,4489.258518
2.794,103,4489.44124
2.396818,195,4489.719299
3.114167,609,4490.670809
0.403802,63,4490.757691
3.1,174,4491.033543
3.302424,269,4491.46068
3.687188,117,4491.625968
2.038125,103,4491.736754
-0.325321,54,4491.793398
1.778182,40,4491.834845
1.896667,115,4492.703613
2.3825,119,4492.849535
1.155708,237,4493.344906
1.700458,221,4493.65028
3.539118,123,4494.061615
3.461875,114,4494.303729
1.860833,43,4494.366735
3.27125,236,4494.794828
3.872424,104,4494.965983
2.63336,383,4495.613218
0.410777,64,4495.733784
2.224286,225,4496.02417
4.7,175,4497.035663
2.994737,116,4497.374986
1.637059,273,4497.742198
2.752105,60,4497.82211
0.839434,149,4498.083045
2.624444,74,4498.201826
3.477368,210,4498.475148
0.738571,454,4499.024408
2.02875,106,4499.157895
1.636434,312,4499.58293
2.407619,148,4499.761425
2.100625,83,4499.896945
2.2,184,4500.76967
0.758937,222,4501.101208
3.657088,442,4501.789761
2.026667,76,4501.878306
2.419524,143,4502.046358
2.365238,233,4502.350981
3.895,171,4502.656171
2.843182,135,4502.824677
1.881875,153,4502.999695
2.223684,143,4503.202324
3.747348,153,4503.454462
3.216667,110,4504.398082
2.946667,234,4504.687693
3.361111,102,4504.833771
2.864643,255,4505.23311
3.53069,104,4505.397024
1.00277,228,4505.699752
3.6125,534,4506.648446
2.435217,223,4506.915828
3.075806,387,4508.217097
1.756667,68,4508.300271
2.545714,90,4508.459481
2.080791,131,4508.64128
-0.141631,51,4508.700306
3.845625,118,4508.889718
4.463636,123,4509.08786
2.757368,58,4509.162755
3.954118,106,4509.329582
2.582353,57,4509.401995
3.956667,134,4509.62575
2.081429,285,4509.982153
1.972353,159,4510.16157
1.969178,230,4510.709722
0.928233,103,4510.846099
-0.109116,58,4510.912839
5.067143,93,4511.098909
2.174444,146,4511.995423
1.129957,170,4512.414998
2.088571,282,4512.776257
3.742353,210,4513.035181
2.02875,106,4513.150136
3.875313,195,4513.461146
2.151765,98,4513.592055
0.668996,124,4513.755885
0.529642,36,4513.799543
3.444688,125,4513.998209
2.056875,97,4514.11154
0.45795,83,4514.216243
3.18,180,4514.441539
2.9775,147,4514.632219
1.2775,183,4515.481751
0.747449,49,4515.531274
2.280909,246,4515.832168
2.807667,502,4516.656613
2.738947,65,4516.74248
3.96,102,4516.894404
2.137059,103,4517.008516
-0.076936,14,4517.030034
2.188125,55,4517.088902
3.671613,123,4517.282209
3.361429,587,4518.161957
2.498125,55,4518.231108
3.189655,122,4519.047756
2.1275,213,4519.292757
1.519091,97,4519.396154
1.45,210,4519.596835
3.998108,364,4520.164549
1.621875,233,4520.42843
2.136238,280,4520.792232
1.155876,75,4520.892523
4.12186,609,4522.548695
1.158434,258,4522.951907
4.043531,129,4523.125336
3.814737,232,4523.522663
2.150647,175,4523.891878
0.207199,115,4523.993236
1.844167,47,4524.04596
3.225862,101,4524.178194
1.87875,154,4524.349764
2.0,480,4524.969022
2.567143,81,4525.085985
1.414545,120,4525.201105
3.447188,117,4525.377975
0.945,187,4526.164002
3.078333,241,4526.525317
1.942857,72,4526.612755
1.889474,270,4527.134718
2.54579,131,4527.36597
3.686471,288,4528.071872
1.930714,53,4528.188001
3.569422,141,4528.493537
1.588889,38,4528.538895
2.400417,355,4529.211184
2.531429,96,4529.378692
3.036207,211,4530.49675
0.197636,94,4530.601888
1.737273,49,4530.668852
1.668462,198,4530.885284
0.959812,91,4531.003482
4.047917,73,4531.160011
2.096395,305,4531.694726
1.441538,218,4531.968617
2.309444,191,4532.344634
2.048824,133,4532.558542
2.07,63,4532.639545
0.76421,71,4532.771458
1.180714,263,4533.142335
2.966087,126,4533.32612
0.529893,216,4534.356341
2.955129,245,4534.785192
1.700997,163,4535.049352
2.69375,147,4535.257148
0.022935,59,4535.341005
0.033108,77,4535.429128
3.458182,120,4535.636467
4.81875,129,4535.86513
1.105531,77,4535.984443
3.755714,339,4536.480528
3.291212,283,4536.981038
3.45875,116,4537.180198
3.605882,132,4537.454681
2.344783,260,4538.67043
2.371818,206,4538.937446
2.434519,545,4539.926856
3.390741,86,4540.085925
1.01,174,4540.259196
2.874,103,4540.396648
2.786429,478,4541.199265
2.188125,55,4541.292477
-0.174286,6,4541.301921
1.705,35,4541.359391
1.375,231,4542.529985
1.145,145,4542.71693
3.885,237,4543.157175
1.683333,179,4543.538992
2.786667,119,4543.725792
3.058621,198,4544.039692
2.656,212,4544.294377
2.548095,89,4544.408885
0.739654,194,4544.693974
2.233332,256,4545.136962
2.655,63,4545.207475
2.312,384,4546.408112
3.464063,311,4546.850945
3.464242,116,4547.058694
1.555,65,4547.135359
1.9175,305,4547.513405
2.998077,79,4547.62122
2.797917,97,4547.748924
1.807647,215,4547.986977
47.272891,2000,4551.723182
1.142922,41,4551.769592
2.526667,98,4551.878327
1.198163,199,4552.101389
1.484201,137,4552.271132
4.375,172,4552.76742
2.24,68,4552.852227
2.92,63,4552.938583
1.656667,187,4553.87778
1.827692,76,4553.985715
3.34,192,4554.312014
2.015,266,4554.908213
3.322188,453,4555.542859
2.237692,50,4555.606907
3.870425,359,4556.353971
2.254783,306,4556.757952
3.137941,559,4558.338656
2.691739,105,4558.497263
0.21805,22,4558.533525
-0.001114,17,4558.559415
3.298333,109,4558.730376
2.104167,59,4558.801332
2.235,370,4559.285639
2.682778,53,4559.369107
1.096067,178,4559.696384
1.648884,271,4560.058067
1.704817,386,4560.780827
2.2,36,4560.835813
1.983333,89,4560.950544
1.35,81,4561.767879
47.020357,2000,4564.418415
3.114643,115,4564.607106
1.939231,47,4564.670628
2.426316,66,4564.754677
3.435294,248,4565.156049
3.038182,450,4565.83057
2.154783,352,4566.315268
1.616667,33,4566.415514
2.320833,326,4567.005941
2.64,88,4567.172797
2.872,104,4567.336089
2.202857,234,4568.559488
3.31,102,4568.741174
4.70625,219,4569.185749
2.402632,75,4569.291318
-0.19125,15,4569.30958
2.17875,58,4569.379451
2.474286,120,4569.533074
3.325909,59,4569.614397
2.451429,96,4569.767087
2.803448,433,4570.376931
2.003571,55,4570.455764
4.077188,117,4570.747581
2.930714,218,4571.109621
3.02,561,4572.7703
3.764074,95,4572.935291
8.3e-05,92,4573.066569
3.701818,96,4573.222037
2.373684,86,4573.356637
2.073333,62,4573.456512
1.03111,383,4574.047424
2.812308,342,4574.527891
3.155,58,4574.640621
1.885789,92,4574.757247
2.691579,83,4574.902757
2.786667,119,4575.067123
3.981667,119,4575.260896
1.065,163,4575.461121
3.351667,257,4576.840604
0.729224,303,4577.39044
0.531169,97,4577.518954
0.920008,82,4577.642896
4.286316,360,4578.32006
0.58227,117,4578.472997
2.646818,85,4578.691762
2.814583,89,4578.836907
2.4825,79,4578.951294
1.873846,64,4579.02661
3.322069,225,4579.362522
1.848333,46,4579.414266
3.126805,341,4579.862598
3.053333,256,4580.878745
2.606154,288,4581.298388
1.939286,73,4581.383526
2.46,88,4581.489702
3.111071,117,4581.696756
4.215185,62,4581.797991
2.283889,85,4581.903493
1.451373,134,4582.064961
3.865,644,4583.214585
1.595,57,4583.277429
-0.482459,87,4583.38192
0.661731,163,4583.652014
1.898571,174,4584.511443
4.282895,241,4585.007427
2.415789,70,4585.115301
2.989565,336,4585.597027
3.931842,143,4585.854393
2.468095,89,4585.991743
3.413939,202,4586.328084
2.733333,128,4586.519252
2.538696,249,4586.853073
2.889048,76,4586.951458
1.131605,96,4587.059432
1.61317,223,4587.384116
1.483045,75,4588.467549
2.971053,125,4588.694728
1.52,228,4589.003698
2.283125,95,4589.139176
3.280625,230,4589.550775
2.810085,291,4590.097285
2.665305,133,4590.281342
2.543333,91,4590.414578
3.541563,127,4590.617036
3.07,57,4590.702418
1.693846,129,4590.862958
3.09483,586,4592.350292
4.070938,121,4592.729668
2.73125,129,4592.93574
3.046316,66,4593.037608
3.213214,239,4593.411948
2.603333,478,4594.280833
0.303088,71,4594.41195
3.01963,119,4594.636544
2.462381,125,4594.810045
1.54,120,4594.956547
1.972845,320,4595.394059
2.674,203,4596.446231
3.232737,159,4596.661938
2.393333,154,4596.860675
0.496789,168,4597.077843
3.543529,120,4597.285929
2.997586,187,4597.571909
2.958519,152,4597.767192
2.717826,93,4597.876933
1.975625,123,4598.008843
1.978884,166,4598.214138
2.38,120,4598.368637
2.2325,179,4598.602078
1.763333,155,4598.832168
2.05,44,4598.890415
0.02039,90,4599.018016
2.277647,215,4599.913894
0.929611,166,4600.137864
2.396,342,4600.664044
3.38518,157,4600.913869
2.0975,84,4601.011978
3.3,108,4601.187151
1.475625,283,4601.46602
3.803291,300,4601.995779
1.554375,309,4602.34704
4.42625,131,4602.60244
2.8525,55,4602.67045
2.100556,151,4603.619156
2.569524,80,4603.725449
2.8,96,4603.886217
3.436875,322,4604.325321
4.341429,167,4604.638553
2.741738,280,4605.083963
0.283284,78,4605.192191
0.534408,253,4605.672359
1.6825,399,4606.099823
2.902,89,4606.233532
3.09,330,4607.591199
2.210588,78,4607.694682
-3.78336,2000,4610.61912
1.433333,66,4610.74394
3.532121,124,4610.934941
3.968333,127,4611.13242
0.261694,34,4611.182571
2.741579,64,4611.268191
4.8175,130,4611.531177
2.881364,83,4611.665055
1.189286,283,4612.262169
2.1975,52,4612.334306
3.39625,156,4612.580084
1.27555,422,4613.193905
2.145,168,4613.392456
3.354,298,4614.461058
2.895,351,4615.332296
1.773333,64,4615.59461
1.749057,241,4617.274557
44.258699,2000,4620.487969
1.69,84,4620.603663
2.379375,93,4620.726054
3.546207,95,4620.893934
0.641644,134,4621.234516
2.3725,123,4621.406292
2.100625,83,4621.522086
3.767879,371,4622.197621
3.378519,341,4623.400308
2.115455,34,4623.451957
2.210588,78,4623.626294
2.233846,51,4623.699001
4.74625,187,4624.043064
2.347917,313,4624.492212
3.067368,58,4624.586795
4.127105,291,4625.11417
4.412857,117,4625.33388
2.764,158,4625.600023
2.11,136,4625.814444
3.630882,115,4626.030191
2.383182,201,4626.30543
1.403333,299,4627.570559
2.637727,89,4627.689926
2.291538,36,4627.752813
1.697778,296,4628.146763
3.134118,446,4628.836136
4.10375,100,4629.001337
2.714643,339,4629.492583
1.769091,42,4629.559176
1.67875,218,4629.804937
2.088125,87,4629.915156
2.592273,109,4630.054167
2.33087,271,4631.317777
2.685217,108,4631.469407
4.34125,135,4631.796942
1.62,52,4631.861229
2.633043,132,4632.068877
2.774211,82,4632.210409
2.029474,213,4632.476571
3.455,98,4632.638695
0.510574,50,4632.745813
1.077029,161,4633.060469
2.735217,85,4633.231105
2.802083,95,4633.429743
2.253333,96,4633.610835
3.127143,108,4633.791417
1.69,177,4634.095078
2.927143,60,4634.209933
3.183257,368,4634.88822
4.122973,279,4636.729514
3.686129,114,4636.962285
-0.073125,120,4637.098202
3.128929,107,4637.291224
2.72,92,4637.438863
2.131875,73,4637.633557
1.964286,66,4637.737365
2.38619,157,4638.093601
3.150303,376,4638.86687
0.17805,105,4638.993526
1.9875,341,4639.485678
3.472069,138,4639.786234
2.58,250,4641.54404
2.828,126,4641.726209
1.8975,148,4641.929066
2.535,325,4642.466425
3.23375,452,4643.201981
2.076667,61,4643.278074
2.894,93,4643.418895
2.137368,172,4643.666702
3.356875,578,4645.26679
1.96,96,4645.400182
3.970769,171,4645.783878
1.983333,65,4645.883905
-2.444953,861,4646.659614
2.074286,122,4646.781575
1.58,60,4646.850798
3.428966,163,4647.081088
3.125,255,4647.48591
2.368,386,4649.42165
-0.15461,72,4649.496685
2.003571,55,4649.570499
3.717188,149,4649.837686
4.079118,395,4650.500852
2.4575,89,4650.622326
3.516207,211,4650.961056
1.918703,172,4651.344802
1.893333,116,4651.508066
1.964598,172,4651.779912
4.623023,178,4652.137205
2.804,138,4652.354109
2.150625,67,4652.514657
2.733043,86,4653.330823
2.017857,51,4653.399396
47.709816,2000,4656.990855
3.045556,105,4657.15527
1.172036,254,4657.533549
2.627222,73,4657.630512
3.13,162,4657.900334
2.848571,264,4658.291622
-0.065612,57,4658.360461
1.56,64,4658.432334
1.713125,207,4658.683373
2.391875,89,4658.804155
3.911471,135,4659.033419
3.522069,109,4659.227629
3.268462,188,4659.491198
4.189189,119,4659.700293
-0.205521,754,4661.341193
-1.16937,298,4661.563488
2.8125,90,4661.69975
3.626039,402,4662.35137
3.441563,127,4662.569026
1.394142,326,4663.011105
0.602745,111,4663.160917
3.35,108,4663.348091
2.156875,65,4664.034892
1.511496,105,4664.180336
43.09233,2000,4666.717115
4.36,248,4667.176567
3.243103,91,4667.308594
2.562049,173,4667.570386
2.712632,75,4667.681137
2.131875,73,4667.782331
2.495,74,4667.893085
3.465185,89,4668.018938
2.382054,131,4668.193692
48.338644,2000,4671.467871
2.115455,34,4671.499622
3.723889,170,4671.749407
2.856,112,4671.928573
0.531274,176,4672.208689
2.4425,95,4672.379282
1.07296,102,4672.550141
3.665714,150,4672.821378
2.56332,622,4674.524625
7.502782,575,4675.702214
0.480996,223,4676.052531
2.903333,70,4676.163322
3.045217,85,4676.345206
3.773438,113,4676.57363
2.725914,683,4678.912593
1.510714,193,4679.265297
4.41625,139,4679.610709
-0.394239,66,4679.715111
2.686207,414,4680.442276
2.646818,85,4680.569343
2.887576,490,4681.521364
2.552308,316,4681.989501
1.785385,87,4682.17851
1.455455,111,4682.335214
0.202509,153,4683.399031
0.248284,88,4683.540176
2.257778,206,4683.956622
1.473636,140,4684.111936
2.561538,306,4684.56608
2.971538,98,4684.727233
2.714583,137,4684.90557
2.668889,58,4684.982642
3.133333,208,4685.336577
2.808,96,4685.466361
1.94,170,4685.696163
2.441818,206,4685.961968
2.400776,330,4687.503039
3.87625,379,4688.262671
1.722087,383,4688.755302
3.632353,114,4688.958739
2.088182,40,4689.024848
2.646818,85,4689.143031
2.298261,286,4689.494316
1.92,52,4689.573569
3.115986,261,4689.996746
4.026765,281,4690.496778
3.063438,369,4691.895769
42.176999,2000,4694.259061
2.33,375,4694.732622
2.368421,88,4694.850985
2.754444,219,4695.146155
1.628235,276,4695.443321
2.665,77,4695.568666
2.696087,103,4695.706753
2.502,289,4696.088378
1.385464,271,4696.457972
2.281429,201,4697.430512
2.145833,49,4697.490113
1.6,204,4697.724795
3.06,96,4697.834341
2.189167,113,4697.953478
4.174324,130,4698.18769
1.4975,276,4698.49835
1.091703,250,4698.991639
2.381579,83,4699.08224
2.163125,63,4699.149836
1.371429,232,4699.369426
2.593333,70,4699.451858
5.53648,317,4699.877628
3.348438,385,4701.14248
2.70913,97,4701.271376
2.811111,399,4701.806286
1.059984,244,4702.131447
15.180213,740,4703.193694
2.317222,73,4703.280924
2.998276,233,4704.233934
1.77,91,4704.332759
1.913333,110,4704.470454
1.364286,234,4704.738352
1.350348,198,4705.020557
2.19,164,4705.250743
3.000357,179,4705.499655
3.141429,100,4705.643293
3.094828,177,4705.947545
-0.039992,71,4706.019874
2.100625,83,4706.116825
0.17606,77,4706.205512
4.04125,503,4707.66553
4.675349,133,4707.989788
2.138947,293,4708.337392
2.02875,106,4708.494924
1.87,99,4708.681282
1.645,47,4708.729437
4.341071,201,4709.065086
2.943333,322,4709.538676
3.287778,484,4710.316159
2.752,164,4710.543914
2.12875,74,4710.629797
3.165789,51,4710.687997
3.503103,120,4711.470211
3.472593,85,4711.577995
2.014375,85,4711.667082
3.145,98,4711.794557
1.817623,253,4712.427706
0.40814,29,4712.469736
1.91,144,4712.645871
5.084483,183,4712.905802
3.454444,364,4713.469979
3.201724,115,4713.738078
1.94,102,4713.866555
3.114643,115,4714.028128
2.685217,108,4714.191347
2.521905,100,4714.3347
3.245882,370,4715.60041
2.139474,175,4715.798659
3.15069,423,4716.363166
2.45913,212,4716.647352
3.308333,103,4716.81963
2.5025,71,4716.914458
2.120714,109,4717.037046
0.178886,100,4717.179601
2.380952,155,4717.363919
5.404315,501,4718.054929
2.694211,82,4718.790399
3.775278,133,4719.018393
4.338235,110,4719.202669
1.36,104,4719.314839
1.469091,108,4719.424888
1.443016,118,4719.579584
0.063099,45,4719.661765
1.936667,103,4719.782879
2.516667,232,4720.058807
2.356957,259,4720.344795
3.737838,453,4721.126431
2.458261,286,4721.65752
5.173567,388,4722.931562
1.423629,85,4723.037874
1.460726,67,4723.100199
0.048179,29,4723.135369
3.658889,332,4723.640724
3.003438,401,4724.217569
4.41375,141,4724.463528
0.090023,94,4724.588619
3.623438,209,4724.879697
2.22611,326,4725.378958
2.698261,102,4726.153586
1.978235,157,4726.313205
3.063103,149,4726.540059
2.646842,100,4726.676713
1.893571,83,4726.786271
3.673226,122,4726.991015
1.315,174,4727.237944
3.449444,598,4728.186805
2.583043,155,4728.3917
2.460625,67,4728.4787
3.837813,123,4728.785564
2.016979,87,4728.908273
3.098571,124,4729.0651
4.8125,134,4729.904881
3.996552,234,4730.253762
3.508276,117,4730.434837
3.055714,148,4730.650862
2.861578,411,4731.269228
2.327143,249,4731.546744
3.886765,417,4732.171976
2.585556,88,4732.294644
1.32,112,4732.414289
4.77095,342,4733.383855
3.665938,233,4733.708191
-0.1253,168,4733.87064
3.028929,163,4734.123161
3.637778,232,4734.48895
2.733043,86,4734.623155
2.36,360,4735.135456
1.479405,248,4735.435301
0.198284,48,4735.487681
0.288652,54,4735.572941
0.158305,44,4735.628968
0.330511,48,4735.685416
2.425,102,4735.818484
0.878707,131,4736.605529
1.832308,54,4736.690721
0.906644,187,4736.94853
1.865,42,4737.0015
1.682727,61,4737.073349
2.293333,196,4737.345947
3.970513,179,4737.692014
2.103478,233,4738.028424
1.823333,52,4738.092778
3.404848,208,4738.443554
2.711304,96,4738.582253
3.21,162,4738.843908
0.498899,225,4739.08334
0.584199,139,4739.291646
2.312381,188,4740.220089
2.56,84,4740.323174
2.497201,280,4740.728948
2.245238,212,4741.008776
2.204706,80,4741.132813
0.628782,97,4741.240857
4.63584,424,4741.823836
3.24625,252,4742.19659
1.819375,173,4742.398013
3.425714,318,4742.934816
2.458,311,4744.086734
2.854815,208,4744.408447
3.373342,335,4744.943344
3.967241,77,4745.054149
4.194286,496,4745.71244
2.36375,98,4745.819572
1.67,40,4745.871745
3.081034,185,4746.128763
3.863333,110,4746.2958
2.440952,134,4746.451181
2.83,85,4746.560969
1.425,89,4747.381341
3.974138,73,4747.494106
-0.06947,68,4747.609939
2.5375,87,4747.713683
2.993684,86,4747.820586
2.231429,78,4747.905557
2.4775,81,4748.002377
1.377778,76,4748.087528
2.858,106,4748.244839
1.096272,341,4748.620376
4.477273,114,4748.812291
2.275,154,4748.99776
0.568318,134,4749.156292
2.557619,85,4749.286728
2.688,196,4749.535236
1.325,109,4749.652437
3.02,80,4749.774041
0.00039,98,4749.882853
2.07,244,4750.913839
0.793292,57,4750.979136
3.76,144,4751.221694
1.235247,185,4751.467094
3.436875,130,4751.687585
2.450476,130,4751.859989
0.506584,124,4752.022001
2.565238,128,4752.178583
1.922778,215,4752.401458
-0.0677,37,4752.438155
2.424471,591,4753.355968
3.945,93,4753.509774
2.4475,121,4754.235701
1.91,111,4754.345671
1.810588,214,4754.583503
2.154565,279,4754.924454
1.997857,191,4755.122688
4.0125,150,4755.359702
2.495,74,4755.4421
3.529412,184,4755.696493
2.635217,131,4755.850342
1.032119,205,4756.156298
1.455016,112,4756.29941
1.668824,235,4756.540104
0.267365,15,4756.559815
1.068029,200,4757.473809
0.568996,73,4757.580847
3.909474,160,4757.861696
2.579412,58,4757.931072
0.263012,15,4757.951659
3.463438,113,4758.139869
2.468095,152,4758.322344
2.33,147,4758.503333
2.4875,77,4758.688522
1.690631,384,4759.411171
3.540556,302,4759.931222
2.678636,71,4760.017487
2.548095,89,4760.125392
1.798824,218,4760.39831
0.324264,117,4761.238473
2.160588,95,4761.362507
2.3375,137,4761.52267
3.24427,218,4761.875273
7.101166,367,4762.253657
1.625,51,4762.304088
2.071361,434,4762.86883
0.210225,233,4763.146747
1.305,113,4763.273729
3.213333,160,4763.517498
2.745217,154,4763.724871
2.670526,91,4764.465599
2.682,199,4764.726968
0.125211,45,4764.770881
3.978803,308,4765.202803
2.634577,209,4765.46453
2.290476,193,4765.694168
2.217222,109,4765.841139
2.251765,64,4765.92614
3.510294,197,4766.21168
1.698824,252,4766.550709
1.993333,186,4766.768874
2.114444,146,4766.963334
1.956111,203,4768.043386
2.7875,102,4768.175065
3.796875,98,4768.320947
4.042632,302,4768.979908
2.39,240,4769.311631
3.573529,154,4769.595772
1.948333,231,4769.898776
3.447059,240,4770.294604
4.184545,426,4770.930224
2.646818,85,4771.038765
3.07931,186,4771.996614
0.046061,81,4772.104016
2.069375,93,4772.212599
3.449063,167,4772.467206
1.716154,105,4772.605305
2.606957,144,4772.801463
2.766429,310,4773.221086
0.775945,90,4773.339088
3.967857,74,4773.434232
2.069412,126,4773.642252
3.233125,254,4773.998906
1.84125,166,4774.240116
0.231628,82,4774.33201
3.428696,502,4775.514511
1.8,192,4775.743912
2.270556,61,4775.823533
2.256923,45,4775.877293
1.746364,47,4775.931914
2.402857,150,4776.111615
1.300769,213,4776.348803
2.405909,191,4776.578859
0.226044,96,4776.715654
4.36,114,4776.91806
2.72,92,4777.036207
2.1225,76,4777.133067
2.196054,264,4777.472408
3.024375,394,4778.884019
1.650625,227,4779.194078
3.429412,252,4779.576483
2.628,226,4779.893763
2.37,120,4780.037937
-0.12472,49,4780.091048
3.312778,466,4780.945422
3.127143,108,4781.149092
1.91,144,4781.293945
2.58125,201,4781.577195
4.04125,191,4782.610542
2.05,209,4782.829992
1.981875,121,4782.987829
2.44,96,4783.102355
1.967764,189,4783.339046
2.574286,78,4783.457527
2.200476,235,4783.741903
3.852857,271,4784.162943
2.001875,89,4784.262318
0.255494,53,4784.312642
1.769282,137,4784.48804
-0.026439,53,4784.561884
2.505238,107,4784.71142
1.7025,81,4784.810302
2.357623,456,4786.088582
1.039415,261,4786.391406
1.773571,97,4786.499294
0.915843,119,4786.661353
0.543182,91,4786.797746
1.943333,101,4786.913129
0.285432,149,4787.09043
2.311067,134,4787.325485
2.4925,75,4787.413272
2.552857,87,4787.510488
3.546667,152,4787.718587
2.717895,73,4787.822676
3.340303,244,4788.208462
2.985758,478,4789.679658
2.319545,229,4789.953141
-0.552345,74,4790.04307
2.596,242,4790.370593
1.996667,85,4790.475448
2.654783,122,4790.642221
2.04,72,4790.723431
2.116667,49,4790.778042
3.682813,171,4791.048581
2.402632,75,4791.141239
2.16625,62,4791.212184
-0.173507,13,4791.228302
4.735,528,4791.980936
3.539119,425,4793.176559
3.893333,124,4793.384088
2.54619,220,4793.629924
3.279688,525,4794.395122
3.05642,173,4794.627699
3.863333,209,4794.917545
2.000625,115,4795.063826
3.22931,99,4795.214015
2.694211,82,4795.310186
1.810833,55,4795.373826
1.63,50,4795.450562
1.34,108,4796.222742
2.874,103,4796.350209
1.405723,81,4796.441577
0.663384,116,4796.584953
3.140938,313,4797.079124
1.906875,145,4797.248642
2.106111,149,4797.431075
3.881515,98,4797.730295
2.488235,89,4797.823032
2.1625,108,4797.956924
4.925789,292,4798.44479
1.89125,150,4798.633611
3.898649,334,4799.781549
1.838643,205,4800.09419
2.38381,158,4800.30057
3.691111,136,4800.555352
3.742188,133,4800.763724
0.23419,55,4800.85175
3.401364,61,4800.948975
2.072355,327,4801.351756
3.914412,133,4801.592169
2.35,132,4801.769577
2.09,57,4801.839564
3.2,396,4802.384384
5.958076,325,4803.507429
2.820455,145,4803.789356
2.917647,600,4804.819673
1.439268,206,4805.357124
4.576579,185,4805.650137
2.4625,87,4805.758662
1.76,192,4806.002799
2.529048,97,4806.131999
3.811818,144,4806.374674
3.74375,132,4806.600674
2.1125,227,4807.471005
2.135,72,4807.560753
0.068792,39,4807.630371
1.739286,129,4807.799661
4.536977,252,4808.267149
2.315,146,4808.447331
2.44,96,4808.577757
3.281667,119,4808.75486
1.819167,53,4808.819799
3.333182,91,4808.929006
-3.70336,2000,4811.514272
0.226031,93,4811.601225
1.693291,238,4811.910614
2.11,51,4811.963148
2.32,72,4812.038422
3.573704,511,4812.685035
1.446923,175,4813.551609
3.136071,103,4813.807645
2.350556,61,4813.885665
3.067374,484,4814.606493
3.432188,133,4814.826518
3.840606,125,4815.049803
1.848333,46,4815.114098
3.133824,453,4815.785984
2.257647,62,4815.864215
2.622,224,4816.164616
-0.102647,96,4816.407144
3.932273,153,4816.613709
3.864848,109,4817.504831
2.465,86,4817.640132
2.73087,87,4817.751228
3.932759,97,4817.897825
2.904,88,4818.015019
2.906,87,4818.133673
2.490909,180,4818.38034
2.03,75,4818.46659
3.597059,138,4818.798258
2.916,82,4818.949995
2.5025,71,4819.045166
2.296316,142,4819.236308
3.720425,488,4820.06732
3.671429,146,4820.327146
0.780823,89,4820.44778
2.555,407,4821.540448
2.4975,73,4821.657105
0.498329,106,4821.776293
1.906875,145,4821.926374
0.0431,65,4822.025019
2.419412,445,4822.646648
2.300556,79,4822.748229
4.7,224,4823.158313
2.071178,268,4823.513979
-0.109137,142,4823.690657
2.906,87,4823.818619
3.769063,167,4824.704467
2.5175,65,4824.778637
3.422059,257,4825.129164
3.369091,225,4825.507944
1.745721,219,4825.79112
3.014138,218,4826.087299
3.789063,103,4826.226192
-3.79336,2000,4829.17899
1.355455,133,4829.296843
2.740714,414,4829.83006
1.419091,119,4829.968937
2.237059,69,4830.085444
0.253079,206,4830.338105
3.471471,441,4831.613154
3.345,527,4832.400494
2.41,164,4832.607697
3.81037,70,4832.709412
2.363684,86,4832.83486
2.508636,357,4833.249663
1.181875,377,4833.765451
2.534286,225,4834.74817
-0.205855,66,4834.820435
4.123333,172,4835.084302
2.526667,98,4835.20965
1.47,378,4835.657917
4.518182,87,4835.795492
2.376522,250,4836.251965
3.145,98,4836.393306
-0.037187,153,4836.634871
2.24,68,4836.727185
3.461875,114,4836.933641
1.939231,47,4836.990309
3.4275,136,4837.194424
-0.192517,68,4837.273463
3.889167,58,4837.398722
1.272222,95,4838.184258
-0.013881,26,4838.221373
3.44625,124,4838.427302
2.150476,256,4838.726226
2.568345,391,4839.211515
15.881222,755,4840.015356
1.763125,191,4840.210409
-0.428289,124,4840.358778
3.312857,509,4841.901172
2.363158,90,4842.035883
5.743191,457,4842.668492
2.350556,61,4842.747347
3.743077,567,4843.709697
1.824444,218,4843.988537
1.280626,204,4844.274397
2.92,80,4844.389595
2.836,122,4845.153957
3.515382,101,4845.291211
2.225,182,4845.492904
11.23375,733,4846.753146
2.715652,94,4846.866538
4.0525,182,4847.153738
2.678696,111,4847.303779
0.819849,184,4847.610884
2.153426,292,4848.013434
1.556875,257,4849.096786
2.339565,267,4849.448721
3.162069,138,4849.650063
2.648462,266,4849.999609
3.098571,124,4850.181888
2.988333,295,4850.585053
3.556364,108,4850.758226
0.157097,44,4850.813287
1.819167,53,4850.876159
1.913336,347,4851.36098
1.835833,49,4851.419371
0.318561,45,4851.468309
3.468125,110,4851.641267
3.052963,101,4852.402801
44.917333,2000,4855.190971
0.998038,44,4855.248601
4.016667,98,4855.39006
2.492718,329,4856.079702
1.419091,119,4856.213574
3.791579,159,4856.405407
2.14,26,4856.444958
2.599091,106,4856.582134
3.173636,354,4857.078291
2.515,66,4857.164251
3.76875,116,4857.403886
1.769375,189,4857.610971
2.435,98,4857.734362
1.36,104,4857.875282
3.475129,125,4858.06339
2.027235,243,4858.984962
1.663125,223,4859.205651
2.481667,244,4859.524264
2.010909,57,4859.591379
3.570588,156,4859.85735
28.672865,1343,4861.67839
2.272857,234,4861.976906
3.130714,106,4862.117348
2.116667,49,4862.189586
2.213529,77,4862.284394
1.350075,197,4862.590063
3.681111,264,4862.948868
3.53931,99,4863.114045
3.168421,50,4863.172288
2.421818,184,4863.389364
2.656,212,4863.725086
2.504167,238,4863.994961
1.982105,231,4864.989163
3.791944,121,4865.205354
1.67,183,4865.402464
2.223684,143,4865.567028
2.6,156,4865.753927
3.208333,163,4865.997559
0.932727,226,4866.27945
4.336765,111,4866.496334
3.648333,85,4866.629939
3.157895,54,4866.70012
2.41,147,4866.888253
3.546207,95,4867.043738
42.712142,2000,4869.653378
3.159286,90,4869.782572
1.862632,246,4870.051688
3.609063,423,4871.471564
2.685556,52,4871.541548
3.607097,163,4871.820724
1.21,132,4871.965783
3.474359,566,4872.912263
2.16,64,4873.002534
0.130436,54,4873.06175
1.866667,124,4873.322118
3.769722,137,4873.560928
4.484541,363,4874.196338
2.646818,85,4874.315334
4.815,132,4875.15438
3.823939,136,4875.339679
4.190541,118,4875.537554
1.469091,108,4875.660594
1.864286,94,4875.772476
1.96,128,4875.937688
1.595,57,4876.002602
-0.010193,71,4876.073237
4.269118,157,4876.341242
2.11,51,4876.40633
1.682143,145,4876.552997
1.86625,158,4876.733701
1.528395,48,4876.819335
1.807647,215,4877.039118
-0.628774,390,4877.403582
3.385455,201,4878.246014
2.610455,101,4878.381147
2.589091,172,4878.657489
2.924762,61,4878.742227
2.529375,45,4878.802552
1.155912,92,4878.934182
0.348435,53,4879.014026
2.833636,170,4879.217566
1.888125,151,4879.390266
3.687742,113,4879.588795
2.013158,223,4879.852769
2.276842,119,4880.014679
2.784,148,4880.224282
2.377083,299,4880.59664
3.804242,149,4880.826807
2.649474,99,4880.929677
2.1425,207,4881.759481
4.034286,158,4882.000817
3.263438,241,4882.296973
2.646818,85,4882.40139
1.385833,157,4882.574971
1.52,72,4882.657458
46.631934,2000,4885.460047
2.51,68,4885.549935
2.499091,150,4885.730761
4.83375,117,4885.921078
2.312381,188,4886.127805
1.576667,187,4886.362152
3.838438,161,4886.622834
2.328571,177,4886.833065
-0.096439,24,4886.8652
1.948421,240,4887.959111
-1.818801,931,4888.878785
1.580748,115,4889.017657
1.860833,43,4889.069241
1.563333,215,4889.302058
1.925556,214,4889.558982
1.86,126,4889.724971
2.207778,278,4890.711098
2.948163,248,4891.049559
0.632996,147,4891.272544
0.691274,147,4891.461378
3.233125,254,4891.87202
3.955455,102,4892.027643
2.424091,183,4892.265383
3.276875,226,4892.757845
4.592703,109,4892.972005
3.965517,78,4893.101452
1.695,37,4893.146398
2.653636,82,4893.25154
1.971875,121,4893.40944
0.081199,60,4893.464752
3.652973,279,4894.675688
2.371496,210,4895.008155
2.335,138,4895.176975
2.540444,472,4895.868456
3.606667,110,4896.04049
3.516176,193,4896.348278
2.006667,82,4896.443153
2.063125,95,4896.559409
3.804815,73,4896.663527
1.893333,116,4896.814906
3.946316,132,4897.032173
1.72375,226,4897.337931
1.854615,69,4897.4224
2.311905,184,4898.24097
2.144375,69,4898.315517
2.102857,276,4898.632164
1.665,90,4898.75557
3.346667,119,4898.904283
2.407895,73,4898.999936
3.269688,429,4899.585284
3.105517,165,4899.821382
2.01,112,4899.939769
2.945357,389,4900.377552
3.494063,119,4900.536205
1.5525,117,4900.734311
3.103929,121,4901.52667
0.20669,77,4901.637937
-0.0377,56,4901.714314
2.847895,54,4901.78543
-8.583001,2000,4903.691464
3.585,123,4903.856754
3.6025,216,4904.187411
1.863125,159,4904.348791
1.725625,203,4904.573956
2.7475,97,4904.721114
3.217241,106,4904.875041
1.938125,135,4905.024747
0.547574,133,4905.155332
2.378407,145,4905.346828
2.257647,62,4905.412857
1.58,258,4905.67382
3.313939,367,4906.96999
2.608182,102,4907.106351
1.359149,65,4907.191693
2.198824,82,4907.310761
1.714882,254,4907.584201
2.588571,72,4907.676557
1.918947,255,4907.95815
2.756957,75,4908.057698
4.100625,102,4908.210416
3.366667,99,4908.362685
4.149535,310,4908.957631
3.424091,51,4909.037314
4.431429,104,4909.200209
5.081429,83,4909.340756
2.748261,79,4909.445486
2.367273,208,4910.423201
2.205967,215,4910.712856
2.37,248,4911.008706
3.891875,178,4911.260943
3.864848,109,4911.448358
3.218,331,4911.877523
0.585664,127,4912.059653
3.317576,259,4912.462255
2.635217,131,4912.631457
3.008519,125,4912.830805
2.286842,119,4912.976454
2.16625,62,4913.051213
2.572727,254,4914.021487
2.634,223,4914.370096
4.442564,115,4914.561486
2.542,229,4914.857427
1.627778,31,4914.901602
3.293333,112,4915.085774
-0.005898,91,4915.180144
3.596563,175,4915.443572
2.766923,116,4915.626283
0.854338,19,4915.656264
1.211111,106,4915.786849
2.908,86,4915.910931
0.472856,25,4915.93715
2.254706,63,4916.004956
0.547449,180,4916.225643
3.63125,204,4916.768151
-2.436592,2000,4920.013928
-6.604344,2000,4922.063087
2.540952,92,4922.163776
1.63,50,4922.235306
2.094375,85,4922.897133
2.380439,182,4923.168109
2.91,85,4923.297222
-0.583614,101,4923.397025
2.776,152,4923.668854
2.914063,567,4924.513265
2.12875,74,4924.602086
2.667826,116,4924.778083
44.982591,1997,4927.87605
4.367895,108,4928.043387
2.862,104,4928.1675
1.902313,230,4928.494214
2.223889,103,4928.639032
2.07,162,4928.826215
4.424211,240,4929.979857
5.072857,89,4930.11084
3.486875,290,4930.533563
1.522222,50,4930.705373
2.4875,77,4930.813099
2.57,255,4931.130164
2.358889,58,4931.235491
3.299375,218,4931.544113
4.426667,240,4931.944768
2.258421,126,4932.086131
4.511351,110,4932.295273
3.480625,102,4932.463722
2.7075,343,4933.641644
2.529375,45,4933.702861
2.274286,204,4934.103364
3.836937,319,4934.67932
2.5075,52,4934.747043
2.377857,37,4934.794997
1.468226,46,4934.843852
1.63,50,4934.910432
3.117407,320,4935.338778
1.975625,123,4935.509805
2.653636,82,4935.613775
3.371515,230,4935.928962
0.077462,35,4935.983029
1.947393,246,4936.303328
2.676,202,4937.285666
2.14,184,4937.477647
3.7875,104,4937.636283
-5.03598,2000,4939.849558
3.773889,134,4940.04731
1.960588,163,4940.22059
0.559029,38,4940.288821
2.553636,126,4940.4607
4.8325,118,4940.674181
2.749474,61,4940.751205
2.948571,208,4941.058812
3.9625,77,4941.166996
5.2225,174,4941.475754
3.091667,233,4941.788643
0.023605,64,4941.862061
2.160769,70,4941.947325
3.080937,371,4943.096157
1.697273,93,4943.189774
3.097368,77,4943.283236
3.196552,118,4943.469352
2.14125,70,4943.564573
2.904,88,4943.685888
2.308889,76,4943.781886
2.569545,119,4943.928556
3.56,174,4944.188431
3.513333,264,4944.620588
2.204167,35,4944.65742
2.318095,152,4944.864073
3.164,113,4945.014058
2.749474,61,4945.093322
2.021429,50,4945.152978
2.678636,71,4945.25106
3.735,162,4945.516071
4.531818,78,4945.63476
3.796111,118,4945.856515
2.835,62,4946.60152
3.302,84,4946.710589
1.450909,112,4946.83923
3.937931,94,4946.984114
2.639565,129,4947.162663
1.166401,49,4947.224992
1.67,40,4947.271257
4.476667,204,4947.685852
2.572174,160,4947.964348
1.063284,236,4948.359221
0.315695,63,4948.455206
3.663793,253,4948.851102
1.439111,290,4949.253294
1.810714,109,4949.376512
1.389797,178,4949.653296
1.558333,190,4950.531301
4.813881,387,4951.042252
2.738947,65,4951.135681
1.441105,209,4951.412364
2.1975,52,4951.482782
3.224375,266,4951.868263
2.561276,214,4952.172085
-0.170794,30,4952.199617
1.538125,263,4952.486846
0.390382,206,4952.759256
3.222069,283,4953.852336
3.119063,327,4954.388732
4.43,441,4955.227369
-4.403415,2000,4957.406841
0.420818,248,4957.6967
2.42625,78,4957.784897
3.635294,112,4957.963082
2.678636,71,4958.065144
3.837931,152,4958.262659
1.8775,39,4958.306317
6.317813,315,4958.763053
3.303939,268,4959.805124
3.589706,143,4960.034628
3.992308,162,4960.323645
3.87375,100,4960.471748
1.76,156,4960.727263
0.568318,254,4961.030073
2.7875,102,4961.170624
3.239655,93,4961.300009
2.544,268,4961.612769
1.578182,84,4961.708912
3.276667,122,4961.89735
1.823333,52,4961.967962
9.679987,627,4963.64081
1.119512,83,4963.762738
2.13,220,4964.068643
2.792727,188,4964.30784
-0.017063,40,4964.348316
1.485,79,4964.432054
1.15332,243,4964.729888
4.52125,119,4964.938445
4.511351,110,4965.135945
1.563333,215,4965.35925
2.45,310,4965.734235
3.073478,72,4965.836497
4.639394,271,4966.953788
3.78125,108,4967.131811
2.593333,70,4967.222606
2.22,184,4967.444645
2.576364,116,4967.606231
-6.3303,2000,4969.640495
3.537127,619,4970.703688
1.844598,340,4971.113521
2.980952,71,4971.213545
1.755455,45,4971.295847
2.241739,312,4971.647869
1.79375,178,4971.856421
1.760833,67,4972.622286
0.367909,76,4972.709497
1.7075,260,4972.993362
3.541667,101,4973.158731
2.163529,94,4973.302533
3.326061,260,4973.691113
0.076147,18,4973.711056
1.729203,105,4973.865822
3.024138,218,4974.190858
2.877143,81,4974.300049
1.211855,50,4974.368972
2.28513,124,4974.553438
2.470455,299,4974.912851
1.20456,303,4976.077603
1.3025,177,4976.296139
2.991481,172,4976.545039
3.792188,101,4976.714318
1.833333,134,4976.882943
4.146296,56,4976.958477
2.050476,298,4977.329425
2.168947,160,4977.544816
3.938333,97,4977.698055
2.160588,95,4977.832105
2.308353,142,4978.023243
2.278889,112,4978.173076
3.346296,110,4978.322617
2.240952,218,4978.64522
1.8825,252,4979.566292
0.609314,187,4979.759234
3.497931,123,4979.925595
2.373125,95,4980.036482
2.010714,53,4980.10656
2.700357,347,4980.574048
2.793103,439,4981.134212
2.253333,96,4981.247537
1.921875,185,4981.467054
1.18776,113,4981.6313
1.915455,78,4981.717692
2.688824,48,4981.78371
1.916517,339,4982.882607
2.173684,219,4983.135598
4.481818,111,4983.325137
0.496511,59,4983.423795
2.517143,102,4983.628073
1.989444,191,4983.926503
1.703125,207,4984.289232
3.42303,229,4984.690557
0.560603,213,4984.937286
1.561111,43,4985.013685
0.049365,49,4985.082928
-0.256667,29,4985.110857
0.158778,34,4985.16335
-0.047147,75,4985.234621
1.275,259,4985.501719
-0.498594,178,4986.369333
2.151765,98,4986.482349
2.0825,239,4986.802626
1.464122,336,4987.148456
3.35,204,4987.41213
2.733043,86,4987.551822
1.247506,125,4987.721403
0.18535,85,4987.841487
2.245385,48,4987.913169
2.704783,99,4988.061637
1.098478,149,4988.20385
4.44375,228,4988.543854
0.498467,63,4988.621376
2.765,90,4988.738136
0.638797,42,4988.788049
1.581373,118,4989.672276
2.414,328,4990.039526
3.053929,149,4990.250757
1.8,176,4990.4678
2.15375,66,4990.543701
2.764,158,4990.845775
2.09125,86,4990.955199
3.47125,108,4991.122061
1.888125,151,4991.289743
3.068214,309,4991.659231
3.276667,122,4991.833741
3.911471,135,4992.060728
3.278333,121,4992.237964
1.625,51,4992.295684
1.705,35,4992.338022
3.227941,389,4993.569308
4.192121,91,4993.707559
3.596471,314,4994.124827
3.8,312,4994.622033
2.363158,90,4994.717499
2.548,266,4995.008391
3.27963,146,4995.200431
2.617895,111,4995.344687
2.311667,75,4995.440156
2.864,103,4995.586818
2.231176,71,4995.799585
3.773889,134,4996.646297
3.1625,55,4996.714896
1.694375,213,4996.991119
1.024393,311,4997.356187
3.242,74,4997.468103
2.776285,435,4998.078336
4.1225,88,4998.219221
1.871579,273,4998.536338
2.192941,84,4998.717615
3.758333,205,4999.081125
4.503243,116,4999.309322
3.065926,94,4999.455933
2.2675,165,5000.217691
2.076667,61,5000.290803
1.854781,200,5000.599096
1.56006,342,5001.03683
3.403704,79,5001.152631
1.423852,147,5001.381127
3.487813,347,5001.867324
3.975,279,5002.287401
0.464441,31,5002.346165
2.213333,116,5002.482675
5.314638,299,5002.782826
1.448333,142,5003.495197
2.912857,66,5003.582857
2.386842,81,5003.709193
0.912443,109,5003.835515
3.855455,168,5004.09075
1.007739,214,5004.333868
2.54375,66,5004.416496
2.254706,63,5004.497938
1.778256,179,5004.733658
0.155601,218,5005.035385
2.358889,58,5005.112648
1.746667,160,5005.299778
-0.322681,89,5005.389091
-0.46711,189,5005.578152
2.037059,137,5005.744374
2.392105,79,5005.840703
1.93,105,5006.563153
1.523333,124,5006.685491
4.661395,145,5006.93789
2.715652,94,5007.062644
1.02,172,5007.269581
3.125313,323,5007.896227
3.92,370,5008.486371
2.29983,403,5009.174304
3.075,162,5009.358229
2.264615,43,5009.403494
2.596818,107,5009.528678
2.574286,78,5010.39575
3.066429,142,5010.619679
1.279738,190,5010.87675
2.68087,110,5011.009077
1.994375,117,5011.174892
1.89155,274,5011.511239
2.053333,68,5011.593517
1.577778,40,5011.669831
2.025,49,5011.729018
1.7,36,5011.76948
2.721786,335,5012.224928
2.685882,49,5012.288042
3.43,444,5012.970099
4.579189,119,5013.181649
4.200909,138,5014.126309
2.19,196,5014.388374
3.372,254,5014.728724
3.205172,113,5014.911457
-8.358561,2000,5017.245583
1.705,35,5017.286457
-0.050283,84,5017.364999
2.757368,58,5017.434643
3.487105,481,5018.17938
4.048333,79,5018.298021
0.11039,22,5018.3211
3.47,165,5018.541842
2.86625,141,5018.708826
1.875,91,5018.802791
4.11625,92,5018.962191
3.74375,132,5019.190168
2.586795,334,5020.376408
2.453462,408,5021.077531
2.564762,82,5021.180442
-0.08889,22,5021.21305
4.602162,102,5021.373828
4.215185,62,5021.461123
2.3,153,5021.655474
2.945,210,5021.95542
0.122462,27,5021.987484
0.069874,98,5022.121776
4.42625,131,5022.363518
3.088251,492,5023.227876
16.191829,808,5025.279936
1.878947,274,5025.590895
2.247909,330,5026.053288
3.4275,136,5026.300576
2.6175,145,5026.493946
3.410313,147,5026.731988
4.127188,85,5026.896523
4.48,728,5028.786991
1.596667,253,5029.095641
2.218,431,5029.649088
4.805,140,5029.885201
2.654642,123,5030.043044
2.46375,66,5030.137085
2.083333,59,5030.212484
1.357143,236,5030.492276
4.202576,301,5031.624582
2.140952,260,5031.916744
1.076379,248,5032.212802
3.553103,91,5032.34605
1.486979,276,5032.672617
0.268699,32,5032.712817
3.194828,119,5032.933698
0.232955,37,5032.971712
2.345,63,5033.042985
0.14486,74,5033.14072
2.269412,58,5033.212984
2.295385,35,5033.254524
2.543333,91,5033.381561
2.043333,71,5033.46572
2.135,72,5033.560041
0.439849,106,5033.721677
3.616667,104,5033.881979
3.298333,109,5034.0671
2.841429,96,5034.796635
1.9725,124,5034.962383
2.317222,73,5035.058285
3.608824,130,5035.259897
4.443846,114,5035.467766
1.819167,53,5035.684768
3.392593,85,5035.830026
0.868453,253,5036.121697
-0.40961,102,5036.236957
1.666471,263,5036.587806
0.072796,38,5036.649336
2.242191,169,5036.970016
1.931176,173,5037.20692
2.92,80,5037.312395
2.912,84,5037.421316
1.670714,193,5037.617058
2.678636,71,5038.430559
2.464762,124,5038.590715
1.5,76,5038.678062
2.181875,57,5038.75883
3.444688,125,5038.959716
3.189706,415,5039.592182
2.14125,70,5039.698413
2.172353,91,5039.885526
2.074286,288,5040.225495
0.987424,30,5040.275963
3.275926,148,5040.48029
3.101579,45,5040.538075
0.430196,73,5040.638752
1.080843,140,5040.946721
2.704783,99,5041.114551
2.292712,338,5042.851432
3.648462,207,5043.229803
-0.795535,269,5043.505214
2.852963,209,5043.953331
3.608824,130,5044.185625
2.3,114,5044.326686
2.086667,58,5044.400646
2.576667,77,5044.53246
2.565652,163,5044.763934
1.985272,428,5045.327132
3.884688,93,5045.471641
2.146143,117,5045.619258
2.11,80,5045.711883
2.835417,79,5046.548871
2.47625,405,5047.101929
2.342857,171,5047.340883
2.646818,85,5047.462745
2.355238,170,5047.708088
3.003333,473,5048.396352
2.705382,317,5048.817771
2.1125,355,5049.233992
3.547273,114,5050.054615
2.33,132,5050.20046
2.665,77,5050.300073
2.615714,484,5051.061144
1.907647,181,5051.30964
2.347368,96,5051.48331
3.285313,195,5051.814372
1.479393,161,5052.030591
2.426667,140,5052.212724
3.1675,53,5052.288303
2.76,57,5052.381382
0.925052,233,5052.639942
1.6,36,5052.684029
0.104199,69,5052.784793
4.023333,94,5053.539426
2.483043,201,5053.800111
2.371127,536,5054.449462
3.629677,149,5054.674482
3.058333,253,5055.175916
2.979259,400,5055.723981
2.087808,138,5055.966714
2.998571,180,5056.203722
2.1725,60,5056.276331
4.10375,100,5057.145974
4.423333,130,5057.363578
2.906,87,5057.482048
0.331487,35,5057.551175
4.07125,167,5057.848449
2.573529,60,5057.920572
2.424,328,5058.425004
3.748947,282,5058.997626
1.714545,54,5059.09034
1.610714,165,5059.278188
2.820833,86,5059.395512
3.382866,387,5060.139375
2.06,66,5060.219236
2.557778,98,5060.351817
2.825357,277,5061.563389
3.405909,59,5061.644333
-0.215051,78,5061.729185
2.697647,45,5061.876316
2.434375,101,5062.012389
1.660714,151,5062.211298
2.866,107,5062.38059
2.892,94,5062.510113
3.184483,125,5062.736705
3.790625,102,5062.916245
1.78,150,5063.115418
1.42875,298,5063.47996
0.394281,220,5063.727263
2.14,216,5063.99854
2.150625,67,5064.088754
1.704142,193,5064.969156
1.903333,113,5065.102913
0.763656,70,5065.221313
1.222222,104,5065.336422
2.3325,139,5065.514403
5.055,276,5066.094111
4.20037,70,5066.206771
3.851212,118,5066.403837
2.814,168,5066.625816
0.151558,87,5066.762004
1.523636,96,5066.883774
1.63,195,5067.117978
4.292564,232,5067.538993
2.748261,79,5067.766025
2.1225,76,5067.940626
2.884,98,5068.963064
3.093214,127,5069.149962
3.072963,263,5069.52349
1.607647,283,5069.896798
2.254706,63,5069.993473
3.608824,130,5070.204817
5.091429,76,5070.349812
1.116539,132,5070.58856
3.28,175,5070.832752
-8.426175,2000,5073.179076
1.706875,209,5073.415714
2.520588,129,5073.645275
0.138561,77,5073.7323
2.05375,98,5073.847929
0.881893,168,5074.019334
3.137857,102,5074.258143
1.611111,34,5075.110572
4.349474,122,5075.330179
3.276667,122,5075.549852
2.698261,102,5075.707171
1.719091,53,5075.767795
1.80755,116,5075.930491
1.810379,91,5076.050472
0.09783,79,5076.152693
0.407812,26,5076.185849
1.544899,185,5076.641407
0.182043,109,5076.793354
2.326667,182,5077.036051
3.295,207,5077.371918
1.935385,48,5077.433024
2.570588,61,5077.509629
0.824712,40,5077.57079
2.92931,273,5078.030635
2.455074,271,5079.391357
0.713108,58,5079.478249
2.021429,50,5079.54263
1.931111,212,5079.823201
1.963684,238,5080.135392
2.376316,85,5080.304532
1.400312,196,5080.544899
2.126875,145,5080.804279
3.946552,89,5080.943805
0.23305,152,5081.147464
2.652609,123,5081.342069
2.467273,164,5081.573837
1.775625,187,5081.905616
1.7,36,5081.951937
2.124545,32,5081.991201
1.273977,116,5082.181583
1.5025,129,5083.144298
2.495,56,5083.229747
2.242857,213,5083.553682
3.223333,334,5083.997579
0.215845,175,5084.242117
1.032239,100,5084.39614
2.76875,111,5084.565895
3.625,119,5084.891542
1.714545,54,5084.993362
2.450909,268,5085.317569
2.1175,225,5085.623682
3.009677,335,5086.134568
1.550769,148,5086.939093
1.662308,119,5087.054317
2.45,92,5087.16917
3.954286,305,5087.649395
2.212941,186,5087.935331
3.866364,108,5088.116046
2.717826,93,5088.252563
0.111311,126,5088.464523
2.728421,69,5088.548131
3.168421,50,5088.684523
2.87,105,5088.835047
1.213662,46,5088.895501
2.43858,314,5089.387429
1.494444,55,5089.462738
2.628636,93,5089.58779
3.426667,187,5090.539052
0.280136,42,5090.585701
3.385714,458,5091.28027
4.05,330,5091.837099
2.129404,1033,5092.843096
2.823793,427,5094.141482
3.547931,94,5094.30691
1.69,52,5094.370991
3.743333,156,5094.644103
2.595714,69,5094.753116
2.31,189,5095.0126
3.173169,376,5095.797585
2.564,253,5096.182349
1.533333,48,5096.23979
2.867619,85,5096.364896
3.127931,152,5096.646853
1.878291,160,5096.853908
2.743913,81,5097.009286
3.799459,400,5098.95215
1.465,83,5099.072584
0.592792,92,5099.257839
2.927143,60,5099.354978
3.111071,117,5099.535626
3.26303,295,5100.000613
-0.256702,27,5100.042687
2.032941,186,5100.26284
2.263529,60,5100.351789
4.12,384,5101.076743
3.869063,103,5101.246729
1.803333,143,5101.398699
2.178235,89,5101.533069
1.840769,70,5101.607377
4.621622,206,5102.951238
1.981111,194,5103.177114
3.529487,523,5104.410355
1.686667,178,5104.828034
3.623793,137,5105.013065
3.602941,134,5105.235871
3.278571,236,5105.625479
2.5125,67,5105.721767
1.981429,327,5106.148988
3.418125,142,5107.223417
2.040556,169,5107.499699
0.683777,188,5107.704341
2.242941,67,5107.795247
2.452891,105,5107.944796
1.84,132,5108.138858
-0.004622,27,5108.182288
0.099682,122,5108.37513
2.276364,69,5108.465191
1.516667,229,5108.755229
2.192105,155,5109.013137
3.676579,337,5109.792318
1.078226,181,5110.186441
2.421905,142,5110.514715
3.149519,222,5112.483532
3.45875,116,5112.655455
1.577778,40,5112.705585
3.953333,88,5112.876629
2.653636,82,5113.000833
2.010714,53,5113.075038
0.60046,74,5113.201712
3.239583,149,5113.426985
3.110313,339,5113.93703
1.767887,354,5114.436317
3.06037,97,5114.587754
3.996154,159,5114.891239
3.322222,123,5115.059556
0.828234,153,5115.271497
3.6,136,5116.884794
2.872727,122,5117.111654
1.440447,192,5117.525015
2.44,96,5117.667967
2.423684,67,5117.829414
3.632353,114,5118.04058
0.585372,72,5118.1628
2.488571,114,5118.341206
3.046284,129,5118.676456
2.086558,423,5119.474847
2.969708,302,5119.911046
2.115338,237,5120.416365
-1.316263,768,5122.223622
2.151765,98,5122.337651
4.05875,177,5122.681781
2.605882,49,5122.748919
1.650909,68,5122.833184
1.960714,67,5122.913278
3.011667,281,5123.274876
2.183889,121,5123.412472
3.547941,117,5123.610926
1.933333,104,5123.754344
2.415789,70,5123.850616
2.87,140,5124.07392
0.914332,190,5125.018035
3.813333,322,5125.53382
3.152143,94,5125.685348
-0.104239,50,5125.745923
1.333333,84,5125.849132
3.760938,121,5126.069298
12.079541,703,5127.330998
0.265898,119,5127.543625
3.160909,369,5128.344483
1.210855,68,5128.469752
3.175938,297,5130.511787
2.096667,55,5130.592331
3.381481,91,5130.735748
2.945,174,5130.97478
-5.23461,2000,5133.436587
2.9775,197,5133.816315
3.620588,122,5134.035695
2.431579,121,5134.251275
3.932821,458,5135.188217
-0.017011,23,5135.223437
3.045217,85,5135.35717
2.95642,178,5135.646387
2.426316,66,5135.75114
2.151862,92,5135.900815
1.078683,264,5137.008686
3.101579,45,5137.077814
1.508462,159,5137.260774
2.0475,100,5137.392618
2.623531,102,5137.557996
4.184,408,5138.291706
2.708866,224,5138.741086
3.422813,139,5138.981978
4.203564,104,5139.142006
2.925833,266,5139.527804
1.695123,152,5139.772785
2.517273,142,5139.984448
3.398148,82,5140.112005
-0.138892,97,5141.06508
0.468284,36,5141.103547
3.39,264,5141.581589
2.675909,213,5141.886688
-0.168526,58,5141.955497
4.085,112,5142.208493
3.424091,51,5142.29163
3.446429,198,5142.582498
1.283333,93,5142.685662
1.705455,56,5142.764555
-0.733323,427,5143.222204
3.143329,300,5143.718675
3.536667,121,5143.912364
2.378947,84,5144.811406
-0.014426,65,5144.889539
2.75913,74,5144.995189
0.995708,66,5145.07124
3.633462,318,5145.552123
0.970266,124,5145.80368
2.226522,319,5146.247963
3.565517,310,5146.695873
1.525673,147,5146.889929
-0.135916,68,5146.981224
2.905977,210,5147.386343
3.098947,46,5147.450601
1.259498,221,5147.729642
